EventVerseID,Event ID,Reference Code
0,1,Genesis 1:1
1,1,Genesis 1:2
2,1,Genesis 1:3
3,1,Genesis 1:4
4,1,Genesis 1:5
5,1,Genesis 1:6
6,1,Genesis 1:7
7,1,Genesis 1:8
8,1,Genesis 1:9
9,1,Genesis 1:10
10,1,Genesis 1:11
11,1,Genesis 1:12
12,1,Genesis 1:13
13,1,Genesis 1:14
14,1,Genesis 1:15
15,1,Genesis 1:16
16,1,Genesis 1:17
17,1,Genesis 1:18
18,1,Genesis 1:19
19,1,Genesis 1:20
20,1,Genesis 1:21
21,1,Genesis 1:22
22,1,Genesis 1:23
23,1,Genesis 1:24
24,1,Genesis 1:25
25,1,Genesis 1:26
26,1,Genesis 1:27
27,1,Genesis 1:28
28,1,Genesis 1:29
29,1,Genesis 1:30
30,1,Genesis 1:31
31,1,Genesis 2:1
32,1,Genesis 2:2
33,1,Genesis 2:3
34,2,Genesis 1:3
35,3,Genesis 1:6
36,3,Genesis 1:7
37,3,Genesis 1:8
38,4,Genesis 1:9
39,4,Genesis 1:10
40,5,Genesis 1:11
41,5,Genesis 1:12
42,5,Genesis 1:13
43,6,Genesis 1:14
44,6,Genesis 1:15
45,6,Genesis 1:16
46,6,Genesis 1:17
47,6,Genesis 1:18
48,6,Genesis 1:19
49,7,Genesis 1:20
50,7,Genesis 1:21
51,7,Genesis 1:22
52,7,Genesis 1:23
53,7,Genesis 2:19
54,8,Genesis 1:24
55,8,Genesis 1:25
56,8,Genesis 2:19
57,9,Genesis 1:26
58,9,Genesis 1:27
59,10,Genesis 1:28
60,10,Genesis 1:29
61,10,Genesis 1:30
62,11,Genesis 2:7
63,12,Genesis 2:16
64,12,Genesis 2:17
65,13,Genesis 2:21
66,13,Genesis 2:22
67,14,Genesis 3:9
68,15,Genesis 3:11
69,15,Genesis 3:12
70,15,Genesis 3:13
71,16,Genesis 3:14
72,16,Genesis 3:15
73,17,Genesis 3:16
74,18,Genesis 3:17
75,18,Genesis 3:18
76,18,Genesis 3:19
77,19,Genesis 3:21
78,20,Genesis 3:22
79,21,Genesis 3:23
80,22,Genesis 3:24
81,23,Genesis 4:6
82,23,Genesis 4:7
83,24,Genesis 4:9
84,24,Genesis 4:10
85,25,Genesis 4:11
86,25,Genesis 4:12
87,26,Genesis 4:15
88,27,Genesis 5:24
89,28,Genesis 6:13
90,28,Genesis 6:14
91,28,Genesis 6:15
92,28,Genesis 6:16
93,28,Genesis 6:17
94,28,Genesis 6:18
95,28,Genesis 6:19
96,28,Genesis 6:20
97,28,Genesis 6:21
98,29,Genesis 7:1
99,29,Genesis 7:2
100,29,Genesis 7:3
101,29,Genesis 7:4
102,30,Genesis 7:16
103,31,Genesis 6:17
104,31,Genesis 6:18
105,31,Genesis 6:19
106,31,Genesis 6:20
107,31,Genesis 6:21
108,31,Genesis 6:22
109,31,Genesis 7:1
110,31,Genesis 7:2
111,31,Genesis 7:3
112,31,Genesis 7:4
113,31,Genesis 7:5
114,31,Genesis 7:6
115,31,Genesis 7:7
116,31,Genesis 7:8
117,31,Genesis 7:9
118,31,Genesis 7:10
119,31,Genesis 7:11
120,31,Genesis 7:12
121,31,Genesis 7:13
122,31,Genesis 7:14
123,31,Genesis 7:15
124,31,Genesis 7:16
125,31,Genesis 7:17
126,31,Genesis 7:18
127,31,Genesis 7:19
128,31,Genesis 7:20
129,31,Genesis 7:21
130,31,Genesis 7:22
131,31,Genesis 7:23
132,31,Genesis 7:24
133,31,Genesis 8:1
134,31,Genesis 8:2
135,31,Genesis 8:3
136,31,Genesis 8:4
137,31,Genesis 8:5
138,31,Genesis 8:6
139,31,Genesis 8:7
140,31,Genesis 8:8
141,31,Genesis 8:9
142,31,Genesis 8:10
143,31,Genesis 8:11
144,31,Genesis 8:12
145,31,Genesis 8:13
146,31,Genesis 8:14
147,31,Genesis 8:15
148,31,Genesis 8:16
149,31,Genesis 8:17
150,31,Genesis 8:18
151,31,Genesis 8:19
152,31,Genesis 8:20
153,31,Genesis 8:21
154,31,Genesis 8:22
155,32,Genesis 8:1
156,33,Genesis 8:15
157,33,Genesis 8:16
158,33,Genesis 8:17
159,34,Genesis 9:1
160,34,Genesis 9:2
161,34,Genesis 9:3
162,34,Genesis 9:4
163,34,Genesis 9:5
164,34,Genesis 9:6
165,34,Genesis 9:7
166,35,Genesis 9:8
167,35,Genesis 9:9
168,35,Genesis 9:10
169,35,Genesis 9:11
170,35,Genesis 9:12
171,35,Genesis 9:13
172,35,Genesis 9:14
173,35,Genesis 9:15
174,35,Genesis 9:16
175,35,Genesis 9:17
176,36,Genesis 11:1
177,36,Genesis 11:2
178,36,Genesis 11:3
179,36,Genesis 11:4
180,36,Genesis 11:5
181,36,Genesis 11:6
182,36,Genesis 11:7
183,36,Genesis 11:8
184,36,Genesis 11:9
185,37,Genesis 12:1
186,37,Genesis 12:2
187,37,Genesis 12:3
188,38,Genesis 12:7
189,39,Genesis 12:17
190,40,Genesis 13:14
191,41,Genesis 15:1
192,41,Genesis 15:2
193,41,Genesis 15:3
194,41,Genesis 15:4
195,41,Genesis 15:5
196,42,Genesis 15:9
197,42,Genesis 15:10
198,42,Genesis 15:11
199,42,Genesis 15:12
200,42,Genesis 15:13
201,42,Genesis 15:14
202,42,Genesis 15:15
203,42,Genesis 15:16
204,42,Genesis 15:17
205,42,Genesis 15:18
206,42,Genesis 15:19
207,42,Genesis 15:20
208,42,Genesis 15:21
209,43,Genesis 16:7
210,43,Genesis 16:8
211,43,Genesis 16:9
212,43,Genesis 16:10
213,43,Genesis 16:11
214,43,Genesis 16:12
215,43,Genesis 16:13
216,43,Genesis 16:14
217,44,Genesis 17:1
218,45,Genesis 17:2
219,45,Genesis 17:3
220,45,Genesis 17:4
221,45,Genesis 17:5
222,45,Genesis 17:6
223,45,Genesis 17:7
224,45,Genesis 17:8
225,45,Genesis 17:9
226,45,Genesis 17:10
227,45,Genesis 17:11
228,45,Genesis 17:12
229,45,Genesis 17:13
230,45,Genesis 17:14
231,45,Genesis 17:15
232,45,Genesis 17:16
233,46,Genesis 17:5
234,47,Genesis 17:15
235,48,Genesis 17:15
236,48,Genesis 17:16
237,48,Genesis 17:17
238,48,Genesis 17:18
239,48,Genesis 17:19
240,49,Genesis 17:19
241,50,Genesis 17:20
242,51,Genesis 17:21
243,52,Genesis 18:1
244,52,Genesis 18:2
245,53,Genesis 18:10
246,53,Genesis 18:11
247,53,Genesis 18:12
248,53,Genesis 18:13
249,53,Genesis 18:14
250,54,Genesis 18:17
251,54,Genesis 18:18
252,54,Genesis 18:19
253,54,Genesis 18:20
254,54,Genesis 18:21
255,55,Genesis 19:10
256,56,Genesis 19:11
257,57,Genesis 19:12
258,57,Genesis 19:13
259,57,Genesis 19:14
260,57,Genesis 19:15
261,57,Genesis 19:16
262,58,Genesis 19:24
263,58,Genesis 19:25
264,59,Genesis 19:26
265,60,Genesis 20:3
266,60,Genesis 20:4
267,60,Genesis 20:5
268,60,Genesis 20:6
269,60,Genesis 20:7
270,61,Genesis 20:17
271,61,Genesis 20:18
272,62,Genesis 20:17
273,63,Genesis 21:1
274,63,Genesis 21:2
275,64,Genesis 21:12
276,64,Genesis 21:13
277,65,Genesis 21:17
278,65,Genesis 21:18
279,66,Genesis 21:19
280,67,Genesis 22:1
281,67,Genesis 22:2
282,68,Genesis 22:11
283,68,Genesis 22:12
284,69,Genesis 22:13
285,70,Genesis 22:15
286,70,Genesis 22:16
287,70,Genesis 22:17
288,70,Genesis 22:18
289,71,Genesis 24:15
290,71,Genesis 24:16
291,71,Genesis 24:17
292,71,Genesis 24:18
293,71,Genesis 24:19
294,71,Genesis 24:20
295,71,Genesis 24:21
296,71,Genesis 24:22
297,71,Genesis 24:23
298,71,Genesis 24:24
299,71,Genesis 24:25
300,71,Genesis 24:26
301,71,Genesis 24:27
302,72,Genesis 25:21
303,73,Genesis 25:23
304,73,Genesis 25:24
305,74,Genesis 26:1
306,74,Genesis 26:2
307,74,Genesis 26:3
308,74,Genesis 26:4
309,74,Genesis 26:5
310,74,Genesis 26:6
311,75,Genesis 26:24
312,75,Genesis 26:25
313,76,Genesis 28:12
314,76,Genesis 28:13
315,76,Genesis 28:14
316,76,Genesis 28:15
317,77,Genesis 29:31
318,77,Genesis 29:32
319,78,Genesis 29:33
320,79,Genesis 29:34
321,80,Genesis 29:35
322,81,Genesis 29:35
323,82,Genesis 30:17
324,82,Genesis 30:18
325,83,Genesis 30:19
326,83,Genesis 30:20
327,84,Genesis 30:22
328,84,Genesis 30:23
329,84,Genesis 30:24
330,85,Genesis 31:10
331,85,Genesis 31:11
332,85,Genesis 31:12
333,86,Genesis 31:13
334,87,Genesis 31:24
335,88,Genesis 32:1
336,88,Genesis 32:2
337,89,Genesis 32:24
338,89,Genesis 32:25
339,89,Genesis 32:26
340,89,Genesis 32:27
341,89,Genesis 32:28
342,89,Genesis 32:29
343,89,Genesis 32:30
344,90,Genesis 32:28
345,90,Genesis 35:10
346,91,Genesis 35:1
347,92,Genesis 35:9
348,92,Genesis 35:10
349,92,Genesis 35:11
350,92,Genesis 35:12
351,92,Genesis 35:13
352,93,Genesis 35:10
353,93,Genesis 35:11
354,93,Genesis 35:12
355,93,Genesis 35:13
356,94,Genesis 37:5
357,94,Genesis 37:6
358,94,Genesis 37:7
359,94,Genesis 37:8
360,94,Genesis 37:9
361,94,Genesis 37:10
362,94,Genesis 37:11
363,95,Genesis 38:7
364,96,Genesis 38:10
365,97,Genesis 40:5
366,97,Genesis 40:6
367,97,Genesis 40:7
368,97,Genesis 40:8
369,97,Genesis 40:9
370,97,Genesis 40:10
371,97,Genesis 40:11
372,97,Genesis 40:16
373,97,Genesis 40:17
374,98,Genesis 40:8
375,98,Genesis 40:12
376,98,Genesis 40:13
377,98,Genesis 40:18
378,98,Genesis 40:19
379,99,Genesis 41:1
380,99,Genesis 41:2
381,99,Genesis 41:3
382,99,Genesis 41:4
383,99,Genesis 41:5
384,99,Genesis 41:6
385,99,Genesis 41:7
386,100,Genesis 41:14
387,100,Genesis 41:15
388,100,Genesis 41:16
389,100,Genesis 41:17
390,100,Genesis 41:18
391,100,Genesis 41:19
392,100,Genesis 41:20
393,100,Genesis 41:21
394,100,Genesis 41:22
395,100,Genesis 41:23
396,100,Genesis 41:24
397,100,Genesis 41:25
398,100,Genesis 41:26
399,100,Genesis 41:27
400,100,Genesis 41:28
401,100,Genesis 41:29
402,100,Genesis 41:30
403,100,Genesis 41:31
404,100,Genesis 41:32
405,101,Genesis 41:47
406,101,Genesis 41:48
407,101,Genesis 41:49
408,102,Genesis 41:53
409,102,Genesis 41:54
410,102,Genesis 41:55
411,102,Genesis 41:56
412,102,Genesis 41:57
413,103,Genesis 46:2
414,103,Genesis 46:3
415,103,Genesis 46:4
416,104,Genesis 49:1
417,104,Genesis 49:2
418,104,Genesis 49:3
419,104,Genesis 49:4
420,104,Genesis 49:5
421,104,Genesis 49:6
422,104,Genesis 49:7
423,104,Genesis 49:8
424,104,Genesis 49:9
425,104,Genesis 49:10
426,104,Genesis 49:11
427,104,Genesis 49:12
428,104,Genesis 49:13
429,104,Genesis 49:14
430,104,Genesis 49:15
431,104,Genesis 49:16
432,104,Genesis 49:17
433,104,Genesis 49:18
434,104,Genesis 49:19
435,104,Genesis 49:20
436,104,Genesis 49:21
437,104,Genesis 49:22
438,104,Genesis 49:23
439,104,Genesis 49:24
440,104,Genesis 49:25
441,104,Genesis 49:26
442,104,Genesis 49:27
443,105,Exodus 1:20
444,105,Exodus 1:21
445,106,Exodus 2:24
446,106,Exodus 2:25
447,107,Exodus 3:2
448,107,Exodus 3:3
449,108,Exodus 3:4
450,108,Exodus 3:5
451,108,Exodus 3:6
452,108,Exodus 3:7
453,108,Exodus 3:8
454,108,Exodus 3:9
455,108,Exodus 3:10
456,108,Exodus 3:11
457,108,Exodus 3:12
458,108,Exodus 3:13
459,108,Exodus 3:14
460,108,Exodus 3:15
461,108,Exodus 3:16
462,108,Exodus 3:17
463,108,Exodus 3:18
464,108,Exodus 3:19
465,108,Exodus 3:20
466,108,Exodus 3:21
467,108,Exodus 3:22
468,108,Exodus 4:1
469,108,Exodus 4:2
470,108,Exodus 4:3
471,108,Exodus 4:4
472,108,Exodus 4:5
473,108,Exodus 4:6
474,108,Exodus 4:7
475,108,Exodus 4:8
476,108,Exodus 4:9
477,108,Exodus 4:10
478,108,Exodus 4:11
479,108,Exodus 4:12
480,108,Exodus 4:13
481,108,Exodus 4:14
482,108,Exodus 4:15
483,108,Exodus 4:16
484,108,Exodus 4:17
485,109,Exodus 4:2
486,109,Exodus 4:3
487,110,Exodus 4:4
488,111,Exodus 4:6
489,112,Exodus 4:7
490,113,Exodus 4:9
491,114,Exodus 4:12
492,114,Exodus 4:13
493,114,Exodus 4:14
494,114,Exodus 4:15
495,115,Exodus 4:14
496,115,Exodus 4:15
497,115,Exodus 4:16
498,116,Exodus 4:19
499,117,Exodus 4:24
500,117,Exodus 4:25
501,117,Exodus 4:26
502,118,Exodus 4:27
503,119,Exodus 4:28
504,120,Exodus 4:29
505,120,Exodus 4:30
506,121,Exodus 4:21
507,121,Exodus 7:3
508,121,Exodus 7:13
509,121,Exodus 8:15
510,121,Exodus 8:19
511,121,Exodus 8:32
512,121,Exodus 9:7
513,121,Exodus 9:12
514,121,Exodus 9:34
515,121,Exodus 9:35
516,121,Exodus 10:1
517,121,Exodus 10:20
518,121,Exodus 10:27
519,121,Exodus 11:10
520,121,Exodus 14:4
521,121,Exodus 14:8
522,122,Exodus 6:1
523,122,Exodus 6:2
524,122,Exodus 6:3
525,122,Exodus 6:4
526,122,Exodus 6:5
527,122,Exodus 6:6
528,122,Exodus 6:7
529,122,Exodus 6:8
530,123,Exodus 6:10
531,123,Exodus 6:11
532,123,Exodus 6:12
533,123,Exodus 6:13
534,124,Exodus 7:1
535,124,Exodus 7:2
536,124,Exodus 7:3
537,124,Exodus 7:4
538,124,Exodus 7:5
539,125,Exodus 7:8
540,125,Exodus 7:9
541,126,Exodus 7:10
542,126,Exodus 7:11
543,126,Exodus 7:12
544,127,Exodus 7:14
545,127,Exodus 7:15
546,127,Exodus 7:16
547,127,Exodus 7:17
548,127,Exodus 7:18
549,128,Exodus 7:19
550,129,Exodus 7:20
551,129,Exodus 7:21
552,129,Exodus 7:22
553,129,Exodus 7:23
554,129,Exodus 7:24
555,129,Exodus 7:25
556,130,Exodus 8:1
557,130,Exodus 8:2
558,130,Exodus 8:3
559,130,Exodus 8:4
560,131,Exodus 8:5
561,132,Exodus 8:6
562,132,Exodus 8:7
563,133,Exodus 8:8
564,133,Exodus 8:9
565,133,Exodus 8:10
566,133,Exodus 8:11
567,133,Exodus 8:12
568,133,Exodus 8:13
569,134,Exodus 8:16
570,135,Exodus 8:17
571,135,Exodus 8:18
572,136,Exodus 8:20
573,136,Exodus 8:21
574,136,Exodus 8:22
575,136,Exodus 8:23
576,137,Exodus 8:24
577,138,Exodus 8:29
578,138,Exodus 8:30
579,138,Exodus 8:31
580,139,Exodus 9:1
581,139,Exodus 9:2
582,139,Exodus 9:3
583,139,Exodus 9:4
584,139,Exodus 9:5
585,140,Exodus 9:6
586,141,Exodus 9:8
587,141,Exodus 9:9
588,142,Exodus 9:10
589,142,Exodus 9:11
590,143,Exodus 9:13
591,143,Exodus 9:14
592,143,Exodus 9:15
593,143,Exodus 9:16
594,143,Exodus 9:17
595,143,Exodus 9:18
596,143,Exodus 9:19
597,144,Exodus 9:22
598,145,Exodus 9:23
599,145,Exodus 9:24
600,145,Exodus 9:25
601,145,Exodus 9:26
602,146,Exodus 9:29
603,146,Exodus 9:30
604,146,Exodus 9:31
605,146,Exodus 9:32
606,146,Exodus 9:33
607,147,Exodus 10:1
608,147,Exodus 10:2
609,147,Exodus 10:3
610,147,Exodus 10:4
611,147,Exodus 10:5
612,147,Exodus 10:6
613,147,Exodus 10:7
614,147,Exodus 10:8
615,147,Exodus 10:9
616,147,Exodus 10:10
617,147,Exodus 10:11
618,148,Exodus 10:12
619,149,Exodus 10:13
620,149,Exodus 10:14
621,149,Exodus 10:15
622,150,Exodus 10:18
623,150,Exodus 10:19
624,151,Exodus 10:21
625,152,Exodus 10:22
626,152,Exodus 10:23
627,153,Exodus 11:1
628,153,Exodus 11:2
629,153,Exodus 11:3
630,153,Exodus 11:4
631,153,Exodus 11:5
632,153,Exodus 11:6
633,153,Exodus 11:7
634,154,Exodus 12:1
635,154,Exodus 12:2
636,154,Exodus 12:3
637,154,Exodus 12:4
638,154,Exodus 12:5
639,154,Exodus 12:6
640,154,Exodus 12:7
641,154,Exodus 12:8
642,154,Exodus 12:9
643,154,Exodus 12:10
644,154,Exodus 12:11
645,154,Exodus 12:12
646,154,Exodus 12:13
647,154,Exodus 12:14
648,154,Exodus 12:15
649,154,Exodus 12:16
650,154,Exodus 12:17
651,154,Exodus 12:18
652,154,Exodus 12:19
653,154,Exodus 12:20
654,154,Exodus 12:21
655,154,Exodus 12:22
656,154,Exodus 12:23
657,154,Exodus 12:24
658,154,Exodus 12:25
659,154,Exodus 12:26
660,154,Exodus 12:27
661,154,Exodus 12:43
662,154,Exodus 12:44
663,154,Exodus 12:45
664,154,Exodus 12:46
665,154,Exodus 12:47
666,154,Exodus 12:48
667,154,Exodus 12:49
668,155,Exodus 12:29
669,155,Exodus 12:30
670,156,Exodus 12:35
671,156,Exodus 12:36
672,157,Exodus 12:51
673,158,Exodus 13:1
674,158,Exodus 13:2
675,159,Exodus 13:17
676,159,Exodus 13:18
677,160,Exodus 13:21
678,160,Exodus 13:22
679,161,Exodus 14:1
680,161,Exodus 14:2
681,161,Exodus 14:3
682,161,Exodus 14:4
683,162,Exodus 14:15
684,162,Exodus 14:16
685,162,Exodus 14:17
686,162,Exodus 14:18
687,163,Exodus 14:19
688,163,Exodus 14:20
689,164,Exodus 14:21
690,164,Exodus 14:22
691,165,Exodus 14:24
692,165,Exodus 14:25
693,166,Exodus 14:26
694,167,Exodus 14:28
695,168,Exodus 15:23
696,168,Exodus 15:24
697,168,Exodus 15:25
698,169,Exodus 15:25
699,169,Exodus 15:26
700,170,Exodus 16:4
701,170,Exodus 16:5
702,171,Exodus 16:10
703,172,Exodus 16:11
704,172,Exodus 16:12
705,173,Exodus 16:13
706,173,Exodus 16:14
707,174,Exodus 16:23
708,174,Exodus 16:24
709,174,Exodus 16:25
710,174,Exodus 16:26
711,174,Exodus 16:27
712,174,Exodus 16:28
713,174,Exodus 16:29
714,174,Exodus 16:30
715,175,Exodus 16:32
716,175,Exodus 16:33
717,175,Exodus 16:34
718,176,Exodus 17:5
719,176,Exodus 17:6
720,177,Exodus 17:6
721,178,Exodus 17:8
722,178,Exodus 17:9
723,178,Exodus 17:10
724,178,Exodus 17:11
725,178,Exodus 17:12
726,178,Exodus 17:13
727,179,Exodus 17:14
728,180,Exodus 19:3
729,180,Exodus 19:4
730,180,Exodus 19:5
731,180,Exodus 19:6
732,181,Exodus 19:9
733,181,Exodus 19:10
734,181,Exodus 19:11
735,181,Exodus 19:12
736,181,Exodus 19:13
737,182,Exodus 19:16
738,182,Exodus 19:17
739,182,Exodus 19:18
740,182,Exodus 19:19
741,182,Exodus 19:20
742,182,Exodus 19:21
743,182,Exodus 19:22
744,182,Exodus 19:23
745,182,Exodus 19:24
746,182,Exodus 19:25
747,183,Exodus 20:1
748,183,Exodus 20:2
749,183,Exodus 20:3
750,183,Exodus 20:4
751,183,Exodus 20:5
752,183,Exodus 20:6
753,183,Exodus 20:7
754,183,Exodus 20:8
755,183,Exodus 20:9
756,183,Exodus 20:10
757,183,Exodus 20:11
758,183,Exodus 20:12
759,183,Exodus 20:13
760,183,Exodus 20:14
761,183,Exodus 20:15
762,183,Exodus 20:16
763,183,Exodus 20:17
764,184,Exodus 20:22
765,184,Exodus 20:23
766,184,Exodus 20:24
767,184,Exodus 20:25
768,184,Exodus 20:26
769,185,Exodus 21:1
770,185,Exodus 21:2
771,185,Exodus 21:3
772,185,Exodus 21:4
773,185,Exodus 21:5
774,185,Exodus 21:6
775,185,Exodus 21:7
776,185,Exodus 21:8
777,185,Exodus 21:9
778,185,Exodus 21:10
779,185,Exodus 21:11
780,185,Exodus 21:12
781,185,Exodus 21:13
782,185,Exodus 21:14
783,185,Exodus 21:15
784,185,Exodus 21:16
785,185,Exodus 21:17
786,185,Exodus 21:18
787,185,Exodus 21:19
788,185,Exodus 21:20
789,185,Exodus 21:21
790,185,Exodus 21:22
791,185,Exodus 21:23
792,185,Exodus 21:24
793,185,Exodus 21:25
794,185,Exodus 21:26
795,185,Exodus 21:27
796,185,Exodus 21:28
797,185,Exodus 21:29
798,185,Exodus 21:30
799,185,Exodus 21:31
800,185,Exodus 21:32
801,185,Exodus 21:33
802,185,Exodus 21:34
803,185,Exodus 21:35
804,185,Exodus 21:36
805,185,Exodus 22:1
806,185,Exodus 22:2
807,185,Exodus 22:3
808,185,Exodus 22:4
809,185,Exodus 22:5
810,185,Exodus 22:6
811,185,Exodus 22:7
812,185,Exodus 22:8
813,185,Exodus 22:9
814,185,Exodus 22:10
815,185,Exodus 22:11
816,185,Exodus 22:12
817,185,Exodus 22:13
818,185,Exodus 22:14
819,185,Exodus 22:15
820,185,Exodus 22:16
821,185,Exodus 22:17
822,185,Exodus 22:18
823,185,Exodus 22:19
824,185,Exodus 22:20
825,185,Exodus 22:21
826,185,Exodus 22:22
827,185,Exodus 22:23
828,185,Exodus 22:24
829,185,Exodus 22:25
830,185,Exodus 22:26
831,185,Exodus 22:27
832,185,Exodus 22:28
833,185,Exodus 22:29
834,185,Exodus 22:30
835,185,Exodus 22:31
836,185,Exodus 23:1
837,185,Exodus 23:2
838,185,Exodus 23:3
839,185,Exodus 23:4
840,185,Exodus 23:5
841,185,Exodus 23:6
842,185,Exodus 23:7
843,185,Exodus 23:8
844,185,Exodus 23:9
845,185,Exodus 23:10
846,185,Exodus 23:11
847,185,Exodus 23:12
848,185,Exodus 23:13
849,185,Exodus 23:14
850,185,Exodus 23:15
851,185,Exodus 23:16
852,185,Exodus 23:17
853,185,Exodus 23:18
854,185,Exodus 23:19
855,186,Exodus 23:20
856,186,Exodus 23:21
857,186,Exodus 23:22
858,186,Exodus 23:23
859,186,Exodus 23:24
860,186,Exodus 23:25
861,186,Exodus 23:26
862,186,Exodus 23:27
863,186,Exodus 23:28
864,186,Exodus 23:29
865,186,Exodus 23:30
866,186,Exodus 23:31
867,186,Exodus 23:32
868,186,Exodus 23:33
869,187,Exodus 24:9
870,187,Exodus 24:10
871,187,Exodus 24:11
872,188,Exodus 24:12
873,188,Exodus 24:13
874,188,Exodus 24:14
875,188,Exodus 24:15
876,188,Exodus 24:16
877,188,Exodus 24:17
878,188,Exodus 24:18
879,189,Exodus 25:1
880,189,Exodus 25:2
881,189,Exodus 25:3
882,189,Exodus 25:4
883,189,Exodus 25:5
884,189,Exodus 25:6
885,189,Exodus 25:7
886,189,Exodus 25:8
887,189,Exodus 25:9
888,189,Exodus 25:10
889,189,Exodus 25:11
890,189,Exodus 25:12
891,189,Exodus 25:13
892,189,Exodus 25:14
893,189,Exodus 25:15
894,189,Exodus 25:16
895,189,Exodus 25:17
896,189,Exodus 25:18
897,189,Exodus 25:19
898,189,Exodus 25:20
899,189,Exodus 25:21
900,189,Exodus 25:22
901,189,Exodus 25:23
902,189,Exodus 25:24
903,189,Exodus 25:25
904,189,Exodus 25:26
905,189,Exodus 25:27
906,189,Exodus 25:28
907,189,Exodus 25:29
908,189,Exodus 25:30
909,189,Exodus 25:31
910,189,Exodus 25:32
911,189,Exodus 25:33
912,189,Exodus 25:34
913,189,Exodus 25:35
914,189,Exodus 25:36
915,189,Exodus 25:37
916,189,Exodus 25:38
917,189,Exodus 25:39
918,189,Exodus 25:40
919,189,Exodus 26:1
920,189,Exodus 26:2
921,189,Exodus 26:3
922,189,Exodus 26:4
923,189,Exodus 26:5
924,189,Exodus 26:6
925,189,Exodus 26:7
926,189,Exodus 26:8
927,189,Exodus 26:9
928,189,Exodus 26:10
929,189,Exodus 26:11
930,189,Exodus 26:12
931,189,Exodus 26:13
932,189,Exodus 26:14
933,189,Exodus 26:15
934,189,Exodus 26:16
935,189,Exodus 26:17
936,189,Exodus 26:18
937,189,Exodus 26:19
938,189,Exodus 26:20
939,189,Exodus 26:21
940,189,Exodus 26:22
941,189,Exodus 26:23
942,189,Exodus 26:24
943,189,Exodus 26:25
944,189,Exodus 26:26
945,189,Exodus 26:27
946,189,Exodus 26:28
947,189,Exodus 26:29
948,189,Exodus 26:30
949,189,Exodus 26:31
950,189,Exodus 26:32
951,189,Exodus 26:33
952,189,Exodus 26:34
953,189,Exodus 26:35
954,189,Exodus 26:36
955,189,Exodus 26:37
956,189,Exodus 27:1
957,189,Exodus 27:2
958,189,Exodus 27:3
959,189,Exodus 27:4
960,189,Exodus 27:5
961,189,Exodus 27:6
962,189,Exodus 27:7
963,189,Exodus 27:8
964,189,Exodus 27:9
965,189,Exodus 27:10
966,189,Exodus 27:11
967,189,Exodus 27:12
968,189,Exodus 27:13
969,189,Exodus 27:14
970,189,Exodus 27:15
971,189,Exodus 27:16
972,189,Exodus 27:17
973,189,Exodus 27:18
974,189,Exodus 27:19
975,189,Exodus 27:20
976,189,Exodus 27:21
977,189,Exodus 28:1
978,189,Exodus 28:2
979,189,Exodus 28:3
980,189,Exodus 28:4
981,189,Exodus 28:5
982,189,Exodus 28:6
983,189,Exodus 28:7
984,189,Exodus 28:8
985,189,Exodus 28:9
986,189,Exodus 28:10
987,189,Exodus 28:11
988,189,Exodus 28:12
989,189,Exodus 28:13
990,189,Exodus 28:14
991,189,Exodus 28:15
992,189,Exodus 28:16
993,189,Exodus 28:17
994,189,Exodus 28:18
995,189,Exodus 28:19
996,189,Exodus 28:20
997,189,Exodus 28:21
998,189,Exodus 28:22
999,189,Exodus 28:23
1000,189,Exodus 28:24
1001,189,Exodus 28:25
1002,189,Exodus 28:26
1003,189,Exodus 28:27
1004,189,Exodus 28:28
1005,189,Exodus 28:29
1006,189,Exodus 28:30
1007,189,Exodus 28:31
1008,189,Exodus 28:32
1009,189,Exodus 28:33
1010,189,Exodus 28:34
1011,189,Exodus 28:35
1012,189,Exodus 28:36
1013,189,Exodus 28:37
1014,189,Exodus 28:38
1015,189,Exodus 28:39
1016,189,Exodus 28:40
1017,189,Exodus 28:41
1018,189,Exodus 28:42
1019,189,Exodus 28:43
1020,189,Exodus 29:1
1021,189,Exodus 29:2
1022,189,Exodus 29:3
1023,189,Exodus 29:4
1024,189,Exodus 29:5
1025,189,Exodus 29:6
1026,189,Exodus 29:7
1027,189,Exodus 29:8
1028,189,Exodus 29:9
1029,189,Exodus 29:10
1030,189,Exodus 29:11
1031,189,Exodus 29:12
1032,189,Exodus 29:13
1033,189,Exodus 29:14
1034,189,Exodus 29:15
1035,189,Exodus 29:16
1036,189,Exodus 29:17
1037,189,Exodus 29:18
1038,189,Exodus 29:19
1039,189,Exodus 29:20
1040,189,Exodus 29:21
1041,189,Exodus 29:22
1042,189,Exodus 29:23
1043,189,Exodus 29:24
1044,189,Exodus 29:25
1045,189,Exodus 29:26
1046,189,Exodus 29:27
1047,189,Exodus 29:28
1048,189,Exodus 29:29
1049,189,Exodus 29:30
1050,189,Exodus 29:31
1051,189,Exodus 29:32
1052,189,Exodus 29:33
1053,189,Exodus 29:34
1054,189,Exodus 29:35
1055,189,Exodus 29:36
1056,189,Exodus 29:37
1057,189,Exodus 29:38
1058,189,Exodus 29:39
1059,189,Exodus 29:40
1060,189,Exodus 29:41
1061,189,Exodus 29:42
1062,189,Exodus 29:43
1063,189,Exodus 29:44
1064,189,Exodus 29:45
1065,189,Exodus 29:46
1066,189,Exodus 30:1
1067,189,Exodus 30:2
1068,189,Exodus 30:3
1069,189,Exodus 30:4
1070,189,Exodus 30:5
1071,189,Exodus 30:6
1072,189,Exodus 30:7
1073,189,Exodus 30:8
1074,189,Exodus 30:9
1075,189,Exodus 30:10
1076,189,Exodus 30:11
1077,189,Exodus 30:12
1078,189,Exodus 30:13
1079,189,Exodus 30:14
1080,189,Exodus 30:15
1081,189,Exodus 30:16
1082,189,Exodus 30:17
1083,189,Exodus 30:18
1084,189,Exodus 30:19
1085,189,Exodus 30:20
1086,189,Exodus 30:21
1087,189,Exodus 30:22
1088,189,Exodus 30:23
1089,189,Exodus 30:24
1090,189,Exodus 30:25
1091,189,Exodus 30:26
1092,189,Exodus 30:27
1093,189,Exodus 30:28
1094,189,Exodus 30:29
1095,189,Exodus 30:30
1096,189,Exodus 30:31
1097,189,Exodus 30:32
1098,189,Exodus 30:33
1099,189,Exodus 30:34
1100,189,Exodus 30:35
1101,189,Exodus 30:36
1102,189,Exodus 30:37
1103,189,Exodus 30:38
1104,189,Exodus 31:1
1105,189,Exodus 31:2
1106,189,Exodus 31:3
1107,189,Exodus 31:4
1108,189,Exodus 31:5
1109,189,Exodus 31:6
1110,189,Exodus 31:7
1111,189,Exodus 31:8
1112,189,Exodus 31:9
1113,189,Exodus 31:10
1114,189,Exodus 31:11
1115,189,Exodus 31:12
1116,189,Exodus 31:13
1117,189,Exodus 31:14
1118,189,Exodus 31:15
1119,189,Exodus 31:16
1120,189,Exodus 31:17
1121,189,Exodus 31:18
1122,190,Exodus 31:18
1123,190,Exodus 32:15
1124,190,Exodus 32:16
1125,191,Exodus 32:7
1126,191,Exodus 32:8
1127,191,Exodus 32:9
1128,191,Exodus 32:10
1129,192,Exodus 32:11
1130,192,Exodus 32:12
1131,192,Exodus 32:13
1132,192,Exodus 32:14
1133,193,Exodus 32:33
1134,193,Exodus 32:34
1135,194,Exodus 32:35
1136,195,Exodus 33:1
1137,195,Exodus 33:2
1138,195,Exodus 33:3
1139,195,Exodus 33:4
1140,195,Exodus 33:5
1141,195,Exodus 33:6
1142,196,Exodus 33:9
1143,196,Exodus 33:10
1144,196,Exodus 33:11
1145,197,Exodus 33:12
1146,197,Exodus 33:13
1147,197,Exodus 33:14
1148,197,Exodus 33:15
1149,197,Exodus 33:16
1150,197,Exodus 33:17
1151,197,Exodus 33:18
1152,197,Exodus 33:19
1153,197,Exodus 33:20
1154,197,Exodus 33:21
1155,197,Exodus 33:22
1156,197,Exodus 33:23
1157,198,Exodus 34:1
1158,198,Exodus 34:2
1159,198,Exodus 34:3
1160,198,Exodus 34:4
1161,199,Exodus 33:21
1162,199,Exodus 33:22
1163,199,Exodus 33:23
1164,199,Exodus 34:1
1165,199,Exodus 34:2
1166,199,Exodus 34:3
1167,199,Exodus 34:4
1168,199,Exodus 34:5
1169,200,Exodus 34:5
1170,200,Exodus 34:6
1171,200,Exodus 34:7
1172,201,Exodus 34:10
1173,201,Exodus 34:11
1174,201,Exodus 34:12
1175,201,Exodus 34:13
1176,201,Exodus 34:14
1177,201,Exodus 34:15
1178,201,Exodus 34:16
1179,201,Exodus 34:17
1180,201,Exodus 34:18
1181,201,Exodus 34:19
1182,201,Exodus 34:20
1183,201,Exodus 34:21
1184,201,Exodus 34:22
1185,201,Exodus 34:23
1186,201,Exodus 34:24
1187,201,Exodus 34:25
1188,201,Exodus 34:26
1189,201,Exodus 34:27
1190,201,Exodus 34:28
1191,202,Exodus 34:29
1192,202,Exodus 34:30
1193,202,Exodus 34:31
1194,202,Exodus 34:32
1195,202,Exodus 34:33
1196,202,Exodus 34:34
1197,202,Exodus 34:35
1198,203,Exodus 35:30
1199,203,Exodus 35:31
1200,203,Exodus 35:32
1201,203,Exodus 35:33
1202,203,Exodus 35:34
1203,203,Exodus 35:35
1204,204,Exodus 40:1
1205,204,Exodus 40:2
1206,204,Exodus 40:3
1207,204,Exodus 40:4
1208,204,Exodus 40:5
1209,204,Exodus 40:6
1210,204,Exodus 40:7
1211,204,Exodus 40:8
1212,204,Exodus 40:9
1213,204,Exodus 40:10
1214,204,Exodus 40:11
1215,204,Exodus 40:12
1216,204,Exodus 40:13
1217,204,Exodus 40:14
1218,204,Exodus 40:15
1219,205,Exodus 40:34
1220,205,Exodus 40:35
1221,205,Exodus 40:36
1222,205,Exodus 40:37
1223,205,Exodus 40:38
1224,206,Exodus 40:36
1225,206,Exodus 40:37
1226,206,Exodus 40:38
1227,207,Leviticus 1:1
1228,207,Leviticus 1:2
1229,207,Leviticus 1:3
1230,207,Leviticus 1:4
1231,207,Leviticus 1:5
1232,207,Leviticus 1:6
1233,207,Leviticus 1:7
1234,207,Leviticus 1:8
1235,207,Leviticus 1:9
1236,207,Leviticus 1:10
1237,207,Leviticus 1:11
1238,207,Leviticus 1:12
1239,207,Leviticus 1:13
1240,207,Leviticus 1:14
1241,207,Leviticus 1:15
1242,207,Leviticus 1:16
1243,207,Leviticus 1:17
1244,208,Leviticus 2:1
1245,208,Leviticus 2:2
1246,208,Leviticus 2:3
1247,208,Leviticus 2:4
1248,208,Leviticus 2:5
1249,208,Leviticus 2:6
1250,208,Leviticus 2:7
1251,208,Leviticus 2:8
1252,208,Leviticus 2:9
1253,208,Leviticus 2:10
1254,208,Leviticus 2:11
1255,208,Leviticus 2:12
1256,208,Leviticus 2:13
1257,208,Leviticus 2:14
1258,208,Leviticus 2:15
1259,208,Leviticus 2:16
1260,209,Leviticus 3:1
1261,209,Leviticus 3:2
1262,209,Leviticus 3:3
1263,209,Leviticus 3:4
1264,209,Leviticus 3:5
1265,209,Leviticus 3:6
1266,209,Leviticus 3:7
1267,209,Leviticus 3:8
1268,209,Leviticus 3:9
1269,209,Leviticus 3:10
1270,209,Leviticus 3:11
1271,209,Leviticus 3:12
1272,209,Leviticus 3:13
1273,209,Leviticus 3:14
1274,209,Leviticus 3:15
1275,209,Leviticus 3:16
1276,209,Leviticus 3:17
1277,210,Leviticus 4:1
1278,210,Leviticus 4:2
1279,210,Leviticus 4:3
1280,210,Leviticus 4:4
1281,210,Leviticus 4:5
1282,210,Leviticus 4:6
1283,210,Leviticus 4:7
1284,210,Leviticus 4:8
1285,210,Leviticus 4:9
1286,210,Leviticus 4:10
1287,210,Leviticus 4:11
1288,210,Leviticus 4:12
1289,210,Leviticus 4:13
1290,210,Leviticus 4:14
1291,210,Leviticus 4:15
1292,210,Leviticus 4:16
1293,210,Leviticus 4:17
1294,210,Leviticus 4:18
1295,210,Leviticus 4:19
1296,210,Leviticus 4:20
1297,210,Leviticus 4:21
1298,210,Leviticus 4:22
1299,210,Leviticus 4:23
1300,210,Leviticus 4:24
1301,210,Leviticus 4:25
1302,210,Leviticus 4:26
1303,210,Leviticus 4:27
1304,210,Leviticus 4:28
1305,210,Leviticus 4:29
1306,210,Leviticus 4:30
1307,210,Leviticus 4:31
1308,210,Leviticus 4:32
1309,210,Leviticus 4:33
1310,210,Leviticus 4:34
1311,210,Leviticus 4:35
1312,210,Leviticus 5:1
1313,210,Leviticus 5:2
1314,210,Leviticus 5:3
1315,210,Leviticus 5:4
1316,210,Leviticus 5:5
1317,210,Leviticus 5:6
1318,210,Leviticus 5:7
1319,210,Leviticus 5:8
1320,210,Leviticus 5:9
1321,210,Leviticus 5:10
1322,210,Leviticus 5:11
1323,210,Leviticus 5:12
1324,210,Leviticus 5:13
1325,211,Leviticus 5:14
1326,211,Leviticus 5:15
1327,211,Leviticus 5:16
1328,211,Leviticus 5:17
1329,211,Leviticus 5:18
1330,211,Leviticus 5:19
1331,211,Leviticus 6:1
1332,211,Leviticus 6:2
1333,211,Leviticus 6:3
1334,211,Leviticus 6:4
1335,211,Leviticus 6:5
1336,211,Leviticus 6:6
1337,211,Leviticus 6:7
1338,212,Leviticus 6:8
1339,212,Leviticus 6:9
1340,212,Leviticus 6:10
1341,212,Leviticus 6:11
1342,212,Leviticus 6:12
1343,212,Leviticus 6:13
1344,212,Leviticus 6:14
1345,212,Leviticus 6:15
1346,212,Leviticus 6:16
1347,212,Leviticus 6:17
1348,212,Leviticus 6:18
1349,212,Leviticus 6:19
1350,212,Leviticus 6:20
1351,212,Leviticus 6:21
1352,212,Leviticus 6:22
1353,212,Leviticus 6:23
1354,212,Leviticus 6:24
1355,212,Leviticus 6:25
1356,212,Leviticus 6:26
1357,212,Leviticus 6:27
1358,212,Leviticus 6:28
1359,212,Leviticus 6:29
1360,212,Leviticus 6:30
1361,212,Leviticus 7:1
1362,212,Leviticus 7:2
1363,212,Leviticus 7:3
1364,212,Leviticus 7:4
1365,212,Leviticus 7:5
1366,212,Leviticus 7:6
1367,212,Leviticus 7:7
1368,212,Leviticus 7:8
1369,212,Leviticus 7:9
1370,212,Leviticus 7:10
1371,212,Leviticus 7:11
1372,212,Leviticus 7:12
1373,212,Leviticus 7:13
1374,212,Leviticus 7:14
1375,212,Leviticus 7:15
1376,212,Leviticus 7:16
1377,212,Leviticus 7:17
1378,212,Leviticus 7:18
1379,212,Leviticus 7:19
1380,212,Leviticus 7:20
1381,212,Leviticus 7:21
1382,212,Leviticus 7:22
1383,212,Leviticus 7:23
1384,212,Leviticus 7:24
1385,212,Leviticus 7:25
1386,212,Leviticus 7:26
1387,212,Leviticus 7:27
1388,212,Leviticus 7:28
1389,212,Leviticus 7:29
1390,212,Leviticus 7:30
1391,212,Leviticus 7:31
1392,212,Leviticus 7:32
1393,212,Leviticus 7:33
1394,212,Leviticus 7:34
1395,212,Leviticus 7:35
1396,212,Leviticus 7:36
1397,212,Leviticus 7:37
1398,212,Leviticus 7:38
1399,213,Leviticus 8:1
1400,213,Leviticus 8:2
1401,213,Leviticus 8:3
1402,213,Leviticus 8:4
1403,213,Leviticus 8:5
1404,214,Leviticus 9:24
1405,215,Leviticus 10:1
1406,215,Leviticus 10:2
1407,216,Leviticus 10:3
1408,217,Leviticus 10:8
1409,217,Leviticus 10:9
1410,217,Leviticus 10:10
1411,217,Leviticus 10:11
1412,218,Leviticus 11:1
1413,218,Leviticus 11:2
1414,218,Leviticus 11:3
1415,218,Leviticus 11:4
1416,218,Leviticus 11:5
1417,218,Leviticus 11:6
1418,218,Leviticus 11:7
1419,218,Leviticus 11:8
1420,218,Leviticus 11:9
1421,218,Leviticus 11:10
1422,218,Leviticus 11:11
1423,218,Leviticus 11:12
1424,218,Leviticus 11:13
1425,218,Leviticus 11:14
1426,218,Leviticus 11:15
1427,218,Leviticus 11:16
1428,218,Leviticus 11:17
1429,218,Leviticus 11:18
1430,218,Leviticus 11:19
1431,218,Leviticus 11:20
1432,218,Leviticus 11:21
1433,218,Leviticus 11:22
1434,218,Leviticus 11:23
1435,218,Leviticus 11:24
1436,218,Leviticus 11:25
1437,218,Leviticus 11:26
1438,218,Leviticus 11:27
1439,218,Leviticus 11:28
1440,218,Leviticus 11:29
1441,218,Leviticus 11:30
1442,218,Leviticus 11:31
1443,218,Leviticus 11:32
1444,218,Leviticus 11:33
1445,218,Leviticus 11:34
1446,218,Leviticus 11:35
1447,218,Leviticus 11:36
1448,218,Leviticus 11:37
1449,218,Leviticus 11:38
1450,218,Leviticus 11:39
1451,218,Leviticus 11:40
1452,218,Leviticus 11:41
1453,218,Leviticus 11:42
1454,218,Leviticus 11:43
1455,218,Leviticus 11:44
1456,218,Leviticus 11:45
1457,218,Leviticus 11:46
1458,218,Leviticus 11:47
1459,219,Leviticus 12:1
1460,219,Leviticus 12:2
1461,219,Leviticus 12:3
1462,219,Leviticus 12:4
1463,219,Leviticus 12:5
1464,219,Leviticus 12:6
1465,219,Leviticus 12:7
1466,219,Leviticus 12:8
1467,220,Leviticus 13:1
1468,220,Leviticus 13:2
1469,220,Leviticus 13:3
1470,220,Leviticus 13:4
1471,220,Leviticus 13:5
1472,220,Leviticus 13:6
1473,220,Leviticus 13:7
1474,220,Leviticus 13:8
1475,220,Leviticus 13:9
1476,220,Leviticus 13:10
1477,220,Leviticus 13:11
1478,220,Leviticus 13:12
1479,220,Leviticus 13:13
1480,220,Leviticus 13:14
1481,220,Leviticus 13:15
1482,220,Leviticus 13:16
1483,220,Leviticus 13:17
1484,220,Leviticus 13:18
1485,220,Leviticus 13:19
1486,220,Leviticus 13:20
1487,220,Leviticus 13:21
1488,220,Leviticus 13:22
1489,220,Leviticus 13:23
1490,220,Leviticus 13:24
1491,220,Leviticus 13:25
1492,220,Leviticus 13:26
1493,220,Leviticus 13:27
1494,220,Leviticus 13:28
1495,220,Leviticus 13:29
1496,220,Leviticus 13:30
1497,220,Leviticus 13:31
1498,220,Leviticus 13:32
1499,220,Leviticus 13:33
1500,220,Leviticus 13:34
1501,220,Leviticus 13:35
1502,220,Leviticus 13:36
1503,220,Leviticus 13:37
1504,220,Leviticus 13:38
1505,220,Leviticus 13:39
1506,220,Leviticus 13:40
1507,220,Leviticus 13:41
1508,220,Leviticus 13:42
1509,220,Leviticus 13:43
1510,220,Leviticus 13:44
1511,220,Leviticus 13:45
1512,220,Leviticus 13:46
1513,220,Leviticus 13:47
1514,220,Leviticus 13:48
1515,220,Leviticus 13:49
1516,220,Leviticus 13:50
1517,220,Leviticus 13:51
1518,220,Leviticus 13:52
1519,220,Leviticus 13:53
1520,220,Leviticus 13:54
1521,220,Leviticus 13:55
1522,220,Leviticus 13:56
1523,220,Leviticus 13:57
1524,220,Leviticus 13:58
1525,220,Leviticus 13:59
1526,221,Leviticus 14:1
1527,221,Leviticus 14:2
1528,221,Leviticus 14:3
1529,221,Leviticus 14:4
1530,221,Leviticus 14:5
1531,221,Leviticus 14:6
1532,221,Leviticus 14:7
1533,221,Leviticus 14:8
1534,221,Leviticus 14:9
1535,221,Leviticus 14:10
1536,221,Leviticus 14:11
1537,221,Leviticus 14:12
1538,221,Leviticus 14:13
1539,221,Leviticus 14:14
1540,221,Leviticus 14:15
1541,221,Leviticus 14:16
1542,221,Leviticus 14:17
1543,221,Leviticus 14:18
1544,221,Leviticus 14:19
1545,221,Leviticus 14:20
1546,221,Leviticus 14:21
1547,221,Leviticus 14:22
1548,221,Leviticus 14:23
1549,221,Leviticus 14:24
1550,221,Leviticus 14:25
1551,221,Leviticus 14:26
1552,221,Leviticus 14:27
1553,221,Leviticus 14:28
1554,221,Leviticus 14:29
1555,221,Leviticus 14:30
1556,221,Leviticus 14:31
1557,221,Leviticus 14:32
1558,221,Leviticus 14:33
1559,221,Leviticus 14:34
1560,221,Leviticus 14:35
1561,221,Leviticus 14:36
1562,221,Leviticus 14:37
1563,221,Leviticus 14:38
1564,221,Leviticus 14:39
1565,221,Leviticus 14:40
1566,221,Leviticus 14:41
1567,221,Leviticus 14:42
1568,221,Leviticus 14:43
1569,221,Leviticus 14:44
1570,221,Leviticus 14:45
1571,221,Leviticus 14:46
1572,221,Leviticus 14:47
1573,221,Leviticus 14:48
1574,221,Leviticus 14:49
1575,221,Leviticus 14:50
1576,221,Leviticus 14:51
1577,221,Leviticus 14:52
1578,221,Leviticus 14:53
1579,221,Leviticus 14:54
1580,221,Leviticus 14:55
1581,221,Leviticus 14:56
1582,221,Leviticus 14:57
1583,222,Leviticus 15:1
1584,222,Leviticus 15:2
1585,222,Leviticus 15:3
1586,222,Leviticus 15:4
1587,222,Leviticus 15:5
1588,222,Leviticus 15:6
1589,222,Leviticus 15:7
1590,222,Leviticus 15:8
1591,222,Leviticus 15:9
1592,222,Leviticus 15:10
1593,222,Leviticus 15:11
1594,222,Leviticus 15:12
1595,222,Leviticus 15:13
1596,222,Leviticus 15:14
1597,222,Leviticus 15:15
1598,222,Leviticus 15:16
1599,222,Leviticus 15:17
1600,222,Leviticus 15:18
1601,222,Leviticus 15:19
1602,222,Leviticus 15:20
1603,222,Leviticus 15:21
1604,222,Leviticus 15:22
1605,222,Leviticus 15:23
1606,222,Leviticus 15:24
1607,222,Leviticus 15:25
1608,222,Leviticus 15:26
1609,222,Leviticus 15:27
1610,222,Leviticus 15:28
1611,222,Leviticus 15:29
1612,222,Leviticus 15:30
1613,222,Leviticus 15:31
1614,222,Leviticus 15:32
1615,222,Leviticus 15:33
1616,223,Leviticus 16:1
1617,223,Leviticus 16:2
1618,223,Leviticus 16:3
1619,223,Leviticus 16:4
1620,223,Leviticus 16:5
1621,223,Leviticus 16:6
1622,223,Leviticus 16:7
1623,223,Leviticus 16:8
1624,223,Leviticus 16:9
1625,223,Leviticus 16:10
1626,223,Leviticus 16:11
1627,223,Leviticus 16:12
1628,223,Leviticus 16:13
1629,223,Leviticus 16:14
1630,223,Leviticus 16:15
1631,223,Leviticus 16:16
1632,223,Leviticus 16:17
1633,223,Leviticus 16:18
1634,223,Leviticus 16:19
1635,223,Leviticus 16:20
1636,223,Leviticus 16:21
1637,223,Leviticus 16:22
1638,223,Leviticus 16:23
1639,223,Leviticus 16:24
1640,223,Leviticus 16:25
1641,223,Leviticus 16:26
1642,223,Leviticus 16:27
1643,223,Leviticus 16:28
1644,223,Leviticus 16:29
1645,223,Leviticus 16:30
1646,223,Leviticus 16:31
1647,223,Leviticus 16:32
1648,223,Leviticus 16:33
1649,223,Leviticus 16:34
1650,224,Leviticus 17:1
1651,224,Leviticus 17:2
1652,224,Leviticus 17:3
1653,224,Leviticus 17:4
1654,224,Leviticus 17:5
1655,224,Leviticus 17:6
1656,224,Leviticus 17:7
1657,224,Leviticus 17:8
1658,224,Leviticus 17:9
1659,224,Leviticus 17:10
1660,224,Leviticus 17:11
1661,224,Leviticus 17:12
1662,224,Leviticus 17:13
1663,224,Leviticus 17:14
1664,224,Leviticus 17:15
1665,224,Leviticus 17:16
1666,225,Leviticus 18:1
1667,225,Leviticus 18:2
1668,225,Leviticus 18:3
1669,225,Leviticus 18:4
1670,225,Leviticus 18:5
1671,225,Leviticus 18:6
1672,225,Leviticus 18:7
1673,225,Leviticus 18:8
1674,225,Leviticus 18:9
1675,225,Leviticus 18:10
1676,225,Leviticus 18:11
1677,225,Leviticus 18:12
1678,225,Leviticus 18:13
1679,225,Leviticus 18:14
1680,225,Leviticus 18:15
1681,225,Leviticus 18:16
1682,225,Leviticus 18:17
1683,225,Leviticus 18:18
1684,225,Leviticus 18:19
1685,225,Leviticus 18:20
1686,225,Leviticus 18:21
1687,225,Leviticus 18:22
1688,225,Leviticus 18:23
1689,225,Leviticus 18:24
1690,225,Leviticus 18:25
1691,225,Leviticus 18:26
1692,225,Leviticus 18:27
1693,225,Leviticus 18:28
1694,225,Leviticus 18:29
1695,225,Leviticus 18:30
1696,226,Leviticus 19:1
1697,226,Leviticus 19:2
1698,226,Leviticus 19:3
1699,226,Leviticus 19:4
1700,226,Leviticus 19:5
1701,226,Leviticus 19:6
1702,226,Leviticus 19:7
1703,226,Leviticus 19:8
1704,226,Leviticus 19:9
1705,226,Leviticus 19:10
1706,226,Leviticus 19:11
1707,226,Leviticus 19:12
1708,226,Leviticus 19:13
1709,226,Leviticus 19:14
1710,226,Leviticus 19:15
1711,226,Leviticus 19:16
1712,226,Leviticus 19:17
1713,226,Leviticus 19:18
1714,226,Leviticus 19:19
1715,226,Leviticus 19:20
1716,226,Leviticus 19:21
1717,226,Leviticus 19:22
1718,226,Leviticus 19:23
1719,226,Leviticus 19:24
1720,226,Leviticus 19:25
1721,226,Leviticus 19:26
1722,226,Leviticus 19:27
1723,226,Leviticus 19:28
1724,226,Leviticus 19:29
1725,226,Leviticus 19:30
1726,226,Leviticus 19:31
1727,226,Leviticus 19:32
1728,226,Leviticus 19:33
1729,226,Leviticus 19:34
1730,226,Leviticus 19:35
1731,226,Leviticus 19:36
1732,226,Leviticus 19:37
1733,227,Leviticus 20:1
1734,227,Leviticus 20:2
1735,227,Leviticus 20:3
1736,227,Leviticus 20:4
1737,227,Leviticus 20:5
1738,227,Leviticus 20:6
1739,227,Leviticus 20:7
1740,227,Leviticus 20:8
1741,227,Leviticus 20:9
1742,227,Leviticus 20:10
1743,227,Leviticus 20:11
1744,227,Leviticus 20:12
1745,227,Leviticus 20:13
1746,227,Leviticus 20:14
1747,227,Leviticus 20:15
1748,227,Leviticus 20:16
1749,227,Leviticus 20:17
1750,227,Leviticus 20:18
1751,227,Leviticus 20:19
1752,227,Leviticus 20:20
1753,227,Leviticus 20:21
1754,227,Leviticus 20:22
1755,227,Leviticus 20:23
1756,227,Leviticus 20:24
1757,227,Leviticus 20:25
1758,227,Leviticus 20:26
1759,227,Leviticus 20:27
1760,228,Leviticus 21:1
1761,228,Leviticus 21:2
1762,228,Leviticus 21:3
1763,228,Leviticus 21:4
1764,228,Leviticus 21:5
1765,228,Leviticus 21:6
1766,228,Leviticus 21:7
1767,228,Leviticus 21:8
1768,228,Leviticus 21:9
1769,228,Leviticus 21:10
1770,228,Leviticus 21:11
1771,228,Leviticus 21:12
1772,228,Leviticus 21:13
1773,228,Leviticus 21:14
1774,228,Leviticus 21:15
1775,228,Leviticus 21:16
1776,228,Leviticus 21:17
1777,228,Leviticus 21:18
1778,228,Leviticus 21:19
1779,228,Leviticus 21:20
1780,228,Leviticus 21:21
1781,228,Leviticus 21:22
1782,228,Leviticus 21:23
1783,228,Leviticus 21:24
1784,229,Leviticus 22:1
1785,229,Leviticus 22:2
1786,229,Leviticus 22:3
1787,229,Leviticus 22:4
1788,229,Leviticus 22:5
1789,229,Leviticus 22:6
1790,229,Leviticus 22:7
1791,229,Leviticus 22:8
1792,229,Leviticus 22:9
1793,229,Leviticus 22:10
1794,229,Leviticus 22:11
1795,229,Leviticus 22:12
1796,229,Leviticus 22:13
1797,229,Leviticus 22:14
1798,229,Leviticus 22:15
1799,229,Leviticus 22:16
1800,229,Leviticus 22:17
1801,229,Leviticus 22:18
1802,229,Leviticus 22:19
1803,229,Leviticus 22:20
1804,229,Leviticus 22:21
1805,229,Leviticus 22:22
1806,229,Leviticus 22:23
1807,229,Leviticus 22:24
1808,229,Leviticus 22:25
1809,229,Leviticus 22:26
1810,229,Leviticus 22:27
1811,229,Leviticus 22:28
1812,229,Leviticus 22:29
1813,229,Leviticus 22:30
1814,229,Leviticus 22:31
1815,229,Leviticus 22:32
1816,229,Leviticus 22:33
1817,230,Leviticus 23:1
1818,230,Leviticus 23:2
1819,230,Leviticus 23:3
1820,230,Leviticus 23:4
1821,230,Leviticus 23:5
1822,230,Leviticus 23:6
1823,230,Leviticus 23:7
1824,230,Leviticus 23:8
1825,230,Leviticus 23:9
1826,230,Leviticus 23:10
1827,230,Leviticus 23:11
1828,230,Leviticus 23:12
1829,230,Leviticus 23:13
1830,230,Leviticus 23:14
1831,230,Leviticus 23:15
1832,230,Leviticus 23:16
1833,230,Leviticus 23:17
1834,230,Leviticus 23:18
1835,230,Leviticus 23:19
1836,230,Leviticus 23:20
1837,230,Leviticus 23:21
1838,230,Leviticus 23:22
1839,230,Leviticus 23:23
1840,230,Leviticus 23:24
1841,230,Leviticus 23:25
1842,230,Leviticus 23:26
1843,230,Leviticus 23:27
1844,230,Leviticus 23:28
1845,230,Leviticus 23:29
1846,230,Leviticus 23:30
1847,230,Leviticus 23:31
1848,230,Leviticus 23:32
1849,230,Leviticus 23:33
1850,230,Leviticus 23:34
1851,230,Leviticus 23:35
1852,230,Leviticus 23:36
1853,230,Leviticus 23:37
1854,230,Leviticus 23:38
1855,230,Leviticus 23:39
1856,230,Leviticus 23:40
1857,230,Leviticus 23:41
1858,230,Leviticus 23:42
1859,230,Leviticus 23:43
1860,230,Leviticus 23:44
1861,231,Leviticus 24:1
1862,231,Leviticus 24:2
1863,231,Leviticus 24:3
1864,231,Leviticus 24:4
1865,232,Leviticus 24:5
1866,232,Leviticus 24:6
1867,232,Leviticus 24:7
1868,232,Leviticus 24:8
1869,232,Leviticus 24:9
1870,233,Leviticus 24:13
1871,233,Leviticus 24:14
1872,233,Leviticus 24:15
1873,233,Leviticus 24:16
1874,234,Leviticus 24:17
1875,234,Leviticus 24:18
1876,234,Leviticus 24:19
1877,234,Leviticus 24:20
1878,234,Leviticus 24:21
1879,234,Leviticus 24:22
1880,235,Leviticus 25:1
1881,235,Leviticus 25:2
1882,235,Leviticus 25:3
1883,235,Leviticus 25:4
1884,235,Leviticus 25:5
1885,235,Leviticus 25:6
1886,235,Leviticus 25:7
1887,235,Leviticus 25:8
1888,235,Leviticus 25:9
1889,235,Leviticus 25:10
1890,235,Leviticus 25:11
1891,235,Leviticus 25:12
1892,235,Leviticus 25:13
1893,235,Leviticus 25:14
1894,235,Leviticus 25:15
1895,235,Leviticus 25:16
1896,235,Leviticus 25:17
1897,235,Leviticus 25:18
1898,235,Leviticus 25:19
1899,235,Leviticus 25:20
1900,235,Leviticus 25:21
1901,235,Leviticus 25:22
1902,235,Leviticus 25:23
1903,235,Leviticus 25:24
1904,235,Leviticus 25:25
1905,235,Leviticus 25:26
1906,235,Leviticus 25:27
1907,235,Leviticus 25:28
1908,235,Leviticus 25:29
1909,235,Leviticus 25:30
1910,235,Leviticus 25:31
1911,235,Leviticus 25:32
1912,235,Leviticus 25:33
1913,235,Leviticus 25:34
1914,235,Leviticus 25:35
1915,235,Leviticus 25:36
1916,235,Leviticus 25:37
1917,235,Leviticus 25:38
1918,235,Leviticus 25:39
1919,235,Leviticus 25:40
1920,235,Leviticus 25:41
1921,235,Leviticus 25:42
1922,235,Leviticus 25:43
1923,235,Leviticus 25:44
1924,235,Leviticus 25:45
1925,235,Leviticus 25:46
1926,235,Leviticus 25:47
1927,235,Leviticus 25:48
1928,235,Leviticus 25:49
1929,235,Leviticus 25:50
1930,235,Leviticus 25:51
1931,235,Leviticus 25:52
1932,235,Leviticus 25:53
1933,235,Leviticus 25:54
1934,235,Leviticus 25:55
1935,236,Leviticus 26:1
1936,236,Leviticus 26:2
1937,236,Leviticus 26:3
1938,236,Leviticus 26:4
1939,236,Leviticus 26:5
1940,236,Leviticus 26:6
1941,236,Leviticus 26:7
1942,236,Leviticus 26:8
1943,236,Leviticus 26:9
1944,236,Leviticus 26:10
1945,237,Leviticus 26:11
1946,237,Leviticus 26:12
1947,238,Leviticus 26:14
1948,238,Leviticus 26:15
1949,238,Leviticus 26:16
1950,238,Leviticus 26:17
1951,238,Leviticus 26:18
1952,238,Leviticus 26:19
1953,238,Leviticus 26:20
1954,238,Leviticus 26:21
1955,238,Leviticus 26:22
1956,238,Leviticus 26:23
1957,238,Leviticus 26:24
1958,238,Leviticus 26:25
1959,238,Leviticus 26:26
1960,238,Leviticus 26:27
1961,238,Leviticus 26:28
1962,238,Leviticus 26:29
1963,238,Leviticus 26:30
1964,238,Leviticus 26:31
1965,238,Leviticus 26:32
1966,238,Leviticus 26:33
1967,238,Leviticus 26:34
1968,238,Leviticus 26:35
1969,238,Leviticus 26:36
1970,238,Leviticus 26:37
1971,238,Leviticus 26:38
1972,238,Leviticus 26:39
1973,239,Leviticus 26:40
1974,239,Leviticus 26:41
1975,239,Leviticus 26:42
1976,239,Leviticus 26:43
1977,239,Leviticus 26:44
1978,239,Leviticus 26:45
1979,239,Leviticus 26:46
1980,240,Leviticus 27:1
1981,240,Leviticus 27:2
1982,240,Leviticus 27:3
1983,240,Leviticus 27:4
1984,240,Leviticus 27:5
1985,240,Leviticus 27:6
1986,240,Leviticus 27:7
1987,240,Leviticus 27:8
1988,240,Leviticus 27:9
1989,240,Leviticus 27:10
1990,240,Leviticus 27:11
1991,240,Leviticus 27:12
1992,240,Leviticus 27:13
1993,240,Leviticus 27:14
1994,240,Leviticus 27:15
1995,240,Leviticus 27:16
1996,240,Leviticus 27:17
1997,240,Leviticus 27:18
1998,240,Leviticus 27:19
1999,240,Leviticus 27:20
2000,240,Leviticus 27:21
2001,240,Leviticus 27:22
2002,240,Leviticus 27:23
2003,240,Leviticus 27:24
2004,240,Leviticus 27:25
2005,240,Leviticus 27:26
2006,240,Leviticus 27:27
2007,240,Leviticus 27:28
2008,240,Leviticus 27:29
2009,240,Leviticus 27:30
2010,240,Leviticus 27:31
2011,240,Leviticus 27:32
2012,240,Leviticus 27:33
2013,240,Leviticus 27:34
2014,241,Numbers 1:1
2015,241,Numbers 1:2
2016,241,Numbers 1:3
2017,241,Numbers 1:4
2018,241,Numbers 1:5
2019,241,Numbers 1:6
2020,241,Numbers 1:7
2021,241,Numbers 1:8
2022,241,Numbers 1:9
2023,241,Numbers 1:10
2024,241,Numbers 1:11
2025,241,Numbers 1:12
2026,241,Numbers 1:13
2027,241,Numbers 1:14
2028,241,Numbers 1:15
2029,241,Numbers 1:16
2030,241,Numbers 1:17
2031,241,Numbers 1:18
2032,241,Numbers 1:19
2033,241,Numbers 1:20
2034,241,Numbers 1:21
2035,241,Numbers 1:22
2036,241,Numbers 1:23
2037,241,Numbers 1:24
2038,241,Numbers 1:25
2039,241,Numbers 1:26
2040,241,Numbers 1:27
2041,241,Numbers 1:28
2042,241,Numbers 1:29
2043,241,Numbers 1:30
2044,241,Numbers 1:31
2045,241,Numbers 1:32
2046,241,Numbers 1:33
2047,241,Numbers 1:34
2048,241,Numbers 1:35
2049,241,Numbers 1:36
2050,241,Numbers 1:37
2051,241,Numbers 1:38
2052,241,Numbers 1:39
2053,241,Numbers 1:40
2054,241,Numbers 1:41
2055,241,Numbers 1:42
2056,241,Numbers 1:43
2057,241,Numbers 1:44
2058,241,Numbers 1:45
2059,241,Numbers 1:46
2060,241,Numbers 1:47
2061,241,Numbers 1:48
2062,241,Numbers 1:49
2063,241,Numbers 1:50
2064,241,Numbers 1:51
2065,241,Numbers 1:52
2066,241,Numbers 1:53
2067,241,Numbers 1:54
2068,242,Numbers 2:1
2069,242,Numbers 2:2
2070,242,Numbers 2:3
2071,242,Numbers 2:4
2072,242,Numbers 2:5
2073,242,Numbers 2:6
2074,242,Numbers 2:7
2075,242,Numbers 2:8
2076,242,Numbers 2:9
2077,242,Numbers 2:10
2078,242,Numbers 2:11
2079,242,Numbers 2:12
2080,242,Numbers 2:13
2081,242,Numbers 2:14
2082,242,Numbers 2:15
2083,242,Numbers 2:16
2084,242,Numbers 2:17
2085,242,Numbers 2:18
2086,242,Numbers 2:19
2087,242,Numbers 2:20
2088,242,Numbers 2:21
2089,242,Numbers 2:22
2090,242,Numbers 2:23
2091,242,Numbers 2:24
2092,242,Numbers 2:25
2093,242,Numbers 2:26
2094,242,Numbers 2:27
2095,242,Numbers 2:28
2096,242,Numbers 2:29
2097,242,Numbers 2:30
2098,242,Numbers 2:31
2099,242,Numbers 2:32
2100,242,Numbers 2:33
2101,242,Numbers 2:34
2102,243,Numbers 3:5
2103,243,Numbers 3:6
2104,243,Numbers 3:7
2105,243,Numbers 3:8
2106,243,Numbers 3:9
2107,243,Numbers 3:10
2108,243,Numbers 3:11
2109,243,Numbers 3:12
2110,243,Numbers 3:13
2111,243,Numbers 3:14
2112,243,Numbers 3:15
2113,243,Numbers 3:16
2114,243,Numbers 3:17
2115,243,Numbers 3:18
2116,243,Numbers 3:19
2117,243,Numbers 3:20
2118,243,Numbers 3:21
2119,243,Numbers 3:22
2120,243,Numbers 3:23
2121,243,Numbers 3:24
2122,243,Numbers 3:25
2123,243,Numbers 3:26
2124,243,Numbers 3:27
2125,243,Numbers 3:28
2126,243,Numbers 3:29
2127,243,Numbers 3:30
2128,243,Numbers 3:31
2129,243,Numbers 3:32
2130,243,Numbers 3:33
2131,243,Numbers 3:34
2132,243,Numbers 3:35
2133,243,Numbers 3:36
2134,243,Numbers 3:37
2135,243,Numbers 3:38
2136,243,Numbers 3:39
2137,243,Numbers 3:40
2138,243,Numbers 3:41
2139,243,Numbers 3:42
2140,243,Numbers 3:43
2141,243,Numbers 3:44
2142,243,Numbers 3:45
2143,243,Numbers 3:46
2144,243,Numbers 3:47
2145,243,Numbers 3:48
2146,243,Numbers 3:49
2147,243,Numbers 3:50
2148,243,Numbers 3:51
2149,244,Numbers 4:1
2150,244,Numbers 4:2
2151,244,Numbers 4:3
2152,244,Numbers 4:4
2153,244,Numbers 4:5
2154,244,Numbers 4:6
2155,244,Numbers 4:7
2156,244,Numbers 4:8
2157,244,Numbers 4:9
2158,244,Numbers 4:10
2159,244,Numbers 4:11
2160,244,Numbers 4:12
2161,244,Numbers 4:13
2162,244,Numbers 4:14
2163,244,Numbers 4:15
2164,244,Numbers 4:16
2165,244,Numbers 4:17
2166,244,Numbers 4:18
2167,244,Numbers 4:19
2168,244,Numbers 4:20
2169,244,Numbers 4:21
2170,244,Numbers 4:22
2171,244,Numbers 4:23
2172,244,Numbers 4:24
2173,244,Numbers 4:25
2174,244,Numbers 4:26
2175,244,Numbers 4:27
2176,244,Numbers 4:28
2177,244,Numbers 4:29
2178,244,Numbers 4:30
2179,244,Numbers 4:31
2180,244,Numbers 4:32
2181,244,Numbers 4:33
2182,244,Numbers 4:34
2183,244,Numbers 4:35
2184,244,Numbers 4:36
2185,244,Numbers 4:37
2186,244,Numbers 4:38
2187,244,Numbers 4:39
2188,244,Numbers 4:40
2189,244,Numbers 4:41
2190,244,Numbers 4:42
2191,244,Numbers 4:43
2192,244,Numbers 4:44
2193,244,Numbers 4:45
2194,244,Numbers 4:46
2195,244,Numbers 4:47
2196,244,Numbers 4:48
2197,244,Numbers 4:49
2198,245,Numbers 5:1
2199,245,Numbers 5:2
2200,245,Numbers 5:3
2201,245,Numbers 5:4
2202,246,Numbers 5:5
2203,246,Numbers 5:6
2204,246,Numbers 5:7
2205,246,Numbers 5:8
2206,246,Numbers 5:9
2207,246,Numbers 5:10
2208,247,Numbers 5:11
2209,247,Numbers 5:12
2210,247,Numbers 5:13
2211,247,Numbers 5:14
2212,247,Numbers 5:15
2213,247,Numbers 5:16
2214,247,Numbers 5:17
2215,247,Numbers 5:18
2216,247,Numbers 5:19
2217,247,Numbers 5:20
2218,247,Numbers 5:21
2219,247,Numbers 5:22
2220,247,Numbers 5:23
2221,247,Numbers 5:24
2222,247,Numbers 5:25
2223,247,Numbers 5:26
2224,247,Numbers 5:27
2225,247,Numbers 5:28
2226,247,Numbers 5:29
2227,247,Numbers 5:30
2228,247,Numbers 5:31
2229,248,Numbers 6:1
2230,248,Numbers 6:2
2231,248,Numbers 6:3
2232,248,Numbers 6:4
2233,248,Numbers 6:5
2234,248,Numbers 6:6
2235,248,Numbers 6:7
2236,248,Numbers 6:8
2237,248,Numbers 6:9
2238,248,Numbers 6:10
2239,248,Numbers 6:11
2240,248,Numbers 6:12
2241,248,Numbers 6:13
2242,248,Numbers 6:14
2243,248,Numbers 6:15
2244,248,Numbers 6:16
2245,248,Numbers 6:17
2246,248,Numbers 6:18
2247,248,Numbers 6:19
2248,248,Numbers 6:20
2249,248,Numbers 6:21
2250,249,Numbers 6:22
2251,249,Numbers 6:23
2252,249,Numbers 6:24
2253,249,Numbers 6:25
2254,249,Numbers 6:26
2255,249,Numbers 6:27
2256,250,Numbers 7:1
2257,250,Numbers 7:2
2258,250,Numbers 7:3
2259,250,Numbers 7:4
2260,250,Numbers 7:5
2261,250,Numbers 7:6
2262,250,Numbers 7:7
2263,250,Numbers 7:8
2264,250,Numbers 7:9
2265,250,Numbers 7:10
2266,250,Numbers 7:11
2267,250,Numbers 7:12
2268,250,Numbers 7:13
2269,250,Numbers 7:14
2270,250,Numbers 7:15
2271,250,Numbers 7:16
2272,250,Numbers 7:17
2273,250,Numbers 7:18
2274,250,Numbers 7:19
2275,250,Numbers 7:20
2276,250,Numbers 7:21
2277,250,Numbers 7:22
2278,250,Numbers 7:23
2279,250,Numbers 7:24
2280,250,Numbers 7:25
2281,250,Numbers 7:26
2282,250,Numbers 7:27
2283,250,Numbers 7:28
2284,250,Numbers 7:29
2285,250,Numbers 7:30
2286,250,Numbers 7:31
2287,250,Numbers 7:32
2288,250,Numbers 7:33
2289,250,Numbers 7:34
2290,250,Numbers 7:35
2291,250,Numbers 7:36
2292,250,Numbers 7:37
2293,250,Numbers 7:38
2294,250,Numbers 7:39
2295,250,Numbers 7:40
2296,250,Numbers 7:41
2297,250,Numbers 7:42
2298,250,Numbers 7:43
2299,250,Numbers 7:44
2300,250,Numbers 7:45
2301,250,Numbers 7:46
2302,250,Numbers 7:47
2303,250,Numbers 7:48
2304,250,Numbers 7:49
2305,250,Numbers 7:50
2306,250,Numbers 7:51
2307,250,Numbers 7:52
2308,250,Numbers 7:53
2309,250,Numbers 7:54
2310,250,Numbers 7:55
2311,250,Numbers 7:56
2312,250,Numbers 7:57
2313,250,Numbers 7:58
2314,250,Numbers 7:59
2315,250,Numbers 7:60
2316,250,Numbers 7:61
2317,250,Numbers 7:62
2318,250,Numbers 7:63
2319,250,Numbers 7:64
2320,250,Numbers 7:65
2321,250,Numbers 7:66
2322,250,Numbers 7:67
2323,250,Numbers 7:68
2324,250,Numbers 7:69
2325,250,Numbers 7:70
2326,250,Numbers 7:71
2327,250,Numbers 7:72
2328,250,Numbers 7:73
2329,250,Numbers 7:74
2330,250,Numbers 7:75
2331,250,Numbers 7:76
2332,250,Numbers 7:77
2333,250,Numbers 7:78
2334,250,Numbers 7:79
2335,250,Numbers 7:80
2336,250,Numbers 7:81
2337,250,Numbers 7:82
2338,250,Numbers 7:83
2339,250,Numbers 7:84
2340,250,Numbers 7:85
2341,250,Numbers 7:86
2342,250,Numbers 7:87
2343,250,Numbers 7:88
2344,250,Numbers 7:89
2345,251,Numbers 7:89
2346,252,Numbers 8:1
2347,252,Numbers 8:2
2348,252,Numbers 8:3
2349,252,Numbers 8:4
2350,253,Numbers 8:5
2351,253,Numbers 8:6
2352,253,Numbers 8:7
2353,253,Numbers 8:8
2354,253,Numbers 8:9
2355,253,Numbers 8:10
2356,253,Numbers 8:11
2357,253,Numbers 8:12
2358,253,Numbers 8:13
2359,253,Numbers 8:14
2360,253,Numbers 8:15
2361,253,Numbers 8:16
2362,253,Numbers 8:17
2363,253,Numbers 8:18
2364,253,Numbers 8:19
2365,253,Numbers 8:20
2366,253,Numbers 8:21
2367,253,Numbers 8:22
2368,253,Numbers 8:23
2369,253,Numbers 8:24
2370,253,Numbers 8:25
2371,253,Numbers 8:26
2372,254,Numbers 9:1
2373,254,Numbers 9:2
2374,254,Numbers 9:3
2375,254,Numbers 9:4
2376,254,Numbers 9:5
2377,254,Numbers 9:6
2378,254,Numbers 9:7
2379,254,Numbers 9:8
2380,254,Numbers 9:9
2381,254,Numbers 9:10
2382,254,Numbers 9:11
2383,254,Numbers 9:12
2384,254,Numbers 9:13
2385,254,Numbers 9:14
2386,255,Numbers 9:15
2387,255,Numbers 9:16
2388,255,Numbers 9:17
2389,255,Numbers 9:18
2390,255,Numbers 9:19
2391,255,Numbers 9:20
2392,255,Numbers 9:21
2393,255,Numbers 9:22
2394,255,Numbers 9:23
2395,256,Numbers 10:1
2396,256,Numbers 10:2
2397,256,Numbers 10:3
2398,256,Numbers 10:4
2399,256,Numbers 10:5
2400,256,Numbers 10:6
2401,256,Numbers 10:7
2402,256,Numbers 10:8
2403,256,Numbers 10:9
2404,256,Numbers 10:10
2405,257,Numbers 10:11
2406,257,Numbers 10:12
2407,257,Numbers 10:13
2408,257,Numbers 10:14
2409,257,Numbers 10:15
2410,257,Numbers 10:16
2411,257,Numbers 10:17
2412,257,Numbers 10:18
2413,257,Numbers 10:19
2414,257,Numbers 10:20
2415,257,Numbers 10:21
2416,257,Numbers 10:22
2417,257,Numbers 10:23
2418,257,Numbers 10:24
2419,257,Numbers 10:25
2420,257,Numbers 10:26
2421,257,Numbers 10:27
2422,257,Numbers 10:28
2423,258,Numbers 11:1
2424,258,Numbers 11:2
2425,258,Numbers 11:3
2426,258,Numbers 11:10
2427,259,Numbers 11:2
2428,260,Numbers 11:16
2429,260,Numbers 11:17
2430,260,Numbers 11:18
2431,260,Numbers 11:19
2432,260,Numbers 11:20
2433,260,Numbers 11:21
2434,260,Numbers 11:22
2435,260,Numbers 11:23
2436,260,Numbers 11:24
2437,260,Numbers 11:25
2438,261,Numbers 11:25
2439,262,Numbers 11:26
2440,262,Numbers 11:27
2441,262,Numbers 11:28
2442,262,Numbers 11:29
2443,263,Numbers 11:31
2444,264,Numbers 11:33
2445,264,Numbers 11:34
2446,265,Numbers 12:4
2447,266,Numbers 12:5
2448,267,Numbers 12:6
2449,267,Numbers 12:7
2450,267,Numbers 12:8
2451,267,Numbers 12:9
2452,268,Numbers 12:10
2453,269,Numbers 12:13
2454,270,Numbers 12:14
2455,270,Numbers 12:15
2456,271,Numbers 13:1
2457,271,Numbers 13:2
2458,271,Numbers 13:3
2459,272,Numbers 14:10
2460,273,Numbers 14:11
2461,273,Numbers 14:12
2462,274,Numbers 14:20
2463,274,Numbers 14:21
2464,274,Numbers 14:22
2465,274,Numbers 14:23
2466,274,Numbers 14:24
2467,274,Numbers 14:25
2468,274,Numbers 14:26
2469,274,Numbers 14:27
2470,274,Numbers 14:28
2471,274,Numbers 14:29
2472,274,Numbers 14:30
2473,274,Numbers 14:31
2474,274,Numbers 14:32
2475,274,Numbers 14:33
2476,274,Numbers 14:34
2477,274,Numbers 14:35
2478,275,Numbers 14:36
2479,275,Numbers 14:37
2480,276,Numbers 14:39
2481,276,Numbers 14:40
2482,276,Numbers 14:41
2483,276,Numbers 14:42
2484,276,Numbers 14:43
2485,276,Numbers 14:44
2486,276,Numbers 14:45
2487,277,Numbers 15:1
2488,277,Numbers 15:2
2489,277,Numbers 15:3
2490,277,Numbers 15:4
2491,277,Numbers 15:5
2492,277,Numbers 15:6
2493,277,Numbers 15:7
2494,277,Numbers 15:8
2495,277,Numbers 15:9
2496,277,Numbers 15:10
2497,277,Numbers 15:11
2498,277,Numbers 15:12
2499,277,Numbers 15:13
2500,277,Numbers 15:14
2501,277,Numbers 15:15
2502,277,Numbers 15:16
2503,277,Numbers 15:17
2504,277,Numbers 15:18
2505,277,Numbers 15:19
2506,277,Numbers 15:20
2507,277,Numbers 15:21
2508,277,Numbers 15:22
2509,277,Numbers 15:23
2510,277,Numbers 15:24
2511,277,Numbers 15:25
2512,277,Numbers 15:26
2513,277,Numbers 15:27
2514,277,Numbers 15:28
2515,277,Numbers 15:29
2516,277,Numbers 15:30
2517,277,Numbers 15:31
2518,278,Numbers 15:32
2519,278,Numbers 15:33
2520,278,Numbers 15:34
2521,278,Numbers 15:35
2522,278,Numbers 15:36
2523,279,Numbers 15:37
2524,279,Numbers 15:38
2525,279,Numbers 15:39
2526,279,Numbers 15:40
2527,279,Numbers 15:41
2528,280,Numbers 16:20
2529,280,Numbers 16:21
2530,281,Numbers 16:31
2531,281,Numbers 16:32
2532,281,Numbers 16:33
2533,282,Numbers 16:31
2534,282,Numbers 16:32
2535,282,Numbers 16:33
2536,283,Numbers 16:35
2537,284,Numbers 16:36
2538,284,Numbers 16:37
2539,284,Numbers 16:38
2540,284,Numbers 16:39
2541,284,Numbers 16:40
2542,285,Numbers 16:42
2543,286,Numbers 16:44
2544,286,Numbers 16:45
2545,287,Numbers 16:46
2546,287,Numbers 16:47
2547,288,Numbers 16:47
2548,288,Numbers 16:48
2549,289,Numbers 16:49
2550,290,Numbers 17:1
2551,290,Numbers 17:2
2552,290,Numbers 17:3
2553,290,Numbers 17:4
2554,290,Numbers 17:5
2555,290,Numbers 17:6
2556,290,Numbers 17:7
2557,290,Numbers 17:8
2558,290,Numbers 17:9
2559,291,Numbers 17:8
2560,292,Numbers 17:10
2561,293,Numbers 18:1
2562,293,Numbers 18:2
2563,293,Numbers 18:3
2564,293,Numbers 18:4
2565,293,Numbers 18:5
2566,293,Numbers 18:6
2567,293,Numbers 18:7
2568,293,Numbers 18:8
2569,293,Numbers 18:9
2570,293,Numbers 18:10
2571,293,Numbers 18:11
2572,293,Numbers 18:12
2573,293,Numbers 18:13
2574,293,Numbers 18:14
2575,293,Numbers 18:15
2576,293,Numbers 18:16
2577,293,Numbers 18:17
2578,293,Numbers 18:18
2579,293,Numbers 18:19
2580,293,Numbers 18:20
2581,293,Numbers 18:21
2582,293,Numbers 18:22
2583,293,Numbers 18:23
2584,293,Numbers 18:24
2585,293,Numbers 18:25
2586,293,Numbers 18:26
2587,293,Numbers 18:27
2588,293,Numbers 18:28
2589,293,Numbers 18:29
2590,293,Numbers 18:30
2591,293,Numbers 18:31
2592,293,Numbers 18:32
2593,294,Numbers 19:1
2594,294,Numbers 19:2
2595,294,Numbers 19:3
2596,294,Numbers 19:4
2597,294,Numbers 19:5
2598,294,Numbers 19:6
2599,294,Numbers 19:7
2600,294,Numbers 19:8
2601,294,Numbers 19:9
2602,294,Numbers 19:10
2603,294,Numbers 19:11
2604,294,Numbers 19:12
2605,294,Numbers 19:13
2606,294,Numbers 19:14
2607,294,Numbers 19:15
2608,294,Numbers 19:16
2609,294,Numbers 19:17
2610,294,Numbers 19:18
2611,294,Numbers 19:19
2612,294,Numbers 19:20
2613,294,Numbers 19:21
2614,294,Numbers 19:22
2615,295,Numbers 20:7
2616,295,Numbers 20:8
2617,296,Numbers 20:11
2618,297,Numbers 20:12
2619,298,Numbers 20:22
2620,298,Numbers 20:23
2621,298,Numbers 20:24
2622,298,Numbers 20:25
2623,298,Numbers 20:26
2624,299,Numbers 21:3
2625,300,Numbers 21:6
2626,301,Numbers 21:8
2627,302,Numbers 21:9
2628,303,Numbers 21:21
2629,303,Numbers 21:22
2630,303,Numbers 21:23
2631,303,Numbers 21:24
2632,303,Numbers 21:25
2633,303,Numbers 21:26
2634,303,Numbers 21:27
2635,303,Numbers 21:28
2636,303,Numbers 21:29
2637,303,Numbers 21:30
2638,303,Numbers 21:31
2639,303,Numbers 21:32
2640,304,Numbers 21:33
2641,304,Numbers 21:34
2642,304,Numbers 21:35
2643,305,Numbers 22:9
2644,305,Numbers 22:10
2645,305,Numbers 22:11
2646,305,Numbers 22:12
2647,306,Numbers 22:20
2648,307,Numbers 22:22
2649,308,Numbers 22:21
2650,308,Numbers 22:22
2651,308,Numbers 22:23
2652,308,Numbers 22:24
2653,308,Numbers 22:25
2654,308,Numbers 22:26
2655,308,Numbers 22:27
2656,308,Numbers 22:28
2657,308,Numbers 22:29
2658,308,Numbers 22:30
2659,309,Numbers 22:31
2660,310,Numbers 22:32
2661,310,Numbers 22:33
2662,310,Numbers 22:34
2663,310,Numbers 22:35
2664,311,Numbers 23:4
2665,311,Numbers 23:16
2666,312,Numbers 23:5
2667,312,Numbers 23:16
2668,313,Numbers 23:7
2669,313,Numbers 23:8
2670,313,Numbers 23:9
2671,313,Numbers 23:10
2672,313,Numbers 24:15
2673,313,Numbers 24:16
2674,313,Numbers 24:17
2675,313,Numbers 24:18
2676,313,Numbers 24:19
2677,313,Numbers 24:20
2678,313,Numbers 24:21
2679,313,Numbers 24:22
2680,313,Numbers 24:23
2681,313,Numbers 24:24
2682,314,Numbers 24:2
2683,315,Numbers 25:3
2684,315,Numbers 25:4
2685,316,Numbers 25:8
2686,316,Numbers 25:9
2687,317,Numbers 25:8
2688,318,Numbers 25:9
2689,319,Numbers 25:10
2690,319,Numbers 25:11
2691,319,Numbers 25:12
2692,319,Numbers 25:13
2693,320,Numbers 25:17
2694,320,Numbers 25:18
2695,321,Numbers 26:1
2696,321,Numbers 26:2
2697,321,Numbers 26:3
2698,321,Numbers 26:4
2699,321,Numbers 26:5
2700,321,Numbers 26:6
2701,321,Numbers 26:7
2702,321,Numbers 26:8
2703,321,Numbers 26:9
2704,321,Numbers 26:10
2705,321,Numbers 26:11
2706,321,Numbers 26:12
2707,321,Numbers 26:13
2708,321,Numbers 26:14
2709,321,Numbers 26:15
2710,321,Numbers 26:16
2711,321,Numbers 26:17
2712,321,Numbers 26:18
2713,321,Numbers 26:19
2714,321,Numbers 26:20
2715,321,Numbers 26:21
2716,321,Numbers 26:22
2717,321,Numbers 26:23
2718,321,Numbers 26:24
2719,321,Numbers 26:25
2720,321,Numbers 26:26
2721,321,Numbers 26:27
2722,321,Numbers 26:28
2723,321,Numbers 26:29
2724,321,Numbers 26:30
2725,321,Numbers 26:31
2726,321,Numbers 26:32
2727,321,Numbers 26:33
2728,321,Numbers 26:34
2729,321,Numbers 26:35
2730,321,Numbers 26:36
2731,321,Numbers 26:37
2732,321,Numbers 26:38
2733,321,Numbers 26:39
2734,321,Numbers 26:40
2735,321,Numbers 26:41
2736,321,Numbers 26:42
2737,321,Numbers 26:43
2738,321,Numbers 26:44
2739,321,Numbers 26:45
2740,321,Numbers 26:46
2741,321,Numbers 26:47
2742,321,Numbers 26:48
2743,321,Numbers 26:49
2744,321,Numbers 26:50
2745,321,Numbers 26:51
2746,321,Numbers 26:52
2747,321,Numbers 26:53
2748,321,Numbers 26:54
2749,321,Numbers 26:55
2750,321,Numbers 26:56
2751,321,Numbers 26:57
2752,321,Numbers 26:58
2753,321,Numbers 26:59
2754,321,Numbers 26:60
2755,321,Numbers 26:61
2756,321,Numbers 26:62
2757,321,Numbers 26:63
2758,321,Numbers 26:64
2759,321,Numbers 26:65
2760,322,Numbers 27:6
2761,322,Numbers 27:7
2762,322,Numbers 27:8
2763,322,Numbers 27:9
2764,322,Numbers 27:10
2765,322,Numbers 27:11
2766,323,Numbers 27:12
2767,323,Numbers 27:13
2768,323,Numbers 27:14
2769,324,Numbers 27:18
2770,324,Numbers 27:19
2771,324,Numbers 27:20
2772,324,Numbers 27:21
2773,324,Numbers 27:22
2774,324,Numbers 27:23
2775,325,Numbers 28:1
2776,325,Numbers 28:2
2777,325,Numbers 28:3
2778,325,Numbers 28:4
2779,325,Numbers 28:5
2780,325,Numbers 28:6
2781,325,Numbers 28:7
2782,325,Numbers 28:8
2783,325,Numbers 28:9
2784,325,Numbers 28:10
2785,325,Numbers 28:11
2786,325,Numbers 28:12
2787,325,Numbers 28:13
2788,325,Numbers 28:14
2789,325,Numbers 28:15
2790,325,Numbers 28:16
2791,325,Numbers 28:17
2792,325,Numbers 28:18
2793,325,Numbers 28:19
2794,325,Numbers 28:20
2795,325,Numbers 28:21
2796,325,Numbers 28:22
2797,325,Numbers 28:23
2798,325,Numbers 28:24
2799,325,Numbers 28:25
2800,325,Numbers 28:26
2801,325,Numbers 28:27
2802,325,Numbers 28:28
2803,325,Numbers 28:29
2804,325,Numbers 28:30
2805,325,Numbers 28:31
2806,325,Numbers 29:1
2807,325,Numbers 29:2
2808,325,Numbers 29:3
2809,325,Numbers 29:4
2810,325,Numbers 29:5
2811,325,Numbers 29:6
2812,325,Numbers 29:7
2813,325,Numbers 29:8
2814,325,Numbers 29:9
2815,325,Numbers 29:10
2816,325,Numbers 29:11
2817,325,Numbers 29:12
2818,325,Numbers 29:13
2819,325,Numbers 29:14
2820,325,Numbers 29:15
2821,325,Numbers 29:16
2822,325,Numbers 29:17
2823,325,Numbers 29:18
2824,325,Numbers 29:19
2825,325,Numbers 29:20
2826,325,Numbers 29:21
2827,325,Numbers 29:22
2828,325,Numbers 29:23
2829,325,Numbers 29:24
2830,325,Numbers 29:25
2831,325,Numbers 29:26
2832,325,Numbers 29:27
2833,325,Numbers 29:28
2834,325,Numbers 29:29
2835,325,Numbers 29:30
2836,325,Numbers 29:31
2837,325,Numbers 29:32
2838,325,Numbers 29:33
2839,325,Numbers 29:34
2840,325,Numbers 29:35
2841,325,Numbers 29:36
2842,325,Numbers 29:37
2843,325,Numbers 29:38
2844,325,Numbers 29:39
2845,325,Numbers 29:40
2846,325,Numbers 30:1
2847,325,Numbers 30:2
2848,325,Numbers 30:3
2849,325,Numbers 30:4
2850,325,Numbers 30:5
2851,325,Numbers 30:6
2852,325,Numbers 30:7
2853,325,Numbers 30:8
2854,325,Numbers 30:9
2855,325,Numbers 30:10
2856,325,Numbers 30:11
2857,325,Numbers 30:12
2858,325,Numbers 30:13
2859,325,Numbers 30:14
2860,325,Numbers 30:15
2861,325,Numbers 30:16
2862,326,Numbers 31:1
2863,326,Numbers 31:2
2864,327,Numbers 31:7
2865,327,Numbers 31:8
2866,327,Numbers 31:9
2867,327,Numbers 31:10
2868,327,Numbers 31:11
2869,328,Numbers 31:25
2870,328,Numbers 31:26
2871,328,Numbers 31:27
2872,328,Numbers 31:28
2873,328,Numbers 31:29
2874,328,Numbers 31:30
2875,328,Numbers 31:31
2876,328,Numbers 31:32
2877,328,Numbers 31:33
2878,328,Numbers 31:34
2879,328,Numbers 31:35
2880,328,Numbers 31:36
2881,328,Numbers 31:37
2882,328,Numbers 31:38
2883,328,Numbers 31:39
2884,328,Numbers 31:40
2885,328,Numbers 31:41
2886,328,Numbers 31:42
2887,328,Numbers 31:43
2888,328,Numbers 31:44
2889,328,Numbers 31:45
2890,328,Numbers 31:46
2891,328,Numbers 31:47
2892,328,Numbers 31:48
2893,328,Numbers 31:49
2894,328,Numbers 31:50
2895,328,Numbers 31:51
2896,328,Numbers 31:52
2897,328,Numbers 31:53
2898,328,Numbers 31:54
2899,329,Numbers 33:1
2900,329,Numbers 33:2
2901,329,Numbers 33:3
2902,329,Numbers 33:4
2903,329,Numbers 33:5
2904,329,Numbers 33:6
2905,329,Numbers 33:7
2906,329,Numbers 33:8
2907,329,Numbers 33:9
2908,329,Numbers 33:10
2909,329,Numbers 33:11
2910,329,Numbers 33:12
2911,329,Numbers 33:13
2912,329,Numbers 33:14
2913,329,Numbers 33:15
2914,329,Numbers 33:16
2915,329,Numbers 33:17
2916,329,Numbers 33:18
2917,329,Numbers 33:19
2918,329,Numbers 33:20
2919,329,Numbers 33:21
2920,329,Numbers 33:22
2921,329,Numbers 33:23
2922,329,Numbers 33:24
2923,329,Numbers 33:25
2924,329,Numbers 33:26
2925,329,Numbers 33:27
2926,329,Numbers 33:28
2927,329,Numbers 33:29
2928,329,Numbers 33:30
2929,329,Numbers 33:31
2930,329,Numbers 33:32
2931,329,Numbers 33:33
2932,329,Numbers 33:34
2933,329,Numbers 33:35
2934,329,Numbers 33:36
2935,329,Numbers 33:37
2936,329,Numbers 33:38
2937,329,Numbers 33:39
2938,329,Numbers 33:40
2939,329,Numbers 33:41
2940,329,Numbers 33:42
2941,329,Numbers 33:43
2942,329,Numbers 33:44
2943,329,Numbers 33:45
2944,329,Numbers 33:46
2945,329,Numbers 33:47
2946,329,Numbers 33:48
2947,329,Numbers 33:49
2948,330,Numbers 33:50
2949,330,Numbers 33:51
2950,330,Numbers 33:52
2951,330,Numbers 33:53
2952,330,Numbers 33:54
2953,330,Numbers 33:55
2954,330,Numbers 33:56
2955,331,Numbers 34:1
2956,331,Numbers 34:2
2957,331,Numbers 34:3
2958,331,Numbers 34:4
2959,331,Numbers 34:5
2960,331,Numbers 34:6
2961,331,Numbers 34:7
2962,331,Numbers 34:8
2963,331,Numbers 34:9
2964,331,Numbers 34:10
2965,331,Numbers 34:11
2966,331,Numbers 34:12
2967,331,Numbers 34:13
2968,331,Numbers 34:14
2969,331,Numbers 34:15
2970,331,Numbers 34:16
2971,331,Numbers 34:17
2972,331,Numbers 34:18
2973,331,Numbers 34:19
2974,331,Numbers 34:20
2975,331,Numbers 34:21
2976,331,Numbers 34:22
2977,331,Numbers 34:23
2978,331,Numbers 34:24
2979,331,Numbers 34:25
2980,331,Numbers 34:26
2981,331,Numbers 34:27
2982,331,Numbers 34:28
2983,331,Numbers 34:29
2984,332,Numbers 35:1
2985,332,Numbers 35:2
2986,332,Numbers 35:3
2987,332,Numbers 35:4
2988,332,Numbers 35:5
2989,332,Numbers 35:6
2990,332,Numbers 35:7
2991,332,Numbers 35:8
2992,333,Numbers 35:9
2993,333,Numbers 35:10
2994,333,Numbers 35:11
2995,333,Numbers 35:12
2996,333,Numbers 35:13
2997,333,Numbers 35:14
2998,333,Numbers 35:15
2999,333,Numbers 35:16
3000,333,Numbers 35:17
3001,333,Numbers 35:18
3002,333,Numbers 35:19
3003,333,Numbers 35:20
3004,333,Numbers 35:21
3005,333,Numbers 35:22
3006,333,Numbers 35:23
3007,333,Numbers 35:24
3008,333,Numbers 35:25
3009,333,Numbers 35:26
3010,333,Numbers 35:27
3011,333,Numbers 35:28
3012,333,Numbers 35:29
3013,333,Numbers 35:30
3014,333,Numbers 35:31
3015,333,Numbers 35:32
3016,333,Numbers 35:33
3017,333,Numbers 35:34
3018,334,Numbers 36:1
3019,334,Numbers 36:2
3020,334,Numbers 36:3
3021,334,Numbers 36:4
3022,334,Numbers 36:5
3023,334,Numbers 36:6
3024,334,Numbers 36:7
3025,334,Numbers 36:8
3026,334,Numbers 36:9
3027,334,Numbers 36:10
3028,334,Numbers 36:11
3029,334,Numbers 36:12
3030,334,Numbers 36:13
3031,335,Deuteronomy 1:6
3032,335,Deuteronomy 1:7
3033,335,Deuteronomy 1:8
3034,336,Deuteronomy 1:8
3035,337,Deuteronomy 1:9
3036,337,Deuteronomy 1:10
3037,337,Deuteronomy 1:11
3038,337,Deuteronomy 1:12
3039,337,Deuteronomy 1:13
3040,337,Deuteronomy 1:14
3041,337,Deuteronomy 1:15
3042,337,Deuteronomy 1:16
3043,337,Deuteronomy 1:17
3044,337,Deuteronomy 1:18
3045,338,Deuteronomy 1:19
3046,338,Deuteronomy 1:20
3047,338,Deuteronomy 1:21
3048,338,Deuteronomy 1:22
3049,338,Deuteronomy 1:23
3050,338,Deuteronomy 1:24
3051,338,Deuteronomy 1:25
3052,339,Deuteronomy 1:29
3053,339,Deuteronomy 1:30
3054,339,Deuteronomy 1:31
3055,339,Deuteronomy 1:32
3056,339,Deuteronomy 1:33
3057,340,Deuteronomy 1:34
3058,340,Deuteronomy 1:35
3059,340,Deuteronomy 1:36
3060,340,Deuteronomy 1:37
3061,340,Deuteronomy 1:38
3062,340,Deuteronomy 1:39
3063,340,Deuteronomy 1:40
3064,340,Deuteronomy 1:41
3065,340,Deuteronomy 1:42
3066,340,Deuteronomy 1:43
3067,340,Deuteronomy 1:44
3068,340,Deuteronomy 1:45
3069,341,Deuteronomy 2:5
3070,342,Deuteronomy 2:9
3071,342,Deuteronomy 2:10
3072,342,Deuteronomy 2:11
3073,342,Deuteronomy 2:12
3074,342,Deuteronomy 2:13
3075,342,Deuteronomy 2:14
3076,342,Deuteronomy 2:15
3077,342,Deuteronomy 2:16
3078,342,Deuteronomy 2:17
3079,342,Deuteronomy 2:18
3080,342,Deuteronomy 2:19
3081,343,Deuteronomy 2:19
3082,343,Deuteronomy 2:20
3083,343,Deuteronomy 2:21
3084,344,Deuteronomy 2:24
3085,344,Deuteronomy 2:25
3086,345,Deuteronomy 2:30
3087,345,Deuteronomy 2:31
3088,345,Deuteronomy 2:32
3089,345,Deuteronomy 2:33
3090,345,Deuteronomy 2:34
3091,345,Deuteronomy 2:35
3092,345,Deuteronomy 2:36
3093,346,Deuteronomy 2:30
3094,347,Deuteronomy 3:1
3095,347,Deuteronomy 3:2
3096,347,Deuteronomy 3:3
3097,347,Deuteronomy 3:4
3098,347,Deuteronomy 3:5
3099,347,Deuteronomy 3:6
3100,347,Deuteronomy 3:7
3101,347,Deuteronomy 3:8
3102,347,Deuteronomy 3:9
3103,347,Deuteronomy 3:10
3104,347,Deuteronomy 3:11
3105,348,Deuteronomy 3:21
3106,348,Deuteronomy 3:22
3107,349,Deuteronomy 3:23
3108,349,Deuteronomy 3:24
3109,349,Deuteronomy 3:25
3110,349,Deuteronomy 3:26
3111,349,Deuteronomy 3:27
3112,350,Deuteronomy 4:3
3113,351,Deuteronomy 4:12
3114,351,Deuteronomy 4:15
3115,351,Deuteronomy 4:33
3116,351,Deuteronomy 4:36
3117,352,Deuteronomy 4:25
3118,352,Deuteronomy 4:26
3119,352,Deuteronomy 4:27
3120,352,Deuteronomy 4:28
3121,353,Deuteronomy 4:29
3122,353,Deuteronomy 4:30
3123,353,Deuteronomy 4:31
3124,354,Deuteronomy 4:37
3125,355,Deuteronomy 5:4
3126,355,Deuteronomy 5:5
3127,355,Deuteronomy 5:6
3128,355,Deuteronomy 5:7
3129,355,Deuteronomy 5:8
3130,355,Deuteronomy 5:9
3131,355,Deuteronomy 5:10
3132,355,Deuteronomy 5:11
3133,355,Deuteronomy 5:12
3134,355,Deuteronomy 5:13
3135,355,Deuteronomy 5:14
3136,355,Deuteronomy 5:15
3137,355,Deuteronomy 5:16
3138,355,Deuteronomy 5:17
3139,355,Deuteronomy 5:18
3140,355,Deuteronomy 5:19
3141,355,Deuteronomy 5:20
3142,355,Deuteronomy 5:21
3143,356,Deuteronomy 5:4
3144,356,Deuteronomy 5:22
3145,356,Deuteronomy 5:24
3146,356,Deuteronomy 5:26
3147,357,Deuteronomy 5:22
3148,358,Deuteronomy 6:4
3149,358,Deuteronomy 6:5
3150,358,Deuteronomy 6:6
3151,358,Deuteronomy 6:7
3152,358,Deuteronomy 6:8
3153,358,Deuteronomy 6:9
3154,359,Deuteronomy 6:10
3155,359,Deuteronomy 6:11
3156,359,Deuteronomy 6:12
3157,359,Deuteronomy 6:13
3158,359,Deuteronomy 6:14
3159,359,Deuteronomy 6:15
3160,360,Deuteronomy 6:16
3161,360,Deuteronomy 6:17
3162,360,Deuteronomy 6:18
3163,360,Deuteronomy 6:19
3164,360,Deuteronomy 6:20
3165,360,Deuteronomy 6:21
3166,361,Deuteronomy 7:1
3167,361,Deuteronomy 7:2
3168,361,Deuteronomy 7:3
3169,361,Deuteronomy 7:4
3170,361,Deuteronomy 7:5
3171,362,Deuteronomy 7:6
3172,362,Deuteronomy 7:7
3173,362,Deuteronomy 7:8
3174,363,Deuteronomy 7:12
3175,363,Deuteronomy 7:13
3176,363,Deuteronomy 7:14
3177,363,Deuteronomy 7:15
3178,363,Deuteronomy 7:16
3179,364,Deuteronomy 7:20
3180,365,Deuteronomy 8:2
3181,365,Deuteronomy 8:3
3182,365,Deuteronomy 8:4
3183,366,Deuteronomy 8:7
3184,366,Deuteronomy 8:8
3185,366,Deuteronomy 8:9
3186,366,Deuteronomy 8:10
3187,367,Deuteronomy 8:11
3188,367,Deuteronomy 8:12
3189,367,Deuteronomy 8:13
3190,367,Deuteronomy 8:14
3191,367,Deuteronomy 8:15
3192,367,Deuteronomy 8:16
3193,367,Deuteronomy 8:17
3194,367,Deuteronomy 8:18
3195,367,Deuteronomy 8:19
3196,367,Deuteronomy 8:20
3197,368,Deuteronomy 9:3
3198,368,Deuteronomy 9:4
3199,368,Deuteronomy 9:5
3200,369,Deuteronomy 9:7
3201,369,Deuteronomy 9:8
3202,369,Deuteronomy 9:9
3203,369,Deuteronomy 9:10
3204,369,Deuteronomy 9:11
3205,369,Deuteronomy 9:12
3206,369,Deuteronomy 9:13
3207,369,Deuteronomy 9:14
3208,369,Deuteronomy 9:15
3209,369,Deuteronomy 9:16
3210,369,Deuteronomy 9:17
3211,369,Deuteronomy 9:18
3212,369,Deuteronomy 9:19
3213,369,Deuteronomy 9:20
3214,369,Deuteronomy 9:21
3215,370,Deuteronomy 10:1
3216,370,Deuteronomy 10:2
3217,370,Deuteronomy 10:3
3218,370,Deuteronomy 10:4
3219,370,Deuteronomy 10:5
3220,371,Deuteronomy 10:8
3221,372,Deuteronomy 10:12
3222,372,Deuteronomy 10:13
3223,373,Deuteronomy 11:14
3224,373,Deuteronomy 11:15
3225,374,Deuteronomy 11:16
3226,374,Deuteronomy 11:17
3227,375,Deuteronomy 11:22
3228,375,Deuteronomy 11:23
3229,375,Deuteronomy 11:24
3230,375,Deuteronomy 11:25
3231,376,Deuteronomy 11:26
3232,376,Deuteronomy 11:27
3233,376,Deuteronomy 11:28
3234,377,Deuteronomy 12:5
3235,377,Deuteronomy 12:6
3236,377,Deuteronomy 12:7
3237,377,Deuteronomy 12:8
3238,377,Deuteronomy 12:9
3239,377,Deuteronomy 12:10
3240,377,Deuteronomy 12:11
3241,377,Deuteronomy 12:12
3242,377,Deuteronomy 12:13
3243,377,Deuteronomy 12:14
3244,378,Deuteronomy 12:15
3245,378,Deuteronomy 12:16
3246,378,Deuteronomy 12:17
3247,378,Deuteronomy 12:18
3248,378,Deuteronomy 12:19
3249,378,Deuteronomy 12:20
3250,378,Deuteronomy 12:21
3251,378,Deuteronomy 12:22
3252,378,Deuteronomy 12:23
3253,378,Deuteronomy 12:24
3254,378,Deuteronomy 12:25
3255,378,Deuteronomy 12:26
3256,378,Deuteronomy 12:27
3257,378,Deuteronomy 12:28
3258,379,Deuteronomy 13:1
3259,379,Deuteronomy 13:2
3260,379,Deuteronomy 13:3
3261,379,Deuteronomy 13:4
3262,379,Deuteronomy 13:5
3263,379,Deuteronomy 13:6
3264,379,Deuteronomy 13:7
3265,379,Deuteronomy 13:8
3266,379,Deuteronomy 13:9
3267,379,Deuteronomy 13:10
3268,379,Deuteronomy 13:11
3269,379,Deuteronomy 13:12
3270,379,Deuteronomy 13:13
3271,379,Deuteronomy 13:14
3272,379,Deuteronomy 13:15
3273,379,Deuteronomy 13:16
3274,379,Deuteronomy 13:17
3275,379,Deuteronomy 13:18
3276,380,Deuteronomy 14:1
3277,380,Deuteronomy 14:2
3278,381,Deuteronomy 14:3
3279,381,Deuteronomy 14:4
3280,381,Deuteronomy 14:5
3281,381,Deuteronomy 14:6
3282,381,Deuteronomy 14:7
3283,381,Deuteronomy 14:8
3284,381,Deuteronomy 14:9
3285,381,Deuteronomy 14:10
3286,381,Deuteronomy 14:11
3287,381,Deuteronomy 14:12
3288,381,Deuteronomy 14:13
3289,381,Deuteronomy 14:14
3290,381,Deuteronomy 14:15
3291,381,Deuteronomy 14:16
3292,381,Deuteronomy 14:17
3293,381,Deuteronomy 14:18
3294,381,Deuteronomy 14:19
3295,381,Deuteronomy 14:20
3296,381,Deuteronomy 14:21
3297,382,Deuteronomy 14:22
3298,382,Deuteronomy 14:23
3299,382,Deuteronomy 14:24
3300,382,Deuteronomy 14:25
3301,382,Deuteronomy 14:26
3302,382,Deuteronomy 14:27
3303,382,Deuteronomy 14:28
3304,382,Deuteronomy 14:29
3305,383,Deuteronomy 15:1
3306,383,Deuteronomy 15:2
3307,383,Deuteronomy 15:3
3308,383,Deuteronomy 15:4
3309,383,Deuteronomy 15:5
3310,383,Deuteronomy 15:6
3311,383,Deuteronomy 15:7
3312,383,Deuteronomy 15:8
3313,383,Deuteronomy 15:9
3314,383,Deuteronomy 15:10
3315,383,Deuteronomy 15:11
3316,383,Deuteronomy 15:12
3317,383,Deuteronomy 15:13
3318,383,Deuteronomy 15:14
3319,383,Deuteronomy 15:15
3320,383,Deuteronomy 15:16
3321,383,Deuteronomy 15:17
3322,383,Deuteronomy 15:18
3323,384,Deuteronomy 15:19
3324,384,Deuteronomy 15:20
3325,384,Deuteronomy 15:21
3326,384,Deuteronomy 15:22
3327,384,Deuteronomy 15:23
3328,385,Deuteronomy 16:1
3329,385,Deuteronomy 16:2
3330,385,Deuteronomy 16:3
3331,385,Deuteronomy 16:4
3332,385,Deuteronomy 16:5
3333,385,Deuteronomy 16:6
3334,385,Deuteronomy 16:7
3335,385,Deuteronomy 16:8
3336,385,Deuteronomy 16:9
3337,385,Deuteronomy 16:10
3338,385,Deuteronomy 16:11
3339,385,Deuteronomy 16:12
3340,385,Deuteronomy 16:13
3341,385,Deuteronomy 16:14
3342,385,Deuteronomy 16:15
3343,385,Deuteronomy 16:16
3344,385,Deuteronomy 16:17
3345,386,Deuteronomy 16:18
3346,386,Deuteronomy 16:19
3347,386,Deuteronomy 16:20
3348,387,Deuteronomy 16:21
3349,387,Deuteronomy 16:22
3350,388,Deuteronomy 17:1
3351,388,Deuteronomy 17:2
3352,388,Deuteronomy 17:3
3353,388,Deuteronomy 17:4
3354,388,Deuteronomy 17:5
3355,388,Deuteronomy 17:6
3356,388,Deuteronomy 17:7
3357,388,Deuteronomy 17:8
3358,388,Deuteronomy 17:9
3359,388,Deuteronomy 17:10
3360,388,Deuteronomy 17:11
3361,388,Deuteronomy 17:12
3362,388,Deuteronomy 17:13
3363,389,Deuteronomy 17:14
3364,389,Deuteronomy 17:15
3365,389,Deuteronomy 17:16
3366,389,Deuteronomy 17:17
3367,389,Deuteronomy 17:18
3368,389,Deuteronomy 17:19
3369,389,Deuteronomy 17:20
3370,390,Deuteronomy 18:1
3371,390,Deuteronomy 18:2
3372,390,Deuteronomy 18:3
3373,390,Deuteronomy 18:4
3374,390,Deuteronomy 18:5
3375,390,Deuteronomy 18:6
3376,390,Deuteronomy 18:7
3377,390,Deuteronomy 18:8
3378,391,Deuteronomy 18:9
3379,391,Deuteronomy 18:10
3380,391,Deuteronomy 18:11
3381,391,Deuteronomy 18:12
3382,391,Deuteronomy 18:13
3383,391,Deuteronomy 18:14
3384,391,Deuteronomy 18:20
3385,391,Deuteronomy 18:21
3386,391,Deuteronomy 18:22
3387,392,Deuteronomy 18:15
3388,392,Deuteronomy 18:16
3389,392,Deuteronomy 18:17
3390,392,Deuteronomy 18:18
3391,392,Deuteronomy 18:19
3392,393,Deuteronomy 19:1
3393,393,Deuteronomy 19:2
3394,393,Deuteronomy 19:3
3395,393,Deuteronomy 19:4
3396,393,Deuteronomy 19:5
3397,393,Deuteronomy 19:6
3398,393,Deuteronomy 19:7
3399,393,Deuteronomy 19:8
3400,393,Deuteronomy 19:9
3401,393,Deuteronomy 19:10
3402,393,Deuteronomy 19:11
3403,393,Deuteronomy 19:12
3404,393,Deuteronomy 19:13
3405,394,Deuteronomy 19:15
3406,394,Deuteronomy 19:16
3407,394,Deuteronomy 19:17
3408,394,Deuteronomy 19:18
3409,394,Deuteronomy 19:19
3410,394,Deuteronomy 19:20
3411,394,Deuteronomy 19:21
3412,395,Deuteronomy 20:1
3413,395,Deuteronomy 20:2
3414,395,Deuteronomy 20:3
3415,395,Deuteronomy 20:4
3416,395,Deuteronomy 20:5
3417,395,Deuteronomy 20:6
3418,395,Deuteronomy 20:7
3419,395,Deuteronomy 20:8
3420,395,Deuteronomy 20:9
3421,395,Deuteronomy 20:10
3422,395,Deuteronomy 20:11
3423,395,Deuteronomy 20:12
3424,395,Deuteronomy 20:13
3425,395,Deuteronomy 20:14
3426,395,Deuteronomy 20:15
3427,395,Deuteronomy 20:16
3428,395,Deuteronomy 20:17
3429,395,Deuteronomy 20:18
3430,395,Deuteronomy 20:19
3431,395,Deuteronomy 20:20
3432,396,Deuteronomy 20:4
3433,397,Deuteronomy 21:1
3434,397,Deuteronomy 21:2
3435,397,Deuteronomy 21:3
3436,397,Deuteronomy 21:4
3437,397,Deuteronomy 21:5
3438,397,Deuteronomy 21:6
3439,397,Deuteronomy 21:7
3440,397,Deuteronomy 21:8
3441,397,Deuteronomy 21:9
3442,397,Deuteronomy 21:10
3443,397,Deuteronomy 21:11
3444,397,Deuteronomy 21:12
3445,397,Deuteronomy 21:13
3446,397,Deuteronomy 21:14
3447,397,Deuteronomy 21:15
3448,397,Deuteronomy 21:16
3449,397,Deuteronomy 21:17
3450,397,Deuteronomy 21:18
3451,397,Deuteronomy 21:19
3452,397,Deuteronomy 21:20
3453,397,Deuteronomy 21:21
3454,397,Deuteronomy 21:22
3455,397,Deuteronomy 21:23
3456,397,Deuteronomy 22:1
3457,397,Deuteronomy 22:2
3458,397,Deuteronomy 22:3
3459,397,Deuteronomy 22:4
3460,397,Deuteronomy 22:5
3461,397,Deuteronomy 22:6
3462,397,Deuteronomy 22:7
3463,397,Deuteronomy 22:8
3464,397,Deuteronomy 22:9
3465,397,Deuteronomy 22:10
3466,397,Deuteronomy 22:11
3467,397,Deuteronomy 22:12
3468,397,Deuteronomy 22:13
3469,397,Deuteronomy 22:14
3470,397,Deuteronomy 22:15
3471,397,Deuteronomy 22:16
3472,397,Deuteronomy 22:17
3473,397,Deuteronomy 22:18
3474,397,Deuteronomy 22:19
3475,397,Deuteronomy 22:20
3476,397,Deuteronomy 22:21
3477,397,Deuteronomy 22:22
3478,397,Deuteronomy 22:23
3479,397,Deuteronomy 22:24
3480,397,Deuteronomy 22:25
3481,397,Deuteronomy 22:26
3482,397,Deuteronomy 22:27
3483,397,Deuteronomy 22:28
3484,397,Deuteronomy 22:29
3485,397,Deuteronomy 22:30
3486,397,Deuteronomy 23:1
3487,397,Deuteronomy 23:2
3488,397,Deuteronomy 23:3
3489,397,Deuteronomy 23:4
3490,397,Deuteronomy 23:5
3491,397,Deuteronomy 23:6
3492,397,Deuteronomy 23:7
3493,397,Deuteronomy 23:8
3494,397,Deuteronomy 23:9
3495,397,Deuteronomy 23:10
3496,397,Deuteronomy 23:11
3497,397,Deuteronomy 23:12
3498,397,Deuteronomy 23:13
3499,397,Deuteronomy 23:14
3500,397,Deuteronomy 23:15
3501,397,Deuteronomy 23:16
3502,397,Deuteronomy 23:17
3503,397,Deuteronomy 23:18
3504,397,Deuteronomy 23:19
3505,397,Deuteronomy 23:20
3506,397,Deuteronomy 23:21
3507,397,Deuteronomy 23:22
3508,397,Deuteronomy 23:23
3509,397,Deuteronomy 23:24
3510,397,Deuteronomy 23:25
3511,397,Deuteronomy 24:1
3512,397,Deuteronomy 24:2
3513,397,Deuteronomy 24:3
3514,397,Deuteronomy 24:4
3515,397,Deuteronomy 24:5
3516,397,Deuteronomy 24:6
3517,397,Deuteronomy 24:7
3518,397,Deuteronomy 24:8
3519,397,Deuteronomy 24:9
3520,397,Deuteronomy 24:10
3521,397,Deuteronomy 24:11
3522,397,Deuteronomy 24:12
3523,397,Deuteronomy 24:13
3524,397,Deuteronomy 24:14
3525,397,Deuteronomy 24:15
3526,397,Deuteronomy 24:16
3527,397,Deuteronomy 24:17
3528,397,Deuteronomy 24:18
3529,397,Deuteronomy 24:19
3530,397,Deuteronomy 24:20
3531,397,Deuteronomy 24:21
3532,397,Deuteronomy 24:22
3533,397,Deuteronomy 25:1
3534,397,Deuteronomy 25:2
3535,397,Deuteronomy 25:3
3536,397,Deuteronomy 25:4
3537,397,Deuteronomy 25:5
3538,397,Deuteronomy 25:6
3539,397,Deuteronomy 25:7
3540,397,Deuteronomy 25:8
3541,397,Deuteronomy 25:9
3542,397,Deuteronomy 25:10
3543,397,Deuteronomy 25:11
3544,397,Deuteronomy 25:12
3545,397,Deuteronomy 25:13
3546,397,Deuteronomy 25:14
3547,397,Deuteronomy 25:15
3548,397,Deuteronomy 25:16
3549,397,Deuteronomy 25:17
3550,397,Deuteronomy 25:18
3551,397,Deuteronomy 25:19
3552,398,Deuteronomy 26:1
3553,398,Deuteronomy 26:2
3554,398,Deuteronomy 26:3
3555,398,Deuteronomy 26:4
3556,398,Deuteronomy 26:5
3557,398,Deuteronomy 26:6
3558,398,Deuteronomy 26:7
3559,398,Deuteronomy 26:8
3560,398,Deuteronomy 26:9
3561,398,Deuteronomy 26:10
3562,398,Deuteronomy 26:11
3563,399,Deuteronomy 26:12
3564,399,Deuteronomy 26:13
3565,399,Deuteronomy 26:14
3566,399,Deuteronomy 26:15
3567,400,Deuteronomy 26:16
3568,400,Deuteronomy 26:17
3569,400,Deuteronomy 26:18
3570,400,Deuteronomy 26:19
3571,401,Deuteronomy 27:1
3572,401,Deuteronomy 27:2
3573,401,Deuteronomy 27:3
3574,401,Deuteronomy 27:4
3575,401,Deuteronomy 27:5
3576,401,Deuteronomy 27:6
3577,401,Deuteronomy 27:7
3578,401,Deuteronomy 27:8
3579,402,Deuteronomy 27:15
3580,402,Deuteronomy 27:16
3581,402,Deuteronomy 27:17
3582,402,Deuteronomy 27:18
3583,402,Deuteronomy 27:19
3584,402,Deuteronomy 27:20
3585,402,Deuteronomy 27:21
3586,402,Deuteronomy 27:22
3587,402,Deuteronomy 27:23
3588,402,Deuteronomy 27:24
3589,402,Deuteronomy 27:25
3590,402,Deuteronomy 27:26
3591,403,Deuteronomy 28:1
3592,403,Deuteronomy 28:2
3593,403,Deuteronomy 28:3
3594,403,Deuteronomy 28:4
3595,403,Deuteronomy 28:5
3596,403,Deuteronomy 28:6
3597,403,Deuteronomy 28:7
3598,403,Deuteronomy 28:8
3599,403,Deuteronomy 28:9
3600,403,Deuteronomy 28:10
3601,403,Deuteronomy 28:11
3602,403,Deuteronomy 28:12
3603,403,Deuteronomy 28:13
3604,403,Deuteronomy 28:14
3605,404,Deuteronomy 28:15
3606,404,Deuteronomy 28:16
3607,404,Deuteronomy 28:17
3608,404,Deuteronomy 28:18
3609,404,Deuteronomy 28:19
3610,404,Deuteronomy 28:20
3611,404,Deuteronomy 28:21
3612,404,Deuteronomy 28:22
3613,404,Deuteronomy 28:23
3614,404,Deuteronomy 28:24
3615,404,Deuteronomy 28:25
3616,404,Deuteronomy 28:26
3617,404,Deuteronomy 28:27
3618,404,Deuteronomy 28:28
3619,404,Deuteronomy 28:29
3620,404,Deuteronomy 28:30
3621,404,Deuteronomy 28:31
3622,404,Deuteronomy 28:32
3623,404,Deuteronomy 28:33
3624,404,Deuteronomy 28:34
3625,404,Deuteronomy 28:35
3626,404,Deuteronomy 28:36
3627,404,Deuteronomy 28:37
3628,404,Deuteronomy 28:38
3629,404,Deuteronomy 28:39
3630,404,Deuteronomy 28:40
3631,404,Deuteronomy 28:41
3632,404,Deuteronomy 28:42
3633,404,Deuteronomy 28:43
3634,404,Deuteronomy 28:44
3635,404,Deuteronomy 28:45
3636,404,Deuteronomy 28:46
3637,404,Deuteronomy 28:47
3638,404,Deuteronomy 28:48
3639,404,Deuteronomy 28:49
3640,404,Deuteronomy 28:50
3641,404,Deuteronomy 28:51
3642,404,Deuteronomy 28:52
3643,404,Deuteronomy 28:53
3644,404,Deuteronomy 28:54
3645,404,Deuteronomy 28:55
3646,404,Deuteronomy 28:56
3647,404,Deuteronomy 28:57
3648,404,Deuteronomy 28:58
3649,404,Deuteronomy 28:59
3650,404,Deuteronomy 28:60
3651,404,Deuteronomy 28:61
3652,404,Deuteronomy 28:62
3653,404,Deuteronomy 28:63
3654,404,Deuteronomy 28:64
3655,404,Deuteronomy 28:65
3656,404,Deuteronomy 28:66
3657,404,Deuteronomy 28:67
3658,404,Deuteronomy 28:68
3659,405,Deuteronomy 29:5
3660,406,Deuteronomy 29:10
3661,406,Deuteronomy 29:11
3662,406,Deuteronomy 29:12
3663,406,Deuteronomy 29:13
3664,406,Deuteronomy 29:14
3665,406,Deuteronomy 29:15
3666,406,Deuteronomy 29:16
3667,406,Deuteronomy 29:17
3668,406,Deuteronomy 29:18
3669,406,Deuteronomy 29:19
3670,406,Deuteronomy 29:20
3671,406,Deuteronomy 29:21
3672,406,Deuteronomy 29:22
3673,406,Deuteronomy 29:23
3674,406,Deuteronomy 29:24
3675,406,Deuteronomy 29:25
3676,406,Deuteronomy 29:26
3677,406,Deuteronomy 29:27
3678,406,Deuteronomy 29:28
3679,406,Deuteronomy 29:29
3680,407,Deuteronomy 30:1
3681,407,Deuteronomy 30:2
3682,407,Deuteronomy 30:3
3683,407,Deuteronomy 30:4
3684,407,Deuteronomy 30:5
3685,407,Deuteronomy 30:6
3686,407,Deuteronomy 30:7
3687,407,Deuteronomy 30:8
3688,407,Deuteronomy 30:9
3689,407,Deuteronomy 30:10
3690,408,Deuteronomy 30:11
3691,408,Deuteronomy 30:12
3692,408,Deuteronomy 30:13
3693,408,Deuteronomy 30:14
3694,408,Deuteronomy 30:15
3695,408,Deuteronomy 30:16
3696,408,Deuteronomy 30:17
3697,408,Deuteronomy 30:18
3698,408,Deuteronomy 30:19
3699,408,Deuteronomy 30:20
3700,409,Deuteronomy 31:2
3701,409,Deuteronomy 31:14
3702,410,Deuteronomy 31:15
3703,411,Deuteronomy 31:16
3704,411,Deuteronomy 31:17
3705,411,Deuteronomy 31:18
3706,412,Deuteronomy 31:19
3707,412,Deuteronomy 31:20
3708,412,Deuteronomy 31:21
3709,412,Deuteronomy 31:22
3710,413,Deuteronomy 31:23
3711,414,Deuteronomy 32:1
3712,414,Deuteronomy 32:2
3713,414,Deuteronomy 32:3
3714,414,Deuteronomy 32:4
3715,414,Deuteronomy 32:5
3716,414,Deuteronomy 32:6
3717,414,Deuteronomy 32:7
3718,414,Deuteronomy 32:8
3719,414,Deuteronomy 32:9
3720,414,Deuteronomy 32:10
3721,414,Deuteronomy 32:11
3722,414,Deuteronomy 32:12
3723,414,Deuteronomy 32:13
3724,414,Deuteronomy 32:14
3725,414,Deuteronomy 32:15
3726,414,Deuteronomy 32:16
3727,414,Deuteronomy 32:17
3728,414,Deuteronomy 32:18
3729,414,Deuteronomy 32:19
3730,414,Deuteronomy 32:20
3731,414,Deuteronomy 32:21
3732,414,Deuteronomy 32:22
3733,414,Deuteronomy 32:23
3734,414,Deuteronomy 32:24
3735,414,Deuteronomy 32:25
3736,414,Deuteronomy 32:26
3737,414,Deuteronomy 32:27
3738,414,Deuteronomy 32:28
3739,414,Deuteronomy 32:29
3740,414,Deuteronomy 32:30
3741,414,Deuteronomy 32:31
3742,414,Deuteronomy 32:32
3743,414,Deuteronomy 32:33
3744,414,Deuteronomy 32:34
3745,414,Deuteronomy 32:35
3746,414,Deuteronomy 32:36
3747,414,Deuteronomy 32:37
3748,414,Deuteronomy 32:38
3749,414,Deuteronomy 32:39
3750,414,Deuteronomy 32:40
3751,414,Deuteronomy 32:41
3752,414,Deuteronomy 32:42
3753,414,Deuteronomy 32:43
3754,415,Deuteronomy 32:48
3755,415,Deuteronomy 32:49
3756,415,Deuteronomy 32:50
3757,415,Deuteronomy 32:51
3758,415,Deuteronomy 32:52
3759,416,Deuteronomy 33:1
3760,416,Deuteronomy 33:2
3761,416,Deuteronomy 33:3
3762,416,Deuteronomy 33:4
3763,416,Deuteronomy 33:5
3764,416,Deuteronomy 33:6
3765,416,Deuteronomy 33:7
3766,416,Deuteronomy 33:8
3767,416,Deuteronomy 33:9
3768,416,Deuteronomy 33:10
3769,416,Deuteronomy 33:11
3770,416,Deuteronomy 33:12
3771,416,Deuteronomy 33:13
3772,416,Deuteronomy 33:14
3773,416,Deuteronomy 33:15
3774,416,Deuteronomy 33:16
3775,416,Deuteronomy 33:17
3776,416,Deuteronomy 33:18
3777,416,Deuteronomy 33:19
3778,416,Deuteronomy 33:20
3779,416,Deuteronomy 33:21
3780,416,Deuteronomy 33:22
3781,416,Deuteronomy 33:23
3782,416,Deuteronomy 33:24
3783,416,Deuteronomy 33:25
3784,416,Deuteronomy 33:26
3785,416,Deuteronomy 33:27
3786,416,Deuteronomy 33:28
3787,416,Deuteronomy 33:29
3788,417,Deuteronomy 34:1
3789,417,Deuteronomy 34:2
3790,417,Deuteronomy 34:3
3791,417,Deuteronomy 34:4
3792,418,Deuteronomy 34:5
3793,418,Deuteronomy 34:6
3794,419,Deuteronomy 34:7
3795,420,Joshua 1:1
3796,420,Joshua 1:2
3797,420,Joshua 1:3
3798,420,Joshua 1:4
3799,420,Joshua 1:5
3800,420,Joshua 1:6
3801,420,Joshua 1:7
3802,420,Joshua 1:8
3803,420,Joshua 1:9
3804,421,Joshua 1:5
3805,421,Joshua 1:9
3806,422,Joshua 1:6
3807,422,Joshua 1:7
3808,422,Joshua 1:9
3809,423,Joshua 1:7
3810,423,Joshua 1:8
3811,424,Joshua 2:1
3812,424,Joshua 2:2
3813,424,Joshua 2:3
3814,424,Joshua 2:4
3815,424,Joshua 2:5
3816,424,Joshua 2:6
3817,424,Joshua 2:7
3818,425,Joshua 2:8
3819,425,Joshua 2:9
3820,425,Joshua 2:10
3821,425,Joshua 2:11
3822,425,Joshua 2:12
3823,425,Joshua 2:13
3824,425,Joshua 2:14
3825,425,Joshua 2:15
3826,425,Joshua 2:16
3827,425,Joshua 2:17
3828,425,Joshua 2:18
3829,425,Joshua 2:19
3830,425,Joshua 2:20
3831,425,Joshua 2:21
3832,426,Joshua 2:15
3833,426,Joshua 2:16
3834,426,Joshua 2:17
3835,426,Joshua 2:18
3836,426,Joshua 2:19
3837,426,Joshua 2:20
3838,426,Joshua 2:21
3839,426,Joshua 2:22
3840,426,Joshua 2:23
3841,426,Joshua 2:24
3842,427,Joshua 3:1
3843,427,Joshua 3:2
3844,427,Joshua 3:3
3845,427,Joshua 3:4
3846,428,Joshua 3:7
3847,429,Joshua 3:8
3848,430,Joshua 3:15
3849,430,Joshua 3:16
3850,430,Joshua 3:17
3851,431,Joshua 3:17
3852,432,Joshua 4:1
3853,432,Joshua 4:2
3854,432,Joshua 4:3
3855,432,Joshua 4:4
3856,432,Joshua 4:5
3857,432,Joshua 4:6
3858,432,Joshua 4:7
3859,432,Joshua 4:8
3860,432,Joshua 4:9
3861,433,Joshua 4:18
3862,434,Joshua 4:14
3863,435,Joshua 5:2
3864,435,Joshua 5:3
3865,436,Joshua 5:9
3866,437,Joshua 5:12
3867,438,Joshua 5:13
3868,438,Joshua 5:14
3869,438,Joshua 5:15
3870,440,Joshua 6:2
3871,440,Joshua 6:3
3872,440,Joshua 6:4
3873,440,Joshua 6:5
3874,441,Joshua 6:20
3875,442,Joshua 6:17
3876,442,Joshua 6:23
3877,442,Joshua 6:25
3878,443,Joshua 6:26
3879,444,Joshua 7:1
3880,445,Joshua 7:4
3881,445,Joshua 7:5
3882,447,Joshua 7:10
3883,447,Joshua 7:11
3884,447,Joshua 7:12
3885,447,Joshua 7:13
3886,447,Joshua 7:14
3887,447,Joshua 7:15
3888,448,Joshua 7:16
3889,448,Joshua 7:17
3890,448,Joshua 7:18
3891,450,Joshua 7:24
3892,450,Joshua 7:25
3893,450,Joshua 7:26
3894,451,Joshua 8:1
3895,452,Joshua 8:1
3896,452,Joshua 8:2
3897,453,Joshua 8:7
3898,453,Joshua 8:18
3899,454,Joshua 8:18
3900,454,Joshua 8:26
3901,455,Joshua 8:24
3902,455,Joshua 8:25
3903,455,Joshua 8:26
3904,455,Joshua 8:27
3905,455,Joshua 8:28
3906,455,Joshua 8:29
3907,459,Joshua 10:12
3908,459,Joshua 10:13
3909,459,Joshua 10:14
3910,460,Joshua 10:14
3911,461,Joshua 10:11
3912,462,Joshua 10:11
3913,465,Joshua 10:19
3914,465,Joshua 10:24
3915,465,Joshua 10:25
3916,466,Joshua 10:28
3917,466,Joshua 10:29
3918,466,Joshua 10:30
3919,466,Joshua 10:31
3920,466,Joshua 10:32
3921,466,Joshua 10:33
3922,466,Joshua 10:34
3923,466,Joshua 10:35
3924,466,Joshua 10:36
3925,466,Joshua 10:37
3926,466,Joshua 10:38
3927,466,Joshua 10:39
3928,466,Joshua 10:40
3929,466,Joshua 10:41
3930,466,Joshua 10:42
3931,466,Joshua 10:43
3932,468,Joshua 11:6
3933,469,Joshua 11:6
3934,470,Joshua 11:7
3935,470,Joshua 11:8
3936,471,Joshua 11:9
3937,471,Joshua 11:10
3938,471,Joshua 11:11
3939,471,Joshua 11:12
3940,471,Joshua 11:13
3941,472,Joshua 11:20
3942,473,Joshua 11:23
3943,474,Joshua 13:1
3944,474,Joshua 13:2
3945,474,Joshua 13:3
3946,474,Joshua 13:4
3947,474,Joshua 13:5
3948,474,Joshua 13:6
3949,474,Joshua 13:7
3950,475,Joshua 13:1
3951,476,Joshua 14:6
3952,476,Joshua 14:7
3953,476,Joshua 14:8
3954,476,Joshua 14:9
3955,476,Joshua 14:10
3956,476,Joshua 14:11
3957,476,Joshua 14:12
3958,476,Joshua 14:13
3959,476,Joshua 14:14
3960,476,Joshua 14:15
3961,477,Joshua 14:10
3962,477,Joshua 14:11
3963,478,Joshua 14:15
3964,479,Joshua 20:1
3965,479,Joshua 20:2
3966,479,Joshua 20:3
3967,479,Joshua 20:4
3968,479,Joshua 20:5
3969,479,Joshua 20:6
3970,479,Joshua 20:7
3971,479,Joshua 20:8
3972,479,Joshua 20:9
3973,480,Joshua 21:1
3974,480,Joshua 21:2
3975,480,Joshua 21:3
3976,480,Joshua 21:4
3977,480,Joshua 21:5
3978,480,Joshua 21:6
3979,480,Joshua 21:7
3980,480,Joshua 21:8
3981,480,Joshua 21:9
3982,480,Joshua 21:10
3983,480,Joshua 21:11
3984,480,Joshua 21:12
3985,480,Joshua 21:13
3986,480,Joshua 21:14
3987,480,Joshua 21:15
3988,480,Joshua 21:16
3989,480,Joshua 21:17
3990,480,Joshua 21:18
3991,480,Joshua 21:19
3992,480,Joshua 21:20
3993,480,Joshua 21:21
3994,480,Joshua 21:22
3995,480,Joshua 21:23
3996,480,Joshua 21:24
3997,480,Joshua 21:25
3998,480,Joshua 21:26
3999,480,Joshua 21:27
4000,480,Joshua 21:28
4001,480,Joshua 21:29
4002,480,Joshua 21:30
4003,480,Joshua 21:31
4004,480,Joshua 21:32
4005,480,Joshua 21:33
4006,480,Joshua 21:34
4007,480,Joshua 21:35
4008,480,Joshua 21:36
4009,480,Joshua 21:37
4010,480,Joshua 21:38
4011,480,Joshua 21:39
4012,480,Joshua 21:40
4013,480,Joshua 21:41
4014,480,Joshua 21:42
4015,480,Joshua 21:43
4016,480,Joshua 21:44
4017,480,Joshua 21:45
4018,481,Joshua 21:43
4019,482,Joshua 21:44
4020,483,Joshua 21:45
4021,487,Joshua 22:30
4022,487,Joshua 22:31
4023,487,Joshua 22:32
4024,487,Joshua 22:33
4025,487,Joshua 22:34
4026,489,Joshua 23:3
4027,489,Joshua 23:4
4028,489,Joshua 23:5
4029,490,Joshua 23:11
4030,490,Joshua 23:12
4031,490,Joshua 23:13
4032,490,Joshua 23:14
4033,490,Joshua 23:15
4034,490,Joshua 23:16
4035,492,Joshua 24:12
4036,493,Joshua 24:25
4037,493,Joshua 24:26
4038,493,Joshua 24:27
4039,493,Joshua 24:28
4040,494,Judges 1:2
4041,495,Judges 2:1
4042,496,Judges 2:1
4043,496,Judges 2:2
4044,496,Judges 2:3
4045,497,Judges 2:13
4046,497,Judges 2:14
4047,497,Judges 2:15
4048,498,Judges 2:16
4049,499,Judges 2:18
4050,500,Judges 2:20
4051,500,Judges 2:21
4052,500,Judges 2:22
4053,501,Judges 2:23
4054,501,Judges 3:1
4055,501,Judges 3:2
4056,501,Judges 3:3
4057,501,Judges 3:4
4058,502,Judges 3:8
4059,503,Judges 3:9
4060,504,Judges 3:10
4061,505,Judges 3:10
4062,506,Judges 3:10
4063,507,Judges 3:11
4064,508,Judges 3:12
4065,509,Judges 3:15
4066,510,Judges 3:15
4067,510,Judges 3:16
4068,510,Judges 3:17
4069,510,Judges 3:18
4070,510,Judges 3:19
4071,510,Judges 3:20
4072,510,Judges 3:21
4073,510,Judges 3:22
4074,510,Judges 3:23
4075,510,Judges 3:24
4076,510,Judges 3:25
4077,510,Judges 3:26
4078,510,Judges 3:27
4079,510,Judges 3:28
4080,510,Judges 3:29
4081,510,Judges 3:30
4082,511,Judges 3:28
4083,511,Judges 3:29
4084,512,Judges 3:30
4085,513,Judges 3:31
4086,514,Judges 4:1
4087,514,Judges 4:2
4088,515,Judges 4:4
4089,516,Judges 4:6
4090,517,Judges 4:7
4091,518,Judges 4:15
4092,519,Judges 4:16
4093,520,Judges 4:17
4094,520,Judges 4:18
4095,520,Judges 4:19
4096,520,Judges 4:20
4097,520,Judges 4:21
4098,520,Judges 4:22
4099,521,Judges 4:23
4100,521,Judges 4:24
4101,522,Judges 5:20
4102,523,Judges 5:21
4103,524,Judges 5:23
4104,525,Judges 5:31
4105,526,Judges 6:1
4106,527,Judges 6:2
4107,527,Judges 6:3
4108,527,Judges 6:4
4109,527,Judges 6:5
4110,527,Judges 6:6
4111,528,Judges 6:8
4112,528,Judges 6:9
4113,528,Judges 6:10
4114,529,Judges 6:8
4115,529,Judges 6:9
4116,530,Judges 6:11
4117,530,Judges 6:12
4118,531,Judges 6:12
4119,532,Judges 6:12
4120,533,Judges 6:14
4121,534,Judges 6:16
4122,535,Judges 6:18
4123,536,Judges 6:20
4124,537,Judges 6:21
4125,538,Judges 6:21
4126,539,Judges 6:23
4127,540,Judges 6:25
4128,540,Judges 6:26
4129,541,Judges 6:34
4130,542,Judges 6:34
4131,542,Judges 6:35
4132,543,Judges 6:38
4133,544,Judges 6:40
4134,545,Judges 7:2
4135,545,Judges 7:3
4136,546,Judges 7:3
4137,547,Judges 7:4
4138,547,Judges 7:5
4139,547,Judges 7:6
4140,547,Judges 7:7
4141,548,Judges 7:7
4142,549,Judges 7:7
4143,550,Judges 7:9
4144,551,Judges 7:10
4145,551,Judges 7:11
4146,551,Judges 7:12
4147,551,Judges 7:13
4148,551,Judges 7:14
4149,551,Judges 7:15
4150,552,Judges 7:13
4151,552,Judges 7:14
4152,553,Judges 7:22
4153,554,Judges 7:25
4154,555,Judges 8:28
4155,556,Judges 9:20
4156,557,Judges 9:23
4157,557,Judges 9:24
4158,558,Judges 9:56
4159,558,Judges 9:57
4160,559,Judges 10:1
4161,560,Judges 10:3
4162,561,Judges 10:7
4163,562,Judges 10:8
4164,563,Judges 10:11
4165,563,Judges 10:12
4166,563,Judges 10:13
4167,563,Judges 10:14
4168,564,Judges 10:16
4169,565,Judges 11:29
4170,566,Judges 11:32
4171,566,Judges 11:33
4172,567,Judges 13:1
4173,568,Judges 13:3
4174,569,Judges 13:3
4175,569,Judges 13:4
4176,569,Judges 13:5
4177,570,Judges 13:4
4178,570,Judges 13:5
4179,571,Judges 13:5
4180,572,Judges 13:9
4181,573,Judges 13:13
4182,573,Judges 13:14
4183,574,Judges 13:18
4184,575,Judges 13:20
4185,576,Judges 13:24
4186,577,Judges 13:24
4187,578,Judges 13:25
4188,579,Judges 14:1
4189,579,Judges 14:2
4190,579,Judges 14:3
4191,579,Judges 14:4
4192,580,Judges 14:6
4193,581,Judges 14:6
4194,582,Judges 14:8
4195,582,Judges 14:9
4196,583,Judges 14:19
4197,584,Judges 14:19
4198,585,Judges 15:14
4199,586,Judges 15:14
4200,587,Judges 15:15
4201,587,Judges 15:16
4202,588,Judges 15:18
4203,588,Judges 15:19
4204,589,Judges 16:3
4205,590,Judges 16:19
4206,590,Judges 16:20
4207,591,Judges 16:22
4208,592,Judges 16:28
4209,592,Judges 16:29
4210,592,Judges 16:30
4211,593,Judges 16:30
4212,594,Judges 20:18
4213,595,Judges 20:21
4214,596,Judges 20:23
4215,597,Judges 20:21
4216,597,Judges 20:25
4217,598,Judges 20:28
4218,599,Judges 20:35
4219,600,Ruth 1:1
4220,601,Ruth 1:3
4221,601,Ruth 1:4
4222,601,Ruth 1:5
4223,602,Ruth 1:6
4224,603,Ruth 1:6
4225,604,Ruth 1:22
4226,605,Ruth 2:3
4227,606,Ruth 2:15
4228,606,Ruth 2:16
4229,607,Ruth 2:17
4230,607,Ruth 2:18
4231,608,Ruth 2:20
4232,609,Ruth 3:2
4233,610,Ruth 3:13
4234,610,Ruth 3:14
4235,610,Ruth 3:15
4236,611,Ruth 4:9
4237,611,Ruth 4:10
4238,612,Ruth 4:13
4239,613,Ruth 4:13
4240,614,Ruth 4:14
4241,615,Ruth 4:15
4242,616,Ruth 4:17
4243,616,Ruth 4:18
4244,616,Ruth 4:19
4245,616,Ruth 4:20
4246,616,Ruth 4:21
4247,616,Ruth 4:22
4248,617,1 Samuel 1:4
4249,617,1 Samuel 1:5
4250,618,1 Samuel 1:10
4251,618,1 Samuel 1:11
4252,618,1 Samuel 1:17
4253,618,1 Samuel 1:18
4254,618,1 Samuel 1:19
4255,618,1 Samuel 1:20
4256,619,1 Samuel 1:20
4257,619,1 Samuel 1:21
4258,620,1 Samuel 2:21
4259,620,1 Samuel 2:26
4260,621,1 Samuel 2:27
4261,621,1 Samuel 2:28
4262,621,1 Samuel 2:29
4263,621,1 Samuel 2:30
4264,621,1 Samuel 2:31
4265,621,1 Samuel 2:32
4266,621,1 Samuel 2:33
4267,621,1 Samuel 2:34
4268,621,1 Samuel 2:35
4269,621,1 Samuel 2:36
4270,622,1 Samuel 3:4
4271,622,1 Samuel 3:5
4272,622,1 Samuel 3:6
4273,622,1 Samuel 3:7
4274,622,1 Samuel 3:8
4275,622,1 Samuel 3:9
4276,622,1 Samuel 3:10
4277,623,1 Samuel 3:11
4278,623,1 Samuel 3:12
4279,623,1 Samuel 3:13
4280,623,1 Samuel 3:14
4281,624,1 Samuel 3:19
4282,624,1 Samuel 3:20
4283,624,1 Samuel 3:21
4284,625,1 Samuel 3:21
4285,626,1 Samuel 4:10
4286,626,1 Samuel 4:11
4287,627,1 Samuel 4:17
4288,627,1 Samuel 4:18
4289,628,1 Samuel 4:18
4290,629,1 Samuel 4:19
4291,629,1 Samuel 4:20
4292,629,1 Samuel 4:21
4293,629,1 Samuel 4:22
4294,630,1 Samuel 5:2
4295,630,1 Samuel 5:3
4296,630,1 Samuel 5:4
4297,631,1 Samuel 5:6
4298,631,1 Samuel 5:7
4299,632,1 Samuel 5:8
4300,632,1 Samuel 5:9
4301,633,1 Samuel 5:10
4302,633,1 Samuel 5:11
4303,633,1 Samuel 5:12
4304,634,1 Samuel 6:19
4305,635,1 Samuel 7:1
4306,635,1 Samuel 7:2
4307,636,1 Samuel 7:3
4308,636,1 Samuel 7:4
4309,637,1 Samuel 7:10
4310,638,1 Samuel 7:10
4311,638,1 Samuel 7:11
4312,639,1 Samuel 7:13
4313,639,1 Samuel 7:14
4314,640,1 Samuel 8:7
4315,640,1 Samuel 8:8
4316,640,1 Samuel 8:9
4317,641,1 Samuel 8:10
4318,641,1 Samuel 8:11
4319,641,1 Samuel 8:12
4320,641,1 Samuel 8:13
4321,641,1 Samuel 8:14
4322,641,1 Samuel 8:15
4323,641,1 Samuel 8:16
4324,641,1 Samuel 8:17
4325,641,1 Samuel 8:18
4326,642,1 Samuel 8:22
4327,643,1 Samuel 9:15
4328,643,1 Samuel 9:16
4329,644,1 Samuel 9:17
4330,645,1 Samuel 10:1
4331,646,1 Samuel 10:2
4332,646,1 Samuel 10:3
4333,646,1 Samuel 10:4
4334,646,1 Samuel 10:5
4335,646,1 Samuel 10:6
4336,646,1 Samuel 10:7
4337,646,1 Samuel 10:8
4338,646,1 Samuel 10:9
4339,647,1 Samuel 10:9
4340,648,1 Samuel 10:9
4341,648,1 Samuel 10:10
4342,649,1 Samuel 10:10
4343,649,1 Samuel 10:11
4344,649,1 Samuel 10:12
4345,649,1 Samuel 10:13
4346,650,1 Samuel 10:18
4347,650,1 Samuel 10:19
4348,651,1 Samuel 10:20
4349,651,1 Samuel 10:21
4350,652,1 Samuel 10:22
4351,653,1 Samuel 11:6
4352,654,1 Samuel 12:5
4353,654,1 Samuel 12:6
4354,655,1 Samuel 12:17
4355,655,1 Samuel 12:18
4356,656,1 Samuel 13:13
4357,656,1 Samuel 13:14
4358,657,1 Samuel 14:41
4359,657,1 Samuel 14:42
4360,658,1 Samuel 15:2
4361,658,1 Samuel 15:3
4362,659,1 Samuel 15:10
4363,659,1 Samuel 15:11
4364,660,1 Samuel 15:17
4365,660,1 Samuel 15:18
4366,660,1 Samuel 15:19
4367,661,1 Samuel 15:22
4368,661,1 Samuel 15:23
4369,662,1 Samuel 15:28
4370,662,1 Samuel 15:29
4371,663,1 Samuel 15:35
4372,664,1 Samuel 16:1
4373,664,1 Samuel 16:2
4374,664,1 Samuel 16:3
4375,665,1 Samuel 16:6
4376,665,1 Samuel 16:7
4377,665,1 Samuel 16:8
4378,665,1 Samuel 16:9
4379,665,1 Samuel 16:10
4380,666,1 Samuel 16:11
4381,666,1 Samuel 16:12
4382,667,1 Samuel 16:13
4383,668,1 Samuel 16:14
4384,669,1 Samuel 16:23
4385,670,1 Samuel 17:45
4386,670,1 Samuel 17:46
4387,670,1 Samuel 17:47
4388,670,1 Samuel 17:48
4389,670,1 Samuel 17:49
4390,670,1 Samuel 17:50
4391,670,1 Samuel 17:51
4392,671,1 Samuel 18:12
4393,671,1 Samuel 18:14
4394,671,1 Samuel 18:28
4395,672,1 Samuel 18:10
4396,673,1 Samuel 18:10
4397,673,1 Samuel 18:11
4398,674,1 Samuel 18:14
4399,675,1 Samuel 19:9
4400,675,1 Samuel 19:10
4401,676,1 Samuel 19:10
4402,677,1 Samuel 19:20
4403,677,1 Samuel 19:21
4404,677,1 Samuel 19:22
4405,677,1 Samuel 19:23
4406,677,1 Samuel 19:24
4407,678,1 Samuel 23:2
4408,678,1 Samuel 23:3
4409,678,1 Samuel 23:4
4410,679,1 Samuel 23:10
4411,679,1 Samuel 23:11
4412,679,1 Samuel 23:12
4413,680,1 Samuel 23:14
4414,681,1 Samuel 23:25
4415,681,1 Samuel 23:26
4416,681,1 Samuel 23:27
4417,681,1 Samuel 23:28
4418,682,1 Samuel 24:1
4419,682,1 Samuel 24:2
4420,682,1 Samuel 24:3
4421,682,1 Samuel 24:4
4422,682,1 Samuel 24:5
4423,682,1 Samuel 24:6
4424,682,1 Samuel 24:7
4425,683,1 Samuel 24:16
4426,683,1 Samuel 24:17
4427,683,1 Samuel 24:18
4428,683,1 Samuel 24:19
4429,683,1 Samuel 24:20
4430,684,1 Samuel 25:38
4431,685,1 Samuel 25:39
4432,685,1 Samuel 25:40
4433,685,1 Samuel 25:41
4434,685,1 Samuel 25:42
4435,686,1 Samuel 26:7
4436,686,1 Samuel 26:8
4437,686,1 Samuel 26:9
4438,686,1 Samuel 26:10
4439,686,1 Samuel 26:11
4440,686,1 Samuel 26:12
4441,687,1 Samuel 26:12
4442,688,1 Samuel 28:11
4443,688,1 Samuel 28:12
4444,688,1 Samuel 28:13
4445,688,1 Samuel 28:14
4446,688,1 Samuel 28:15
4447,688,1 Samuel 28:16
4448,688,1 Samuel 28:17
4449,688,1 Samuel 28:18
4450,688,1 Samuel 28:19
4451,689,1 Samuel 28:19
4452,690,1 Samuel 30:7
4453,690,1 Samuel 30:8
4454,691,1 Samuel 30:17
4455,691,1 Samuel 30:18
4456,691,1 Samuel 30:19
4457,691,1 Samuel 30:20
4458,692,1 Samuel 31:1
4459,692,1 Samuel 31:2
4460,692,1 Samuel 31:3
4461,692,1 Samuel 31:4
4462,692,1 Samuel 31:5
4463,692,1 Samuel 31:6
4464,692,1 Samuel 31:7
4465,693,2 Samuel 2:1
4466,694,2 Samuel 2:4
4467,695,2 Samuel 2:4
4468,695,2 Samuel 2:5
4469,695,2 Samuel 2:6
4470,695,2 Samuel 2:7
4471,696,2 Samuel 3:1
4472,697,2 Samuel 3:1
4473,698,2 Samuel 3:27
4474,698,2 Samuel 3:28
4475,698,2 Samuel 3:29
4476,698,2 Samuel 3:30
4477,699,2 Samuel 3:28
4478,699,2 Samuel 3:29
4479,700,2 Samuel 4:5
4480,700,2 Samuel 4:6
4481,700,2 Samuel 4:7
4482,700,2 Samuel 4:8
4483,701,2 Samuel 4:9
4484,701,2 Samuel 4:10
4485,701,2 Samuel 4:11
4486,701,2 Samuel 4:12
4487,702,2 Samuel 5:1
4488,702,2 Samuel 5:2
4489,702,2 Samuel 5:3
4490,703,2 Samuel 5:6
4491,703,2 Samuel 5:7
4492,703,2 Samuel 5:8
4493,704,2 Samuel 5:10
4494,705,2 Samuel 5:11
4495,706,2 Samuel 5:12
4496,707,2 Samuel 5:13
4497,707,2 Samuel 5:14
4498,707,2 Samuel 5:15
4499,707,2 Samuel 5:16
4500,708,2 Samuel 5:19
4501,709,2 Samuel 5:19
4502,710,2 Samuel 5:20
4503,711,2 Samuel 5:23
4504,712,2 Samuel 5:23
4505,712,2 Samuel 5:24
4506,713,2 Samuel 5:24
4507,714,2 Samuel 5:24
4508,714,2 Samuel 5:25
4509,715,2 Samuel 6:1
4510,715,2 Samuel 6:2
4511,716,2 Samuel 6:6
4512,716,2 Samuel 6:7
4513,717,2 Samuel 6:8
4514,717,2 Samuel 6:9
4515,718,2 Samuel 6:11
4516,719,2 Samuel 6:12
4517,719,2 Samuel 6:13
4518,719,2 Samuel 6:14
4519,719,2 Samuel 6:15
4520,720,2 Samuel 6:16
4521,720,2 Samuel 6:20
4522,720,2 Samuel 6:21
4523,720,2 Samuel 6:22
4524,720,2 Samuel 6:23
4525,721,2 Samuel 7:1
4526,721,2 Samuel 7:2
4527,721,2 Samuel 7:3
4528,722,2 Samuel 7:3
4529,723,2 Samuel 7:4
4530,723,2 Samuel 7:5
4531,723,2 Samuel 7:6
4532,723,2 Samuel 7:7
4533,723,2 Samuel 7:8
4534,723,2 Samuel 7:9
4535,723,2 Samuel 7:10
4536,723,2 Samuel 7:11
4537,723,2 Samuel 7:12
4538,723,2 Samuel 7:13
4539,723,2 Samuel 7:14
4540,723,2 Samuel 7:15
4541,723,2 Samuel 7:16
4542,723,2 Samuel 7:17
4543,724,2 Samuel 7:8
4544,724,2 Samuel 7:9
4545,724,2 Samuel 7:10
4546,724,2 Samuel 7:11
4547,724,2 Samuel 7:12
4548,724,2 Samuel 7:13
4549,724,2 Samuel 7:14
4550,724,2 Samuel 7:15
4551,724,2 Samuel 7:16
4552,725,2 Samuel 7:12
4553,725,2 Samuel 7:13
4554,726,2 Samuel 7:13
4555,726,2 Samuel 7:16
4556,727,2 Samuel 7:17
4557,728,2 Samuel 7:18
4558,728,2 Samuel 7:19
4559,728,2 Samuel 7:20
4560,728,2 Samuel 7:21
4561,728,2 Samuel 7:22
4562,728,2 Samuel 7:23
4563,728,2 Samuel 7:24
4564,728,2 Samuel 7:25
4565,728,2 Samuel 7:26
4566,728,2 Samuel 7:27
4567,728,2 Samuel 7:28
4568,728,2 Samuel 7:29
4569,729,2 Samuel 8:1
4570,729,2 Samuel 8:2
4571,729,2 Samuel 8:3
4572,729,2 Samuel 8:4
4573,729,2 Samuel 8:5
4574,729,2 Samuel 8:6
4575,729,2 Samuel 8:7
4576,729,2 Samuel 8:8
4577,729,2 Samuel 8:9
4578,729,2 Samuel 8:10
4579,729,2 Samuel 8:11
4580,729,2 Samuel 8:12
4581,729,2 Samuel 8:13
4582,729,2 Samuel 8:14
4583,730,2 Samuel 8:6
4584,730,2 Samuel 8:14
4585,731,2 Samuel 9:1
4586,731,2 Samuel 9:2
4587,731,2 Samuel 9:3
4588,731,2 Samuel 9:4
4589,731,2 Samuel 9:5
4590,731,2 Samuel 9:6
4591,731,2 Samuel 9:7
4592,731,2 Samuel 9:8
4593,731,2 Samuel 9:9
4594,731,2 Samuel 9:10
4595,731,2 Samuel 9:11
4596,731,2 Samuel 9:12
4597,731,2 Samuel 9:13
4598,732,2 Samuel 10:9
4599,732,2 Samuel 10:10
4600,732,2 Samuel 10:11
4601,732,2 Samuel 10:12
4602,732,2 Samuel 10:13
4603,732,2 Samuel 10:14
4604,732,2 Samuel 10:15
4605,732,2 Samuel 10:16
4606,732,2 Samuel 10:17
4607,732,2 Samuel 10:18
4608,732,2 Samuel 10:19
4609,733,2 Samuel 11:2
4610,733,2 Samuel 11:3
4611,733,2 Samuel 11:4
4612,734,2 Samuel 11:5
4613,735,2 Samuel 11:14
4614,735,2 Samuel 11:15
4615,735,2 Samuel 11:16
4616,735,2 Samuel 11:17
4617,736,2 Samuel 11:27
4618,737,2 Samuel 12:1
4619,738,2 Samuel 12:1
4620,738,2 Samuel 12:2
4621,738,2 Samuel 12:3
4622,738,2 Samuel 12:4
4623,739,2 Samuel 12:7
4624,739,2 Samuel 12:8
4625,739,2 Samuel 12:9
4626,739,2 Samuel 12:10
4627,739,2 Samuel 12:11
4628,739,2 Samuel 12:12
4629,740,2 Samuel 12:10
4630,740,2 Samuel 12:11
4631,740,2 Samuel 12:12
4632,741,2 Samuel 12:13
4633,742,2 Samuel 12:13
4634,742,2 Samuel 12:14
4635,743,2 Samuel 12:15
4636,744,2 Samuel 12:16
4637,744,2 Samuel 12:17
4638,745,2 Samuel 12:18
4639,746,2 Samuel 12:20
4640,747,2 Samuel 12:24
4641,748,2 Samuel 12:24
4642,748,2 Samuel 12:25
4643,749,2 Samuel 12:26
4644,749,2 Samuel 12:27
4645,749,2 Samuel 12:28
4646,749,2 Samuel 12:29
4647,749,2 Samuel 12:30
4648,749,2 Samuel 12:31
4649,750,2 Samuel 13:1
4650,750,2 Samuel 13:2
4651,750,2 Samuel 13:3
4652,750,2 Samuel 13:4
4653,750,2 Samuel 13:5
4654,750,2 Samuel 13:6
4655,750,2 Samuel 13:7
4656,750,2 Samuel 13:8
4657,750,2 Samuel 13:9
4658,750,2 Samuel 13:10
4659,750,2 Samuel 13:11
4660,750,2 Samuel 13:12
4661,750,2 Samuel 13:13
4662,750,2 Samuel 13:14
4663,751,2 Samuel 13:28
4664,751,2 Samuel 13:29
4665,752,2 Samuel 14:1
4666,752,2 Samuel 14:2
4667,752,2 Samuel 14:3
4668,752,2 Samuel 14:4
4669,752,2 Samuel 14:5
4670,752,2 Samuel 14:6
4671,752,2 Samuel 14:7
4672,752,2 Samuel 14:8
4673,752,2 Samuel 14:9
4674,752,2 Samuel 14:10
4675,752,2 Samuel 14:11
4676,752,2 Samuel 14:12
4677,752,2 Samuel 14:13
4678,752,2 Samuel 14:14
4679,752,2 Samuel 14:15
4680,752,2 Samuel 14:16
4681,752,2 Samuel 14:17
4682,752,2 Samuel 14:18
4683,752,2 Samuel 14:19
4684,752,2 Samuel 14:20
4685,753,2 Samuel 14:21
4686,753,2 Samuel 14:22
4687,753,2 Samuel 14:23
4688,753,2 Samuel 14:24
4689,754,2 Samuel 15:10
4690,754,2 Samuel 15:11
4691,754,2 Samuel 15:12
4692,755,2 Samuel 15:13
4693,755,2 Samuel 15:14
4694,755,2 Samuel 15:15
4695,755,2 Samuel 15:16
4696,755,2 Samuel 15:17
4697,756,2 Samuel 15:18
4698,756,2 Samuel 15:19
4699,756,2 Samuel 15:20
4700,756,2 Samuel 15:21
4701,756,2 Samuel 15:22
4702,757,2 Samuel 15:30
4703,758,2 Samuel 15:31
4704,759,2 Samuel 15:32
4705,759,2 Samuel 15:33
4706,759,2 Samuel 15:34
4707,759,2 Samuel 15:35
4708,759,2 Samuel 15:36
4709,759,2 Samuel 15:37
4710,760,2 Samuel 16:5
4711,760,2 Samuel 16:6
4712,760,2 Samuel 16:7
4713,760,2 Samuel 16:8
4714,761,2 Samuel 16:10
4715,761,2 Samuel 16:11
4716,761,2 Samuel 16:12
4717,762,2 Samuel 17:14
4718,763,2 Samuel 17:14
4719,764,2 Samuel 17:23
4720,765,2 Samuel 17:22
4721,765,2 Samuel 17:23
4722,765,2 Samuel 17:24
4723,765,2 Samuel 17:25
4724,765,2 Samuel 17:26
4725,765,2 Samuel 17:27
4726,765,2 Samuel 17:28
4727,765,2 Samuel 17:29
4728,766,2 Samuel 18:6
4729,766,2 Samuel 18:7
4730,766,2 Samuel 18:8
4731,767,2 Samuel 18:8
4732,768,2 Samuel 18:9
4733,769,2 Samuel 18:14
4734,769,2 Samuel 18:15
4735,770,2 Samuel 18:33
4736,770,2 Samuel 19:1
4737,770,2 Samuel 19:2
4738,770,2 Samuel 19:3
4739,770,2 Samuel 19:4
4740,771,2 Samuel 19:9
4741,771,2 Samuel 19:10
4742,771,2 Samuel 19:11
4743,771,2 Samuel 19:12
4744,771,2 Samuel 19:13
4745,771,2 Samuel 19:14
4746,771,2 Samuel 19:15
4747,772,2 Samuel 20:1
4748,772,2 Samuel 20:2
4749,773,2 Samuel 20:4
4750,773,2 Samuel 20:5
4751,773,2 Samuel 20:6
4752,773,2 Samuel 20:7
4753,773,2 Samuel 20:8
4754,773,2 Samuel 20:9
4755,773,2 Samuel 20:10
4756,773,2 Samuel 20:11
4757,773,2 Samuel 20:12
4758,773,2 Samuel 20:13
4759,773,2 Samuel 20:14
4760,773,2 Samuel 20:15
4761,773,2 Samuel 20:16
4762,773,2 Samuel 20:17
4763,773,2 Samuel 20:18
4764,773,2 Samuel 20:19
4765,773,2 Samuel 20:20
4766,773,2 Samuel 20:21
4767,773,2 Samuel 20:22
4768,774,2 Samuel 21:1
4769,775,2 Samuel 21:1
4770,776,2 Samuel 21:1
4771,777,2 Samuel 21:6
4772,777,2 Samuel 21:7
4773,777,2 Samuel 21:8
4774,777,2 Samuel 21:9
4775,778,2 Samuel 21:14
4776,779,2 Samuel 21:15
4777,779,2 Samuel 21:16
4778,779,2 Samuel 21:17
4779,779,2 Samuel 21:18
4780,779,2 Samuel 21:19
4781,779,2 Samuel 21:20
4782,779,2 Samuel 21:21
4783,779,2 Samuel 21:22
4784,780,2 Samuel 21:16
4785,780,2 Samuel 21:17
4786,781,2 Samuel 21:18
4787,781,2 Samuel 21:19
4788,781,2 Samuel 21:20
4789,781,2 Samuel 21:21
4790,781,2 Samuel 21:22
4791,782,2 Samuel 22:1
4792,782,2 Samuel 22:2
4793,782,2 Samuel 22:3
4794,782,2 Samuel 22:4
4795,782,2 Samuel 22:5
4796,782,2 Samuel 22:6
4797,782,2 Samuel 22:7
4798,782,2 Samuel 22:8
4799,782,2 Samuel 22:9
4800,782,2 Samuel 22:10
4801,782,2 Samuel 22:11
4802,782,2 Samuel 22:12
4803,782,2 Samuel 22:13
4804,782,2 Samuel 22:14
4805,782,2 Samuel 22:15
4806,782,2 Samuel 22:16
4807,782,2 Samuel 22:17
4808,782,2 Samuel 22:18
4809,782,2 Samuel 22:19
4810,782,2 Samuel 22:20
4811,782,2 Samuel 22:21
4812,782,2 Samuel 22:22
4813,782,2 Samuel 22:23
4814,782,2 Samuel 22:24
4815,782,2 Samuel 22:25
4816,782,2 Samuel 22:26
4817,782,2 Samuel 22:27
4818,782,2 Samuel 22:28
4819,782,2 Samuel 22:29
4820,782,2 Samuel 22:30
4821,782,2 Samuel 22:31
4822,782,2 Samuel 22:32
4823,782,2 Samuel 22:33
4824,782,2 Samuel 22:34
4825,782,2 Samuel 22:35
4826,782,2 Samuel 22:36
4827,782,2 Samuel 22:37
4828,782,2 Samuel 22:38
4829,782,2 Samuel 22:39
4830,782,2 Samuel 22:40
4831,782,2 Samuel 22:41
4832,782,2 Samuel 22:42
4833,782,2 Samuel 22:43
4834,782,2 Samuel 22:44
4835,782,2 Samuel 22:45
4836,782,2 Samuel 22:46
4837,782,2 Samuel 22:47
4838,782,2 Samuel 22:48
4839,782,2 Samuel 22:49
4840,782,2 Samuel 22:50
4841,782,2 Samuel 22:51
4842,783,2 Samuel 22:2
4843,783,2 Samuel 22:3
4844,784,2 Samuel 22:1
4845,784,2 Samuel 22:4
4846,784,2 Samuel 22:49
4847,785,2 Samuel 23:1
4848,785,2 Samuel 23:2
4849,785,2 Samuel 23:3
4850,785,2 Samuel 23:4
4851,785,2 Samuel 23:5
4852,785,2 Samuel 23:6
4853,785,2 Samuel 23:7
4854,786,2 Samuel 23:2
4855,787,2 Samuel 24:1
4856,788,2 Samuel 24:1
4857,789,2 Samuel 24:2
4858,789,2 Samuel 24:3
4859,789,2 Samuel 24:4
4860,790,2 Samuel 24:10
4861,791,2 Samuel 24:10
4862,792,2 Samuel 24:11
4863,792,2 Samuel 24:12
4864,792,2 Samuel 24:13
4865,793,2 Samuel 24:14
4866,794,2 Samuel 24:15
4867,795,2 Samuel 24:16
4868,796,2 Samuel 24:17
4869,797,2 Samuel 24:17
4870,798,2 Samuel 24:18
4871,799,2 Samuel 24:25
4872,800,2 Samuel 24:25
4873,801,1 Kings 2:1
4874,801,1 Kings 2:2
4875,801,1 Kings 2:3
4876,801,1 Kings 2:4
4877,802,1 Kings 2:4
4878,803,1 Kings 2:13
4879,803,1 Kings 2:14
4880,803,1 Kings 2:15
4881,803,1 Kings 2:16
4882,803,1 Kings 2:17
4883,803,1 Kings 2:18
4884,803,1 Kings 2:19
4885,803,1 Kings 2:20
4886,803,1 Kings 2:21
4887,803,1 Kings 2:22
4888,803,1 Kings 2:23
4889,803,1 Kings 2:24
4890,803,1 Kings 2:25
4891,804,1 Kings 2:26
4892,804,1 Kings 2:27
4893,805,1 Kings 2:27
4894,806,1 Kings 2:28
4895,806,1 Kings 2:29
4896,806,1 Kings 2:30
4897,806,1 Kings 2:31
4898,806,1 Kings 2:32
4899,806,1 Kings 2:33
4900,806,1 Kings 2:34
4901,807,1 Kings 3:5
4902,808,1 Kings 3:6
4903,808,1 Kings 3:7
4904,808,1 Kings 3:8
4905,808,1 Kings 3:9
4906,809,1 Kings 3:10
4907,809,1 Kings 3:11
4908,809,1 Kings 3:12
4909,809,1 Kings 3:13
4910,809,1 Kings 3:14
4911,810,1 Kings 3:14
4912,811,1 Kings 3:16
4913,811,1 Kings 3:17
4914,811,1 Kings 3:18
4915,811,1 Kings 3:19
4916,811,1 Kings 3:20
4917,811,1 Kings 3:21
4918,811,1 Kings 3:22
4919,811,1 Kings 3:23
4920,811,1 Kings 3:24
4921,811,1 Kings 3:25
4922,811,1 Kings 3:26
4923,811,1 Kings 3:27
4924,811,1 Kings 3:28
4925,812,1 Kings 3:28
4926,813,1 Kings 4:29
4927,813,1 Kings 4:30
4928,813,1 Kings 4:31
4929,813,1 Kings 4:32
4930,813,1 Kings 4:33
4931,813,1 Kings 4:34
4932,814,1 Kings 4:30
4933,814,1 Kings 4:31
4934,815,1 Kings 4:32
4935,816,1 Kings 4:32
4936,817,1 Kings 4:34
4937,818,1 Kings 4:24
4938,819,1 Kings 5:7
4939,820,1 Kings 6:9
4940,820,1 Kings 6:10
4941,820,1 Kings 6:11
4942,820,1 Kings 6:12
4943,820,1 Kings 6:13
4944,820,1 Kings 6:14
4945,820,1 Kings 6:15
4946,820,1 Kings 6:16
4947,820,1 Kings 6:17
4948,820,1 Kings 6:18
4949,820,1 Kings 6:19
4950,820,1 Kings 6:20
4951,820,1 Kings 6:21
4952,820,1 Kings 6:22
4953,820,1 Kings 6:23
4954,820,1 Kings 6:24
4955,820,1 Kings 6:25
4956,820,1 Kings 6:26
4957,820,1 Kings 6:27
4958,820,1 Kings 6:28
4959,820,1 Kings 6:29
4960,820,1 Kings 6:30
4961,820,1 Kings 6:31
4962,820,1 Kings 6:32
4963,820,1 Kings 6:33
4964,820,1 Kings 6:34
4965,820,1 Kings 6:35
4966,820,1 Kings 6:36
4967,820,1 Kings 6:37
4968,820,1 Kings 6:38
4969,821,1 Kings 6:11
4970,821,1 Kings 6:12
4971,821,1 Kings 6:13
4972,822,1 Kings 6:13
4973,823,1 Kings 6:38
4974,824,1 Kings 8:10
4975,824,1 Kings 8:11
4976,825,1 Kings 8:10
4977,825,1 Kings 8:11
4978,826,1 Kings 8:11
4979,827,1 Kings 8:22
4980,827,1 Kings 8:23
4981,827,1 Kings 8:24
4982,827,1 Kings 8:25
4983,827,1 Kings 8:26
4984,827,1 Kings 8:27
4985,827,1 Kings 8:28
4986,827,1 Kings 8:29
4987,827,1 Kings 8:30
4988,827,1 Kings 8:31
4989,827,1 Kings 8:32
4990,827,1 Kings 8:33
4991,827,1 Kings 8:34
4992,827,1 Kings 8:35
4993,827,1 Kings 8:36
4994,827,1 Kings 8:37
4995,827,1 Kings 8:38
4996,827,1 Kings 8:39
4997,827,1 Kings 8:40
4998,827,1 Kings 8:41
4999,827,1 Kings 8:42
5000,827,1 Kings 8:43
5001,827,1 Kings 8:44
5002,827,1 Kings 8:45
5003,827,1 Kings 8:46
5004,827,1 Kings 8:47
5005,827,1 Kings 8:48
5006,827,1 Kings 8:49
5007,827,1 Kings 8:50
5008,827,1 Kings 8:51
5009,827,1 Kings 8:52
5010,827,1 Kings 8:53
5011,828,1 Kings 8:30
5012,828,1 Kings 8:32
5013,828,1 Kings 8:34
5014,828,1 Kings 8:36
5015,828,1 Kings 8:39
5016,828,1 Kings 8:43
5017,828,1 Kings 8:45
5018,828,1 Kings 8:49
5019,829,1 Kings 8:54
5020,829,1 Kings 8:55
5021,829,1 Kings 8:56
5022,829,1 Kings 8:57
5023,829,1 Kings 8:58
5024,829,1 Kings 8:59
5025,829,1 Kings 8:60
5026,829,1 Kings 8:61
5027,829,1 Kings 8:62
5028,829,1 Kings 8:63
5029,829,1 Kings 8:64
5030,830,1 Kings 8:66
5031,831,1 Kings 9:2
5032,832,1 Kings 9:3
5033,833,1 Kings 9:3
5034,834,1 Kings 9:4
5035,834,1 Kings 9:5
5036,835,1 Kings 9:6
5037,835,1 Kings 9:7
5038,835,1 Kings 9:8
5039,835,1 Kings 9:9
5040,836,1 Kings 10:1
5041,836,1 Kings 10:2
5042,836,1 Kings 10:3
5043,837,1 Kings 10:4
5044,837,1 Kings 10:5
5045,837,1 Kings 10:6
5046,837,1 Kings 10:7
5047,837,1 Kings 10:8
5048,837,1 Kings 10:9
5049,838,1 Kings 10:9
5050,839,1 Kings 10:14
5051,839,1 Kings 10:15
5052,839,1 Kings 10:16
5053,839,1 Kings 10:17
5054,839,1 Kings 10:18
5055,839,1 Kings 10:19
5056,839,1 Kings 10:20
5057,839,1 Kings 10:21
5058,839,1 Kings 10:22
5059,839,1 Kings 10:23
5060,839,1 Kings 10:24
5061,839,1 Kings 10:25
5062,839,1 Kings 10:26
5063,839,1 Kings 10:27
5064,839,1 Kings 10:28
5065,839,1 Kings 10:29
5066,840,1 Kings 11:1
5067,840,1 Kings 11:2
5068,840,1 Kings 11:3
5069,840,1 Kings 11:4
5070,840,1 Kings 11:5
5071,840,1 Kings 11:6
5072,840,1 Kings 11:7
5073,840,1 Kings 11:8
5074,841,1 Kings 11:9
5075,842,1 Kings 11:9
5076,842,1 Kings 11:10
5077,842,1 Kings 11:11
5078,842,1 Kings 11:12
5079,842,1 Kings 11:13
5080,843,1 Kings 11:11
5081,843,1 Kings 11:12
5082,843,1 Kings 11:13
5083,844,1 Kings 11:11
5084,844,1 Kings 11:31
5085,845,1 Kings 11:14
5086,845,1 Kings 11:23
5087,846,1 Kings 11:23
5088,846,1 Kings 11:24
5089,846,1 Kings 11:25
5090,847,1 Kings 11:29
5091,848,1 Kings 11:30
5092,849,1 Kings 11:31
5093,849,1 Kings 11:35
5094,850,1 Kings 11:33
5095,851,1 Kings 11:38
5096,852,1 Kings 11:40
5097,853,1 Kings 11:40
5098,854,1 Kings 11:41
5099,854,1 Kings 11:42
5100,854,1 Kings 11:43
5101,855,1 Kings 12:6
5102,855,1 Kings 12:7
5103,855,1 Kings 12:8
5104,855,1 Kings 12:9
5105,855,1 Kings 12:10
5106,855,1 Kings 12:11
5107,855,1 Kings 12:12
5108,855,1 Kings 12:13
5109,855,1 Kings 12:14
5110,855,1 Kings 12:15
5111,856,1 Kings 12:15
5112,857,1 Kings 12:16
5113,857,1 Kings 12:17
5114,857,1 Kings 12:18
5115,857,1 Kings 12:19
5116,857,1 Kings 12:20
5117,858,1 Kings 12:22
5118,858,1 Kings 12:23
5119,858,1 Kings 12:24
5120,859,1 Kings 12:22
5121,859,1 Kings 12:23
5122,859,1 Kings 12:24
5123,860,1 Kings 12:24
5124,861,1 Kings 12:26
5125,861,1 Kings 12:27
5126,861,1 Kings 12:28
5127,861,1 Kings 12:29
5128,861,1 Kings 12:30
5129,862,1 Kings 12:31
5130,863,1 Kings 13:1
5131,863,1 Kings 13:2
5132,864,1 Kings 13:2
5133,865,1 Kings 13:3
5134,865,1 Kings 13:5
5135,866,1 Kings 13:4
5136,867,1 Kings 13:6
5137,868,1 Kings 13:8
5138,868,1 Kings 13:9
5139,869,1 Kings 13:11
5140,869,1 Kings 13:12
5141,869,1 Kings 13:13
5142,869,1 Kings 13:14
5143,869,1 Kings 13:15
5144,869,1 Kings 13:16
5145,869,1 Kings 13:17
5146,869,1 Kings 13:18
5147,869,1 Kings 13:19
5148,870,1 Kings 13:20
5149,870,1 Kings 13:21
5150,870,1 Kings 13:22
5151,871,1 Kings 13:23
5152,871,1 Kings 13:24
5153,872,1 Kings 13:25
5154,872,1 Kings 13:26
5155,872,1 Kings 13:27
5156,872,1 Kings 13:28
5157,873,1 Kings 13:29
5158,873,1 Kings 13:30
5159,874,1 Kings 13:32
5160,875,1 Kings 13:33
5161,875,1 Kings 13:34
5162,876,1 Kings 14:1
5163,876,1 Kings 14:2
5164,876,1 Kings 14:3
5165,877,1 Kings 14:5
5166,878,1 Kings 14:6
5167,878,1 Kings 14:7
5168,878,1 Kings 14:8
5169,878,1 Kings 14:9
5170,878,1 Kings 14:10
5171,878,1 Kings 14:11
5172,878,1 Kings 14:12
5173,878,1 Kings 14:13
5174,878,1 Kings 14:14
5175,878,1 Kings 14:15
5176,878,1 Kings 14:16
5177,879,1 Kings 14:10
5178,879,1 Kings 14:11
5179,880,1 Kings 14:15
5180,880,1 Kings 14:16
5181,881,1 Kings 14:17
5182,882,1 Kings 14:18
5183,883,1 Kings 14:25
5184,883,1 Kings 14:26
5185,884,1 Kings 14:26
5186,885,1 Kings 15:3
5187,886,1 Kings 15:4
5188,886,1 Kings 15:5
5189,887,1 Kings 15:11
5190,888,1 Kings 15:16
5191,888,1 Kings 15:17
5192,888,1 Kings 15:18
5193,888,1 Kings 15:19
5194,888,1 Kings 15:20
5195,888,1 Kings 15:21
5196,888,1 Kings 15:22
5197,889,1 Kings 15:25
5198,889,1 Kings 15:26
5199,890,1 Kings 15:27
5200,890,1 Kings 15:28
5201,890,1 Kings 15:29
5202,890,1 Kings 15:30
5203,891,1 Kings 15:29
5204,892,1 Kings 16:1
5205,892,1 Kings 16:2
5206,892,1 Kings 16:3
5207,892,1 Kings 16:4
5208,893,1 Kings 16:2
5209,893,1 Kings 16:3
5210,893,1 Kings 16:4
5211,894,1 Kings 16:8
5212,894,1 Kings 16:9
5213,894,1 Kings 16:10
5214,895,1 Kings 16:11
5215,895,1 Kings 16:12
5216,896,1 Kings 16:12
5217,897,1 Kings 16:15
5218,897,1 Kings 16:16
5219,897,1 Kings 16:17
5220,897,1 Kings 16:18
5221,898,1 Kings 16:21
5222,898,1 Kings 16:22
5223,899,1 Kings 16:22
5224,900,1 Kings 16:25
5225,901,1 Kings 16:30
5226,902,1 Kings 16:31
5227,903,1 Kings 16:34
5228,904,1 Kings 17:1
5229,905,1 Kings 17:2
5230,905,1 Kings 17:3
5231,906,1 Kings 17:4
5232,906,1 Kings 17:5
5233,906,1 Kings 17:6
5234,907,1 Kings 17:7
5235,908,1 Kings 17:8
5236,908,1 Kings 17:9
5237,909,1 Kings 17:10
5238,909,1 Kings 17:11
5239,909,1 Kings 17:12
5240,909,1 Kings 17:13
5241,909,1 Kings 17:14
5242,909,1 Kings 17:15
5243,909,1 Kings 17:16
5244,910,1 Kings 17:17
5245,911,1 Kings 17:17
5246,911,1 Kings 17:18
5247,911,1 Kings 17:19
5248,911,1 Kings 17:20
5249,911,1 Kings 17:21
5250,911,1 Kings 17:22
5251,911,1 Kings 17:23
5252,911,1 Kings 17:24
5253,912,1 Kings 17:24
5254,913,1 Kings 18:1
5255,914,1 Kings 18:1
5256,915,1 Kings 18:2
5257,916,1 Kings 18:3
5258,916,1 Kings 18:4
5259,917,1 Kings 18:4
5260,918,1 Kings 18:7
5261,918,1 Kings 18:8
5262,918,1 Kings 18:9
5263,918,1 Kings 18:10
5264,918,1 Kings 18:11
5265,918,1 Kings 18:12
5266,918,1 Kings 18:13
5267,918,1 Kings 18:14
5268,918,1 Kings 18:15
5269,918,1 Kings 18:16
5270,919,1 Kings 18:17
5271,920,1 Kings 18:19
5272,920,1 Kings 18:20
5273,920,1 Kings 18:21
5274,920,1 Kings 18:22
5275,920,1 Kings 18:23
5276,920,1 Kings 18:24
5277,921,1 Kings 18:25
5278,921,1 Kings 18:26
5279,921,1 Kings 18:27
5280,921,1 Kings 18:28
5281,921,1 Kings 18:29
5282,922,1 Kings 18:30
5283,922,1 Kings 18:31
5284,922,1 Kings 18:32
5285,923,1 Kings 18:33
5286,923,1 Kings 18:34
5287,923,1 Kings 18:35
5288,924,1 Kings 18:36
5289,924,1 Kings 18:37
5290,924,1 Kings 18:38
5291,925,1 Kings 18:38
5292,926,1 Kings 18:39
5293,927,1 Kings 18:40
5294,928,1 Kings 18:41
5295,928,1 Kings 18:42
5296,928,1 Kings 18:43
5297,928,1 Kings 18:44
5298,929,1 Kings 18:44
5299,929,1 Kings 18:45
5300,930,1 Kings 18:46
5301,931,1 Kings 19:1
5302,931,1 Kings 19:2
5303,932,1 Kings 19:3
5304,933,1 Kings 19:5
5305,933,1 Kings 19:6
5306,933,1 Kings 19:7
5307,933,1 Kings 19:8
5308,934,1 Kings 19:8
5309,935,1 Kings 19:9
5310,935,1 Kings 19:13
5311,936,1 Kings 19:11
5312,936,1 Kings 19:12
5313,937,1 Kings 19:12
5314,938,1 Kings 19:15
5315,938,1 Kings 19:16
5316,939,1 Kings 19:18
5317,940,1 Kings 19:19
5318,940,1 Kings 19:20
5319,940,1 Kings 19:21
5320,941,1 Kings 20:1
5321,942,1 Kings 20:13
5322,942,1 Kings 20:14
5323,943,1 Kings 20:15
5324,943,1 Kings 20:16
5325,943,1 Kings 20:17
5326,943,1 Kings 20:18
5327,943,1 Kings 20:19
5328,943,1 Kings 20:20
5329,943,1 Kings 20:21
5330,944,1 Kings 20:22
5331,945,1 Kings 20:23
5332,945,1 Kings 20:24
5333,945,1 Kings 20:25
5334,946,1 Kings 20:28
5335,947,1 Kings 20:29
5336,948,1 Kings 20:30
5337,949,1 Kings 20:31
5338,949,1 Kings 20:32
5339,949,1 Kings 20:33
5340,949,1 Kings 20:34
5341,950,1 Kings 20:35
5342,950,1 Kings 20:36
5343,950,1 Kings 20:37
5344,950,1 Kings 20:38
5345,950,1 Kings 20:39
5346,950,1 Kings 20:40
5347,950,1 Kings 20:41
5348,950,1 Kings 20:42
5349,950,1 Kings 20:43
5350,951,1 Kings 20:36
5351,952,1 Kings 20:37
5352,952,1 Kings 20:38
5353,952,1 Kings 20:39
5354,952,1 Kings 20:40
5355,952,1 Kings 20:41
5356,953,1 Kings 20:42
5357,954,1 Kings 21:1
5358,954,1 Kings 21:2
5359,954,1 Kings 21:3
5360,954,1 Kings 21:4
5361,955,1 Kings 21:5
5362,955,1 Kings 21:6
5363,955,1 Kings 21:7
5364,955,1 Kings 21:8
5365,955,1 Kings 21:9
5366,955,1 Kings 21:10
5367,955,1 Kings 21:11
5368,955,1 Kings 21:12
5369,955,1 Kings 21:13
5370,955,1 Kings 21:14
5371,956,1 Kings 21:17
5372,956,1 Kings 21:18
5373,956,1 Kings 21:19
5374,957,1 Kings 21:19
5375,958,1 Kings 21:20
5376,958,1 Kings 21:21
5377,958,1 Kings 21:22
5378,958,1 Kings 21:23
5379,958,1 Kings 21:24
5380,959,1 Kings 21:27
5381,959,1 Kings 21:28
5382,959,1 Kings 21:29
5383,960,1 Kings 21:29
5384,961,1 Kings 22:1
5385,961,1 Kings 22:2
5386,961,1 Kings 22:3
5387,961,1 Kings 22:4
5388,962,1 Kings 22:5
5389,963,1 Kings 22:6
5390,963,1 Kings 22:10
5391,963,1 Kings 22:11
5392,963,1 Kings 22:12
5393,964,1 Kings 22:13
5394,964,1 Kings 22:14
5395,964,1 Kings 22:15
5396,964,1 Kings 22:16
5397,964,1 Kings 22:17
5398,964,1 Kings 22:18
5399,964,1 Kings 22:19
5400,964,1 Kings 22:20
5401,964,1 Kings 22:21
5402,964,1 Kings 22:22
5403,964,1 Kings 22:23
5404,964,1 Kings 22:24
5405,964,1 Kings 22:25
5406,964,1 Kings 22:26
5407,964,1 Kings 22:27
5408,964,1 Kings 22:28
5409,965,1 Kings 22:19
5410,965,1 Kings 22:20
5411,965,1 Kings 22:21
5412,965,1 Kings 22:22
5413,965,1 Kings 22:23
5414,966,1 Kings 22:24
5415,967,1 Kings 22:30
5416,968,1 Kings 22:34
5417,968,1 Kings 22:35
5418,969,1 Kings 22:38
5419,970,1 Kings 22:43
5420,971,1 Kings 22:52
5421,971,1 Kings 22:53
5422,972,1 Kings 22:53
5423,973,2 Kings 1:3
5424,974,2 Kings 1:3
5425,974,2 Kings 1:4
5426,975,2 Kings 1:10
5427,976,2 Kings 1:11
5428,976,2 Kings 1:12
5429,977,2 Kings 1:15
5430,978,2 Kings 1:16
5431,979,2 Kings 1:17
5432,980,2 Kings 2:3
5433,980,2 Kings 2:5
5434,981,2 Kings 2:8
5435,982,2 Kings 2:8
5436,983,2 Kings 2:11
5437,984,2 Kings 2:11
5438,985,2 Kings 2:13
5439,986,2 Kings 2:14
5440,987,2 Kings 2:20
5441,987,2 Kings 2:21
5442,987,2 Kings 2:22
5443,988,2 Kings 2:22
5444,989,2 Kings 2:24
5445,990,2 Kings 3:15
5446,991,2 Kings 3:16
5447,991,2 Kings 3:17
5448,992,2 Kings 3:18
5449,992,2 Kings 3:19
5450,993,2 Kings 3:20
5451,994,2 Kings 3:21
5452,994,2 Kings 3:22
5453,994,2 Kings 3:23
5454,995,2 Kings 3:24
5455,995,2 Kings 3:25
5456,996,2 Kings 4:2
5457,996,2 Kings 4:3
5458,996,2 Kings 4:4
5459,996,2 Kings 4:5
5460,996,2 Kings 4:6
5461,996,2 Kings 4:7
5462,997,2 Kings 4:6
5463,998,2 Kings 4:11
5464,998,2 Kings 4:12
5465,998,2 Kings 4:13
5466,998,2 Kings 4:14
5467,998,2 Kings 4:15
5468,998,2 Kings 4:16
5469,999,2 Kings 4:17
5470,1000,2 Kings 4:27
5471,1001,2 Kings 4:32
5472,1001,2 Kings 4:33
5473,1001,2 Kings 4:34
5474,1001,2 Kings 4:35
5475,1002,2 Kings 4:35
5476,1003,2 Kings 4:41
5477,1004,2 Kings 4:43
5478,1004,2 Kings 4:44
5479,1005,2 Kings 4:44
5480,1006,2 Kings 5:14
5481,1007,2 Kings 5:14
5482,1008,2 Kings 5:25
5483,1008,2 Kings 5:26
5484,1009,2 Kings 5:27
5485,1010,2 Kings 6:6
5486,1010,2 Kings 6:7
5487,1011,2 Kings 6:9
5488,1011,2 Kings 6:10
5489,1012,2 Kings 6:10
5490,1013,2 Kings 6:17
5491,1014,2 Kings 6:17
5492,1015,2 Kings 6:18
5493,1016,2 Kings 6:20
5494,1017,2 Kings 6:23
5495,1018,2 Kings 7:1
5496,1019,2 Kings 7:2
5497,1020,2 Kings 7:6
5498,1021,2 Kings 7:16
5499,1022,2 Kings 7:17
5500,1022,2 Kings 7:20
5501,1023,2 Kings 7:20
5502,1024,2 Kings 8:1
5503,1025,2 Kings 8:5
5504,1026,2 Kings 8:10
5505,1027,2 Kings 8:13
5506,1028,2 Kings 8:19
5507,1029,2 Kings 9:6
5508,1030,2 Kings 9:7
5509,1030,2 Kings 9:8
5510,1030,2 Kings 9:9
5511,1030,2 Kings 9:10
5512,1031,2 Kings 9:35
5513,1031,2 Kings 9:36
5514,1031,2 Kings 9:37
5515,1032,2 Kings 9:35
5516,1033,2 Kings 10:30
5517,1034,2 Kings 10:30
5518,1035,2 Kings 10:32
5519,1036,2 Kings 10:32
5520,1036,2 Kings 10:33
5521,1037,2 Kings 11:2
5522,1038,2 Kings 13:3
5523,1039,2 Kings 13:3
5524,1040,2 Kings 13:5
5525,1041,2 Kings 13:15
5526,1041,2 Kings 13:16
5527,1041,2 Kings 13:17
5528,1041,2 Kings 13:18
5529,1041,2 Kings 13:19
5530,1042,2 Kings 13:19
5531,1043,2 Kings 13:21
5532,1044,2 Kings 13:21
5533,1045,2 Kings 13:23
5534,1046,2 Kings 13:25
5535,1047,2 Kings 13:25
5536,1048,2 Kings 14:11
5537,1049,2 Kings 14:12
5538,1050,2 Kings 14:25
5539,1051,2 Kings 14:25
5540,1052,2 Kings 14:26
5541,1053,2 Kings 14:27
5542,1054,2 Kings 15:5
5543,1055,2 Kings 15:12
5544,1056,2 Kings 15:19
5545,1057,2 Kings 15:29
5546,1058,2 Kings 15:29
5547,1059,2 Kings 15:37
5548,1060,2 Kings 16:5
5549,1061,2 Kings 17:5
5550,1062,2 Kings 17:6
5551,1063,2 Kings 17:7
5552,1063,2 Kings 17:8
5553,1063,2 Kings 17:9
5554,1063,2 Kings 17:10
5555,1063,2 Kings 17:11
5556,1063,2 Kings 17:12
5557,1063,2 Kings 17:13
5558,1063,2 Kings 17:14
5559,1063,2 Kings 17:15
5560,1063,2 Kings 17:16
5561,1063,2 Kings 17:17
5562,1063,2 Kings 17:18
5563,1063,2 Kings 17:19
5564,1063,2 Kings 17:20
5565,1063,2 Kings 17:21
5566,1063,2 Kings 17:22
5567,1063,2 Kings 17:23
5568,1064,2 Kings 17:13
5569,1065,2 Kings 17:18
5570,1066,2 Kings 17:18
5571,1067,2 Kings 17:25
5572,1068,2 Kings 18:7
5573,1069,2 Kings 18:8
5574,1070,2 Kings 19:6
5575,1070,2 Kings 19:7
5576,1071,2 Kings 19:7
5577,1072,2 Kings 19:20
5578,1073,2 Kings 19:21
5579,1073,2 Kings 19:22
5580,1073,2 Kings 19:23
5581,1073,2 Kings 19:24
5582,1073,2 Kings 19:25
5583,1073,2 Kings 19:26
5584,1073,2 Kings 19:27
5585,1073,2 Kings 19:28
5586,1074,2 Kings 19:29
5587,1074,2 Kings 19:30
5588,1074,2 Kings 19:31
5589,1075,2 Kings 19:32
5590,1075,2 Kings 19:33
5591,1075,2 Kings 19:34
5592,1076,2 Kings 19:35
5593,1077,2 Kings 19:37
5594,1078,2 Kings 20:1
5595,1079,2 Kings 20:4
5596,1079,2 Kings 20:5
5597,1079,2 Kings 20:6
5598,1080,2 Kings 20:6
5599,1081,2 Kings 20:7
5600,1082,2 Kings 20:9
5601,1082,2 Kings 20:10
5602,1083,2 Kings 20:11
5603,1084,2 Kings 20:14
5604,1084,2 Kings 20:15
5605,1084,2 Kings 20:16
5606,1084,2 Kings 20:17
5607,1084,2 Kings 20:18
5608,1085,2 Kings 21:10
5609,1085,2 Kings 21:11
5610,1085,2 Kings 21:12
5611,1085,2 Kings 21:13
5612,1085,2 Kings 21:14
5613,1085,2 Kings 21:15
5614,1086,2 Kings 21:13
5615,1087,2 Kings 22:8
5616,1088,2 Kings 22:15
5617,1088,2 Kings 22:16
5618,1088,2 Kings 22:17
5619,1089,2 Kings 22:18
5620,1089,2 Kings 22:19
5621,1089,2 Kings 22:20
5622,1090,2 Kings 23:16
5623,1091,2 Kings 23:17
5624,1091,2 Kings 23:18
5625,1092,2 Kings 23:22
5626,1093,2 Kings 23:26
5627,1094,2 Kings 23:27
5628,1095,2 Kings 24:2
5629,1096,2 Kings 24:3
5630,1096,2 Kings 24:4
5631,1097,2 Kings 24:13
5632,1098,2 Kings 24:13
5633,1099,2 Kings 24:14
5634,1100,2 Kings 24:14
5635,1101,2 Kings 24:20
5636,1102,2 Kings 25:1
5637,1103,2 Kings 25:9
5638,1104,2 Kings 25:11
5639,1105,2 Kings 25:21
5640,1106,1 Chronicles 10:13
5641,1106,1 Chronicles 10:14
5642,1107,1 Chronicles 10:13
5643,1107,1 Chronicles 10:14
5644,1108,1 Chronicles 10:14
5645,1109,1 Chronicles 11:1
5646,1109,1 Chronicles 11:2
5647,1109,1 Chronicles 11:3
5648,1110,1 Chronicles 11:4
5649,1110,1 Chronicles 11:5
5650,1110,1 Chronicles 11:6
5651,1110,1 Chronicles 11:7
5652,1110,1 Chronicles 11:8
5653,1110,1 Chronicles 11:9
5654,1111,1 Chronicles 11:9
5655,1112,1 Chronicles 11:10
5656,1112,1 Chronicles 11:11
5657,1112,1 Chronicles 11:12
5658,1112,1 Chronicles 11:13
5659,1112,1 Chronicles 11:14
5660,1112,1 Chronicles 11:15
5661,1112,1 Chronicles 11:16
5662,1112,1 Chronicles 11:17
5663,1112,1 Chronicles 11:18
5664,1112,1 Chronicles 11:19
5665,1112,1 Chronicles 11:20
5666,1112,1 Chronicles 11:21
5667,1112,1 Chronicles 11:22
5668,1112,1 Chronicles 11:23
5669,1112,1 Chronicles 11:24
5670,1112,1 Chronicles 11:25
5671,1112,1 Chronicles 11:26
5672,1112,1 Chronicles 11:27
5673,1112,1 Chronicles 11:28
5674,1112,1 Chronicles 11:29
5675,1112,1 Chronicles 11:30
5676,1112,1 Chronicles 11:31
5677,1112,1 Chronicles 11:32
5678,1112,1 Chronicles 11:33
5679,1112,1 Chronicles 11:34
5680,1112,1 Chronicles 11:35
5681,1112,1 Chronicles 11:36
5682,1112,1 Chronicles 11:37
5683,1112,1 Chronicles 11:38
5684,1112,1 Chronicles 11:39
5685,1112,1 Chronicles 11:40
5686,1112,1 Chronicles 11:41
5687,1112,1 Chronicles 11:42
5688,1112,1 Chronicles 11:43
5689,1112,1 Chronicles 11:44
5690,1112,1 Chronicles 11:45
5691,1112,1 Chronicles 11:46
5692,1112,1 Chronicles 11:47
5693,1113,1 Chronicles 12:18
5694,1114,1 Chronicles 12:22
5695,1115,1 Chronicles 13:10
5696,1115,1 Chronicles 13:11
5697,1116,1 Chronicles 13:10
5698,1117,1 Chronicles 13:12
5699,1118,1 Chronicles 13:14
5700,1119,1 Chronicles 14:2
5701,1120,1 Chronicles 14:3
5702,1120,1 Chronicles 14:4
5703,1120,1 Chronicles 14:5
5704,1120,1 Chronicles 14:6
5705,1120,1 Chronicles 14:7
5706,1121,1 Chronicles 14:10
5707,1122,1 Chronicles 14:10
5708,1123,1 Chronicles 14:11
5709,1124,1 Chronicles 14:14
5710,1125,1 Chronicles 14:14
5711,1125,1 Chronicles 14:15
5712,1126,1 Chronicles 14:15
5713,1127,1 Chronicles 14:16
5714,1128,1 Chronicles 14:17
5715,1129,1 Chronicles 14:17
5716,1130,1 Chronicles 15:1
5717,1131,1 Chronicles 15:26
5718,1132,1 Chronicles 15:28
5719,1132,1 Chronicles 15:29
5720,1133,1 Chronicles 17:1
5721,1133,1 Chronicles 17:2
5722,1134,1 Chronicles 17:3
5723,1135,1 Chronicles 17:4
5724,1135,1 Chronicles 17:5
5725,1135,1 Chronicles 17:6
5726,1135,1 Chronicles 17:7
5727,1135,1 Chronicles 17:8
5728,1135,1 Chronicles 17:9
5729,1135,1 Chronicles 17:10
5730,1135,1 Chronicles 17:11
5731,1135,1 Chronicles 17:12
5732,1135,1 Chronicles 17:13
5733,1135,1 Chronicles 17:14
5734,1135,1 Chronicles 17:15
5735,1136,1 Chronicles 17:11
5736,1136,1 Chronicles 17:12
5737,1137,1 Chronicles 17:14
5738,1138,1 Chronicles 17:15
5739,1139,1 Chronicles 17:16
5740,1139,1 Chronicles 17:17
5741,1139,1 Chronicles 17:18
5742,1139,1 Chronicles 17:19
5743,1139,1 Chronicles 17:20
5744,1139,1 Chronicles 17:21
5745,1139,1 Chronicles 17:22
5746,1139,1 Chronicles 17:23
5747,1139,1 Chronicles 17:24
5748,1139,1 Chronicles 17:25
5749,1139,1 Chronicles 17:26
5750,1139,1 Chronicles 17:27
5751,1140,1 Chronicles 18:6
5752,1140,1 Chronicles 18:13
5753,1141,1 Chronicles 18:1
5754,1141,1 Chronicles 18:2
5755,1141,1 Chronicles 18:3
5756,1141,1 Chronicles 18:4
5757,1141,1 Chronicles 18:5
5758,1141,1 Chronicles 18:6
5759,1141,1 Chronicles 18:7
5760,1141,1 Chronicles 18:8
5761,1141,1 Chronicles 18:9
5762,1141,1 Chronicles 18:10
5763,1141,1 Chronicles 18:11
5764,1141,1 Chronicles 18:12
5765,1141,1 Chronicles 18:13
5766,1141,1 Chronicles 18:14
5767,1141,1 Chronicles 18:15
5768,1141,1 Chronicles 18:16
5769,1141,1 Chronicles 18:17
5770,1142,1 Chronicles 21:1
5771,1143,1 Chronicles 21:1
5772,1144,1 Chronicles 21:8
5773,1145,1 Chronicles 21:8
5774,1146,1 Chronicles 21:9
5775,1146,1 Chronicles 21:10
5776,1146,1 Chronicles 21:11
5777,1146,1 Chronicles 21:12
5778,1147,1 Chronicles 21:13
5779,1148,1 Chronicles 21:14
5780,1149,1 Chronicles 21:14
5781,1150,1 Chronicles 21:15
5782,1151,1 Chronicles 21:15
5783,1152,1 Chronicles 21:15
5784,1152,1 Chronicles 21:16
5785,1153,1 Chronicles 21:16
5786,1154,1 Chronicles 21:16
5787,1155,1 Chronicles 21:17
5788,1156,1 Chronicles 21:18
5789,1157,1 Chronicles 21:18
5790,1158,1 Chronicles 21:26
5791,1159,1 Chronicles 21:26
5792,1160,1 Chronicles 21:27
5793,1161,1 Chronicles 21:27
5794,1162,1 Chronicles 22:1
5795,1163,1 Chronicles 22:9
5796,1164,1 Chronicles 22:10
5797,1165,1 Chronicles 22:10
5798,1166,1 Chronicles 22:11
5799,1166,1 Chronicles 22:12
5800,1166,1 Chronicles 22:13
5801,1166,1 Chronicles 22:14
5802,1166,1 Chronicles 22:15
5803,1166,1 Chronicles 22:16
5804,1167,1 Chronicles 22:12
5805,1168,1 Chronicles 23:2
5806,1169,1 Chronicles 23:3
5807,1169,1 Chronicles 23:4
5808,1169,1 Chronicles 23:5
5809,1169,1 Chronicles 23:6
5810,1169,1 Chronicles 23:7
5811,1169,1 Chronicles 23:8
5812,1169,1 Chronicles 23:9
5813,1169,1 Chronicles 23:10
5814,1169,1 Chronicles 23:11
5815,1169,1 Chronicles 23:12
5816,1169,1 Chronicles 23:13
5817,1169,1 Chronicles 23:14
5818,1169,1 Chronicles 23:15
5819,1169,1 Chronicles 23:16
5820,1169,1 Chronicles 23:17
5821,1169,1 Chronicles 23:18
5822,1169,1 Chronicles 23:19
5823,1169,1 Chronicles 23:20
5824,1169,1 Chronicles 23:21
5825,1169,1 Chronicles 23:22
5826,1169,1 Chronicles 23:23
5827,1169,1 Chronicles 23:24
5828,1169,1 Chronicles 23:25
5829,1169,1 Chronicles 23:26
5830,1169,1 Chronicles 23:27
5831,1169,1 Chronicles 23:28
5832,1169,1 Chronicles 23:29
5833,1169,1 Chronicles 23:30
5834,1169,1 Chronicles 23:31
5835,1169,1 Chronicles 23:32
5836,1170,1 Chronicles 24:1
5837,1170,1 Chronicles 24:2
5838,1170,1 Chronicles 24:3
5839,1170,1 Chronicles 24:4
5840,1170,1 Chronicles 24:5
5841,1170,1 Chronicles 24:6
5842,1170,1 Chronicles 24:7
5843,1170,1 Chronicles 24:8
5844,1170,1 Chronicles 24:9
5845,1170,1 Chronicles 24:10
5846,1170,1 Chronicles 24:11
5847,1170,1 Chronicles 24:12
5848,1170,1 Chronicles 24:13
5849,1170,1 Chronicles 24:14
5850,1170,1 Chronicles 24:15
5851,1170,1 Chronicles 24:16
5852,1170,1 Chronicles 24:17
5853,1170,1 Chronicles 24:18
5854,1170,1 Chronicles 24:19
5855,1170,1 Chronicles 24:20
5856,1170,1 Chronicles 24:21
5857,1170,1 Chronicles 24:22
5858,1170,1 Chronicles 24:23
5859,1170,1 Chronicles 24:24
5860,1170,1 Chronicles 24:25
5861,1170,1 Chronicles 24:26
5862,1170,1 Chronicles 24:27
5863,1170,1 Chronicles 24:28
5864,1170,1 Chronicles 24:29
5865,1170,1 Chronicles 24:30
5866,1170,1 Chronicles 24:31
5867,1171,1 Chronicles 24:5
5868,1172,1 Chronicles 24:7
5869,1172,1 Chronicles 24:8
5870,1172,1 Chronicles 24:9
5871,1172,1 Chronicles 24:10
5872,1172,1 Chronicles 24:11
5873,1172,1 Chronicles 24:12
5874,1172,1 Chronicles 24:13
5875,1172,1 Chronicles 24:14
5876,1172,1 Chronicles 24:15
5877,1172,1 Chronicles 24:16
5878,1172,1 Chronicles 24:17
5879,1172,1 Chronicles 24:18
5880,1173,1 Chronicles 25:1
5881,1173,1 Chronicles 25:2
5882,1173,1 Chronicles 25:3
5883,1173,1 Chronicles 25:4
5884,1173,1 Chronicles 25:5
5885,1173,1 Chronicles 25:6
5886,1173,1 Chronicles 25:7
5887,1173,1 Chronicles 25:8
5888,1173,1 Chronicles 25:9
5889,1173,1 Chronicles 25:10
5890,1173,1 Chronicles 25:11
5891,1173,1 Chronicles 25:12
5892,1173,1 Chronicles 25:13
5893,1173,1 Chronicles 25:14
5894,1173,1 Chronicles 25:15
5895,1173,1 Chronicles 25:16
5896,1173,1 Chronicles 25:17
5897,1173,1 Chronicles 25:18
5898,1173,1 Chronicles 25:19
5899,1173,1 Chronicles 25:20
5900,1173,1 Chronicles 25:21
5901,1173,1 Chronicles 25:22
5902,1173,1 Chronicles 25:23
5903,1173,1 Chronicles 25:24
5904,1173,1 Chronicles 25:25
5905,1173,1 Chronicles 25:26
5906,1173,1 Chronicles 25:27
5907,1173,1 Chronicles 25:28
5908,1173,1 Chronicles 25:29
5909,1173,1 Chronicles 25:30
5910,1173,1 Chronicles 25:31
5911,1174,1 Chronicles 25:1
5912,1174,1 Chronicles 25:2
5913,1174,1 Chronicles 25:3
5914,1175,1 Chronicles 25:8
5915,1176,1 Chronicles 26:1
5916,1176,1 Chronicles 26:2
5917,1176,1 Chronicles 26:3
5918,1176,1 Chronicles 26:4
5919,1176,1 Chronicles 26:5
5920,1176,1 Chronicles 26:6
5921,1176,1 Chronicles 26:7
5922,1176,1 Chronicles 26:8
5923,1176,1 Chronicles 26:9
5924,1176,1 Chronicles 26:10
5925,1176,1 Chronicles 26:11
5926,1176,1 Chronicles 26:12
5927,1176,1 Chronicles 26:13
5928,1176,1 Chronicles 26:14
5929,1176,1 Chronicles 26:15
5930,1176,1 Chronicles 26:16
5931,1176,1 Chronicles 26:17
5932,1176,1 Chronicles 26:18
5933,1176,1 Chronicles 26:19
5934,1176,1 Chronicles 26:20
5935,1176,1 Chronicles 26:21
5936,1176,1 Chronicles 26:22
5937,1176,1 Chronicles 26:23
5938,1176,1 Chronicles 26:24
5939,1176,1 Chronicles 26:25
5940,1176,1 Chronicles 26:26
5941,1176,1 Chronicles 26:27
5942,1176,1 Chronicles 26:28
5943,1176,1 Chronicles 26:29
5944,1176,1 Chronicles 26:30
5945,1176,1 Chronicles 26:31
5946,1176,1 Chronicles 26:32
5947,1178,1 Chronicles 28:11
5948,1178,1 Chronicles 28:12
5949,1178,1 Chronicles 28:13
5950,1178,1 Chronicles 28:14
5951,1178,1 Chronicles 28:15
5952,1178,1 Chronicles 28:16
5953,1178,1 Chronicles 28:17
5954,1178,1 Chronicles 28:18
5955,1178,1 Chronicles 28:19
5956,1179,1 Chronicles 28:19
5957,1180,1 Chronicles 28:20
5958,1181,1 Chronicles 29:6
5959,1181,1 Chronicles 29:7
5960,1181,1 Chronicles 29:8
5961,1181,1 Chronicles 29:9
5962,1182,1 Chronicles 29:10
5963,1182,1 Chronicles 29:11
5964,1182,1 Chronicles 29:12
5965,1182,1 Chronicles 29:13
5966,1182,1 Chronicles 29:14
5967,1182,1 Chronicles 29:15
5968,1182,1 Chronicles 29:16
5969,1182,1 Chronicles 29:17
5970,1182,1 Chronicles 29:18
5971,1182,1 Chronicles 29:19
5972,1183,1 Chronicles 29:11
5973,1184,1 Chronicles 29:12
5974,1185,1 Chronicles 29:17
5975,1186,1 Chronicles 29:23
5976,1187,1 Chronicles 29:25
5977,1188,1 Chronicles 29:25
5978,1189,2 Chronicles 1:7
5979,1190,2 Chronicles 1:8
5980,1190,2 Chronicles 1:9
5981,1190,2 Chronicles 1:10
5982,1191,2 Chronicles 1:11
5983,1191,2 Chronicles 1:12
5984,1192,2 Chronicles 1:12
5985,1193,2 Chronicles 5:1
5986,1194,2 Chronicles 5:13
5987,1194,2 Chronicles 5:14
5988,1195,2 Chronicles 5:14
5989,1196,2 Chronicles 5:14
5990,1197,2 Chronicles 7:1
5991,1198,2 Chronicles 7:1
5992,1199,2 Chronicles 7:1
5993,1199,2 Chronicles 7:2
5994,1200,2 Chronicles 7:2
5995,1201,2 Chronicles 7:3
5996,1202,2 Chronicles 7:3
5997,1203,2 Chronicles 7:12
5998,1204,2 Chronicles 7:12
5999,1205,2 Chronicles 7:12
6000,1206,2 Chronicles 7:13
6001,1206,2 Chronicles 7:14
6002,1206,2 Chronicles 7:15
6003,1206,2 Chronicles 7:16
6004,1207,2 Chronicles 7:17
6005,1207,2 Chronicles 7:18
6006,1208,2 Chronicles 7:19
6007,1208,2 Chronicles 7:20
6008,1208,2 Chronicles 7:21
6009,1208,2 Chronicles 7:22
6010,1209,2 Chronicles 9:8
6011,1210,2 Chronicles 9:8
6012,1211,2 Chronicles 9:29
6013,1212,2 Chronicles 10:15
6014,1213,2 Chronicles 10:15
6015,1214,2 Chronicles 11:2
6016,1214,2 Chronicles 11:3
6017,1214,2 Chronicles 11:4
6018,1215,2 Chronicles 11:2
6019,1215,2 Chronicles 11:3
6020,1215,2 Chronicles 11:4
6021,1216,2 Chronicles 11:4
6022,1217,2 Chronicles 11:17
6023,1218,2 Chronicles 12:2
6024,1219,2 Chronicles 12:5
6025,1219,2 Chronicles 12:6
6026,1220,2 Chronicles 12:6
6027,1221,2 Chronicles 12:7
6028,1222,2 Chronicles 12:7
6029,1223,2 Chronicles 12:9
6030,1224,2 Chronicles 15:1
6031,1225,2 Chronicles 15:2
6032,1225,2 Chronicles 15:3
6033,1225,2 Chronicles 15:4
6034,1225,2 Chronicles 15:5
6035,1225,2 Chronicles 15:6
6036,1225,2 Chronicles 15:7
6037,1226,2 Chronicles 15:2
6038,1227,2 Chronicles 15:8
6039,1228,2 Chronicles 15:12
6040,1228,2 Chronicles 15:13
6041,1228,2 Chronicles 15:14
6042,1228,2 Chronicles 15:15
6043,1229,2 Chronicles 15:15
6044,1230,2 Chronicles 15:15
6045,1231,2 Chronicles 16:7
6046,1231,2 Chronicles 16:8
6047,1231,2 Chronicles 16:9
6048,1232,2 Chronicles 16:9
6049,1233,2 Chronicles 16:9
6050,1234,2 Chronicles 16:12
6051,1235,2 Chronicles 20:14
6052,1236,2 Chronicles 20:15
6053,1236,2 Chronicles 20:16
6054,1236,2 Chronicles 20:17
6055,1237,2 Chronicles 20:15
6056,1238,2 Chronicles 20:18
6057,1238,2 Chronicles 20:19
6058,1239,2 Chronicles 20:22
6059,1240,2 Chronicles 20:23
6060,1241,2 Chronicles 20:25
6061,1242,2 Chronicles 20:26
6062,1243,2 Chronicles 20:29
6063,1244,2 Chronicles 20:30
6064,1245,2 Chronicles 19:2
6065,1245,2 Chronicles 19:3
6066,1246,2 Chronicles 19:3
6067,1247,2 Chronicles 20:37
6068,1248,2 Chronicles 20:37
6069,1249,2 Chronicles 24:20
6070,1250,2 Chronicles 24:20
6071,1251,2 Chronicles 24:20
6072,1252,2 Chronicles 24:21
6073,1253,2 Chronicles 24:22
6074,1254,2 Chronicles 24:23
6075,1254,2 Chronicles 24:24
6076,1255,2 Chronicles 24:24
6077,1256,2 Chronicles 24:24
6078,1257,2 Chronicles 24:25
6079,1258,2 Chronicles 25:15
6080,1258,2 Chronicles 25:16
6081,1259,2 Chronicles 25:15
6082,1260,2 Chronicles 25:16
6083,1261,2 Chronicles 25:16
6084,1262,2 Chronicles 25:20
6085,1263,2 Chronicles 25:20
6086,1264,2 Chronicles 26:16
6087,1264,2 Chronicles 26:17
6088,1264,2 Chronicles 26:18
6089,1265,2 Chronicles 26:19
6090,1265,2 Chronicles 26:20
6091,1265,2 Chronicles 26:21
6092,1266,2 Chronicles 26:19
6093,1267,2 Chronicles 26:20
6094,1268,2 Chronicles 26:21
6095,1269,2 Chronicles 26:7
6096,1270,2 Chronicles 26:8
6097,1270,2 Chronicles 26:15
6098,1271,2 Chronicles 26:15
6099,1272,2 Chronicles 28:9
6100,1272,2 Chronicles 28:10
6101,1272,2 Chronicles 28:11
6102,1273,2 Chronicles 28:9
6103,1274,2 Chronicles 28:11
6104,1275,2 Chronicles 28:12
6105,1275,2 Chronicles 28:13
6106,1275,2 Chronicles 28:14
6107,1275,2 Chronicles 28:15
6108,1276,2 Chronicles 28:19
6109,1277,2 Chronicles 32:31
6110,1278,2 Chronicles 32:31
6111,1279,2 Chronicles 32:26
6112,1280,2 Chronicles 32:26
6113,1281,2 Chronicles 32:27
6114,1281,2 Chronicles 32:28
6115,1281,2 Chronicles 32:29
6116,1282,2 Chronicles 32:29
6117,1283,2 Chronicles 32:30
6118,1284,2 Chronicles 32:30
6119,1285,2 Chronicles 34:22
6120,1285,2 Chronicles 34:23
6121,1285,2 Chronicles 34:24
6122,1285,2 Chronicles 34:25
6123,1285,2 Chronicles 34:26
6124,1285,2 Chronicles 34:27
6125,1285,2 Chronicles 34:28
6126,1286,2 Chronicles 34:28
6127,1287,2 Chronicles 35:18
6128,1288,2 Chronicles 35:21
6129,1289,2 Chronicles 35:22
6130,1290,2 Chronicles 35:23
6131,1290,2 Chronicles 35:24
6132,1291,2 Chronicles 36:22
6133,1292,2 Chronicles 36:23
6134,1293,2 Chronicles 36:21
6135,1293,2 Chronicles 36:22
6136,1294,Ezra 1:1
6137,1295,Ezra 1:2
6138,1296,Ezra 1:1
6139,1297,Ezra 1:5
6140,1298,Ezra 1:5
6141,1299,Ezra 2:64
6142,1300,Ezra 2:66
6143,1300,Ezra 2:67
6144,1301,Ezra 2:70
6145,1302,Ezra 3:1
6146,1303,Ezra 3:3
6147,1304,Ezra 3:8
6148,1305,Ezra 4:3
6149,1306,Ezra 4:5
6150,1307,Ezra 4:24
6151,1308,Ezra 5:1
6152,1309,Ezra 5:2
6153,1310,Ezra 5:2
6154,1311,Ezra 5:5
6155,1312,Ezra 5:5
6156,1313,Ezra 6:2
6157,1314,Ezra 6:3
6158,1314,Ezra 6:4
6159,1314,Ezra 6:5
6160,1314,Ezra 6:6
6161,1314,Ezra 6:7
6162,1314,Ezra 6:8
6163,1314,Ezra 6:9
6164,1314,Ezra 6:10
6165,1314,Ezra 6:11
6166,1314,Ezra 6:12
6167,1315,Ezra 6:8
6168,1315,Ezra 6:9
6169,1315,Ezra 6:10
6170,1316,Ezra 6:11
6171,1316,Ezra 6:12
6172,1317,Ezra 6:13
6173,1318,Ezra 6:14
6174,1319,Ezra 6:14
6175,1320,Ezra 6:14
6176,1321,Ezra 6:15
6177,1322,Ezra 6:22
6178,1323,Ezra 6:22
6179,1324,Ezra 6:22
6180,1325,Ezra 7:10
6181,1326,Ezra 7:6
6182,1327,Ezra 7:6
6183,1327,Ezra 7:9
6184,1327,Ezra 7:28
6185,1328,Ezra 7:11
6186,1328,Ezra 7:12
6187,1328,Ezra 7:13
6188,1328,Ezra 7:14
6189,1328,Ezra 7:15
6190,1328,Ezra 7:16
6191,1328,Ezra 7:17
6192,1328,Ezra 7:18
6193,1328,Ezra 7:19
6194,1328,Ezra 7:20
6195,1328,Ezra 7:21
6196,1328,Ezra 7:22
6197,1328,Ezra 7:23
6198,1328,Ezra 7:24
6199,1328,Ezra 7:25
6200,1328,Ezra 7:26
6201,1329,Ezra 7:15
6202,1329,Ezra 7:16
6203,1329,Ezra 7:17
6204,1329,Ezra 7:18
6205,1329,Ezra 7:19
6206,1329,Ezra 7:20
6207,1330,Ezra 7:21
6208,1330,Ezra 7:22
6209,1330,Ezra 7:23
6210,1330,Ezra 7:24
6211,1331,Ezra 7:23
6212,1332,Ezra 7:24
6213,1333,Ezra 7:28
6214,1334,Ezra 7:28
6215,1335,Ezra 8:1
6216,1336,Ezra 8:15
6217,1336,Ezra 8:16
6218,1336,Ezra 8:17
6219,1336,Ezra 8:18
6220,1336,Ezra 8:19
6221,1336,Ezra 8:20
6222,1337,Ezra 8:23
6223,1338,Ezra 8:24
6224,1338,Ezra 8:25
6225,1338,Ezra 8:26
6226,1338,Ezra 8:27
6227,1338,Ezra 8:28
6228,1338,Ezra 8:29
6229,1338,Ezra 8:30
6230,1339,Ezra 8:31
6231,1340,Ezra 8:32
6232,1341,Ezra 8:36
6233,1342,Ezra 9:4
6234,1343,Ezra 9:9
6235,1344,Ezra 9:9
6236,1345,Ezra 10:2
6237,1346,Ezra 10:7
6238,1346,Ezra 10:8
6239,1347,Ezra 10:9
6240,1348,Ezra 10:14
6241,1349,Ezra 10:17
6242,1350,Ezra 10:18
6243,1350,Ezra 10:19
6244,1350,Ezra 10:20
6245,1350,Ezra 10:21
6246,1350,Ezra 10:22
6247,1350,Ezra 10:23
6248,1350,Ezra 10:24
6249,1350,Ezra 10:25
6250,1350,Ezra 10:26
6251,1350,Ezra 10:27
6252,1350,Ezra 10:28
6253,1350,Ezra 10:29
6254,1350,Ezra 10:30
6255,1350,Ezra 10:31
6256,1350,Ezra 10:32
6257,1350,Ezra 10:33
6258,1350,Ezra 10:34
6259,1350,Ezra 10:35
6260,1350,Ezra 10:36
6261,1350,Ezra 10:37
6262,1350,Ezra 10:38
6263,1350,Ezra 10:39
6264,1350,Ezra 10:40
6265,1350,Ezra 10:41
6266,1350,Ezra 10:42
6267,1350,Ezra 10:43
6268,1350,Ezra 10:44
6269,1351,Nehemiah 1:1
6270,1351,Nehemiah 1:2
6271,1351,Nehemiah 1:3
6272,1351,Nehemiah 1:4
6273,1352,Nehemiah 1:4
6274,1352,Nehemiah 1:5
6275,1352,Nehemiah 1:6
6276,1352,Nehemiah 1:7
6277,1352,Nehemiah 1:8
6278,1352,Nehemiah 1:9
6279,1352,Nehemiah 1:10
6280,1352,Nehemiah 1:11
6281,1353,Nehemiah 2:1
6282,1353,Nehemiah 2:2
6283,1353,Nehemiah 2:3
6284,1353,Nehemiah 2:4
6285,1353,Nehemiah 2:5
6286,1353,Nehemiah 2:6
6287,1353,Nehemiah 2:7
6288,1353,Nehemiah 2:8
6289,1354,Nehemiah 2:6
6290,1354,Nehemiah 2:7
6291,1354,Nehemiah 2:8
6292,1355,Nehemiah 2:8
6293,1355,Nehemiah 2:18
6294,1356,Nehemiah 2:8
6295,1357,Nehemiah 2:9
6296,1358,Nehemiah 2:18
6297,1359,Nehemiah 2:17
6298,1359,Nehemiah 2:18
6299,1360,Nehemiah 4:7
6300,1360,Nehemiah 4:8
6301,1360,Nehemiah 4:9
6302,1360,Nehemiah 4:10
6303,1360,Nehemiah 4:11
6304,1360,Nehemiah 4:12
6305,1360,Nehemiah 4:13
6306,1360,Nehemiah 4:14
6307,1360,Nehemiah 4:15
6308,1361,Nehemiah 4:15
6309,1362,Nehemiah 4:20
6310,1363,Nehemiah 6:15
6311,1364,Nehemiah 6:16
6312,1365,Nehemiah 6:16
6313,1366,Nehemiah 7:5
6314,1367,Nehemiah 8:1
6315,1367,Nehemiah 8:2
6316,1367,Nehemiah 8:3
6317,1367,Nehemiah 8:4
6318,1367,Nehemiah 8:5
6319,1367,Nehemiah 8:6
6320,1367,Nehemiah 8:7
6321,1367,Nehemiah 8:8
6322,1368,Nehemiah 8:7
6323,1368,Nehemiah 8:8
6324,1369,Nehemiah 8:9
6325,1369,Nehemiah 8:10
6326,1369,Nehemiah 8:11
6327,1370,Nehemiah 8:10
6328,1371,Nehemiah 8:13
6329,1371,Nehemiah 8:14
6330,1371,Nehemiah 8:15
6331,1372,Nehemiah 8:17
6332,1373,Nehemiah 8:17
6333,1374,Nehemiah 9:5
6334,1374,Nehemiah 9:6
6335,1374,Nehemiah 9:7
6336,1374,Nehemiah 9:8
6337,1374,Nehemiah 9:9
6338,1374,Nehemiah 9:10
6339,1374,Nehemiah 9:11
6340,1374,Nehemiah 9:12
6341,1374,Nehemiah 9:13
6342,1374,Nehemiah 9:14
6343,1374,Nehemiah 9:15
6344,1374,Nehemiah 9:16
6345,1374,Nehemiah 9:17
6346,1374,Nehemiah 9:18
6347,1374,Nehemiah 9:19
6348,1374,Nehemiah 9:20
6349,1374,Nehemiah 9:21
6350,1374,Nehemiah 9:22
6351,1374,Nehemiah 9:23
6352,1374,Nehemiah 9:24
6353,1374,Nehemiah 9:25
6354,1374,Nehemiah 9:26
6355,1374,Nehemiah 9:27
6356,1374,Nehemiah 9:28
6357,1374,Nehemiah 9:29
6358,1374,Nehemiah 9:30
6359,1374,Nehemiah 9:31
6360,1374,Nehemiah 9:32
6361,1374,Nehemiah 9:33
6362,1374,Nehemiah 9:34
6363,1374,Nehemiah 9:35
6364,1374,Nehemiah 9:36
6365,1374,Nehemiah 9:37
6366,1375,Nehemiah 9:19
6367,1375,Nehemiah 9:27
6368,1375,Nehemiah 9:31
6369,1376,Nehemiah 9:27
6370,1376,Nehemiah 9:28
6371,1377,Nehemiah 9:20
6372,1378,Nehemiah 9:15
6373,1378,Nehemiah 9:20
6374,1379,Nehemiah 9:38
6375,1380,Nehemiah 12:24
6376,1380,Nehemiah 12:25
6377,1380,Nehemiah 12:26
6378,1380,Nehemiah 12:27
6379,1380,Nehemiah 12:28
6380,1380,Nehemiah 12:29
6381,1380,Nehemiah 12:30
6382,1380,Nehemiah 12:31
6383,1380,Nehemiah 12:32
6384,1380,Nehemiah 12:33
6385,1380,Nehemiah 12:34
6386,1380,Nehemiah 12:35
6387,1380,Nehemiah 12:36
6388,1380,Nehemiah 12:37
6389,1380,Nehemiah 12:38
6390,1380,Nehemiah 12:39
6391,1380,Nehemiah 12:40
6392,1380,Nehemiah 12:41
6393,1380,Nehemiah 12:42
6394,1380,Nehemiah 12:43
6395,1380,Nehemiah 12:44
6396,1380,Nehemiah 12:45
6397,1380,Nehemiah 12:46
6398,1380,Nehemiah 12:47
6399,1381,Nehemiah 12:43
6400,1382,Nehemiah 12:43
6401,1383,Nehemiah 12:43
6402,1384,Nehemiah 12:43
6403,1385,Nehemiah 13:14
6404,1385,Nehemiah 13:22
6405,1385,Nehemiah 13:31
6406,1386,Nehemiah 13:14
6407,1386,Nehemiah 13:22
6408,1386,Nehemiah 13:31
6409,1387,Nehemiah 13:15
6410,1387,Nehemiah 13:16
6411,1387,Nehemiah 13:17
6412,1387,Nehemiah 13:18
6413,1387,Nehemiah 13:19
6414,1387,Nehemiah 13:20
6415,1387,Nehemiah 13:21
6416,1387,Nehemiah 13:22
6417,1388,Nehemiah 13:23
6418,1388,Nehemiah 13:24
6419,1388,Nehemiah 13:25
6420,1388,Nehemiah 13:26
6421,1388,Nehemiah 13:27
6422,1388,Nehemiah 13:28
6423,1389,Nehemiah 13:29
6424,1389,Nehemiah 13:30
6425,1389,Nehemiah 13:31
6426,1390,Esther 2:8
6427,1390,Esther 2:9
6428,1390,Esther 2:10
6429,1390,Esther 2:11
6430,1390,Esther 2:12
6431,1390,Esther 2:13
6432,1390,Esther 2:14
6433,1390,Esther 2:15
6434,1390,Esther 2:16
6435,1390,Esther 2:17
6436,1391,Esther 2:17
6437,1392,Esther 2:10
6438,1392,Esther 2:20
6439,1393,Esther 2:21
6440,1393,Esther 2:22
6441,1393,Esther 2:23
6442,1394,Esther 2:23
6443,1395,Esther 3:7
6444,1396,Esther 3:7
6445,1397,Esther 4:13
6446,1397,Esther 4:14
6447,1398,Esther 4:14
6448,1399,Esther 4:14
6449,1400,Esther 4:16
6450,1401,Esther 6:1
6451,1402,Esther 6:1
6452,1403,Esther 6:2
6453,1403,Esther 6:3
6454,1404,Esther 6:4
6455,1405,Esther 6:10
6456,1405,Esther 6:11
6457,1406,Esther 6:13
6458,1407,Esther 6:14
6459,1408,Esther 7:3
6460,1409,Esther 7:7
6461,1410,Esther 7:8
6462,1411,Esther 7:9
6463,1411,Esther 7:10
6464,1412,Esther 8:1
6465,1412,Esther 8:2
6466,1413,Esther 8:5
6467,1413,Esther 8:6
6468,1413,Esther 8:7
6469,1413,Esther 8:8
6470,1414,Esther 8:11
6471,1414,Esther 8:12
6472,1414,Esther 8:13
6473,1414,Esther 8:14
6474,1415,Esther 8:15
6475,1416,Esther 8:17
6476,1417,Esther 9:1
6477,1417,Esther 9:2
6478,1418,Esther 9:2
6479,1419,Esther 9:3
6480,1420,Esther 9:10
6481,1420,Esther 9:15
6482,1420,Esther 9:16
6483,1421,Esther 9:7
6484,1421,Esther 9:8
6485,1421,Esther 9:9
6486,1421,Esther 9:10
6487,1422,Esther 9:17
6488,1422,Esther 9:18
6489,1422,Esther 9:19
6490,1423,Esther 9:20
6491,1423,Esther 9:21
6492,1423,Esther 9:22
6493,1423,Esther 9:23
6494,1423,Esther 9:24
6495,1423,Esther 9:25
6496,1423,Esther 9:26
6497,1423,Esther 9:27
6498,1423,Esther 9:28
6499,1423,Esther 9:29
6500,1423,Esther 9:30
6501,1423,Esther 9:31
6502,1423,Esther 9:32
6503,1424,Esther 10:3
6504,1425,Job 1:7
6505,1426,Job 1:8
6506,1427,Job 1:12
6507,1428,Job 1:12
6508,1429,Job 1:16
6509,1430,Job 1:18
6510,1430,Job 1:19
6511,1431,Job 2:3
6512,1432,Job 2:3
6513,1433,Job 2:6
6514,1434,Job 2:6
6515,1435,Job 2:7
6516,1436,Job 32:18
6517,1436,Job 32:19
6518,1436,Job 32:20
6519,1437,Job 33:14
6520,1437,Job 33:15
6521,1437,Job 33:16
6522,1438,Job 33:15
6523,1438,Job 33:16
6524,1439,Job 33:16
6525,1440,Job 33:18
6526,1440,Job 33:24
6527,1440,Job 33:28
6528,1441,Job 33:23
6529,1441,Job 33:24
6530,1442,Job 33:25
6531,1443,Job 33:26
6532,1444,Job 33:28
6533,1445,Job 36:6
6534,1446,Job 36:10
6535,1446,Job 36:15
6536,1447,Job 36:15
6537,1448,Job 37:5
6538,1449,Job 37:5
6539,1450,Job 37:6
6540,1451,Job 37:7
6541,1452,Job 37:10
6542,1453,Job 37:11
6543,1454,Job 37:12
6544,1455,Job 37:13
6545,1456,Job 38:1
6546,1457,Job 38:2
6547,1457,Job 38:3
6548,1458,Job 38:4
6549,1458,Job 38:5
6550,1458,Job 38:6
6551,1458,Job 38:7
6552,1459,Job 38:7
6553,1460,Job 38:7
6554,1461,Job 38:8
6555,1461,Job 38:9
6556,1461,Job 38:10
6557,1461,Job 38:11
6558,1462,Job 38:10
6559,1463,Job 38:12
6560,1463,Job 38:13
6561,1463,Job 38:14
6562,1463,Job 38:15
6563,1464,Job 38:23
6564,1465,Job 38:26
6565,1465,Job 38:27
6566,1466,Job 38:35
6567,1467,Job 38:39
6568,1468,Job 38:41
6569,1469,Job 39:1
6570,1469,Job 39:2
6571,1469,Job 39:3
6572,1469,Job 39:4
6573,1470,Job 39:5
6574,1470,Job 39:6
6575,1470,Job 39:7
6576,1470,Job 39:8
6577,1471,Job 39:13
6578,1471,Job 39:14
6579,1471,Job 39:15
6580,1471,Job 39:16
6581,1471,Job 39:17
6582,1471,Job 39:18
6583,1472,Job 39:19
6584,1472,Job 39:20
6585,1472,Job 39:21
6586,1472,Job 39:22
6587,1472,Job 39:23
6588,1472,Job 39:24
6589,1472,Job 39:25
6590,1473,Job 39:27
6591,1473,Job 39:28
6592,1473,Job 39:29
6593,1473,Job 39:30
6594,1474,Job 40:1
6595,1474,Job 40:2
6596,1475,Job 40:6
6597,1476,Job 40:7
6598,1476,Job 40:8
6599,1476,Job 40:9
6600,1476,Job 40:10
6601,1476,Job 40:11
6602,1476,Job 40:12
6603,1476,Job 40:13
6604,1476,Job 40:14
6605,1477,Job 40:15
6606,1477,Job 40:16
6607,1477,Job 40:17
6608,1477,Job 40:18
6609,1477,Job 40:19
6610,1477,Job 40:20
6611,1477,Job 40:21
6612,1477,Job 40:22
6613,1477,Job 40:23
6614,1477,Job 40:24
6615,1478,Job 40:15
6616,1479,Job 41:1
6617,1479,Job 41:2
6618,1479,Job 41:3
6619,1479,Job 41:4
6620,1479,Job 41:5
6621,1479,Job 41:6
6622,1479,Job 41:7
6623,1479,Job 41:8
6624,1479,Job 41:9
6625,1479,Job 41:10
6626,1479,Job 41:11
6627,1479,Job 41:12
6628,1479,Job 41:13
6629,1479,Job 41:14
6630,1479,Job 41:15
6631,1479,Job 41:16
6632,1479,Job 41:17
6633,1479,Job 41:18
6634,1479,Job 41:19
6635,1479,Job 41:20
6636,1479,Job 41:21
6637,1479,Job 41:22
6638,1479,Job 41:23
6639,1479,Job 41:24
6640,1479,Job 41:25
6641,1479,Job 41:26
6642,1479,Job 41:27
6643,1479,Job 41:28
6644,1479,Job 41:29
6645,1479,Job 41:30
6646,1479,Job 41:31
6647,1479,Job 41:32
6648,1479,Job 41:33
6649,1479,Job 41:34
6650,1480,Job 41:10
6651,1481,Job 41:11
6652,1482,Job 42:7
6653,1483,Job 42:7
6654,1483,Job 42:8
6655,1484,Job 42:8
6656,1485,Job 42:8
6657,1486,Job 42:8
6658,1487,Job 42:9
6659,1488,Job 42:10
6660,1489,Job 42:10
6661,1490,Job 42:12
6662,1491,Job 42:12
6663,1492,Job 42:12
6664,1493,Job 42:13
6665,1494,Job 42:15
6666,1495,Job 42:16
6667,1496,Psalms 2:7
6668,1497,Psalms 2:7
6669,1498,Psalms 2:8
6670,1499,Psalms 16:10
6671,1500,Psalms 16:10
6672,1501,Psalms 16:11
6673,1502,Psalms 29:5
6674,1503,Psalms 29:5
6675,1504,Psalms 29:7
6676,1505,Psalms 29:8
6677,1506,Psalms 29:9
6678,1507,Psalms 29:9
6679,1508,Psalms 30:11
6680,1509,Psalms 30:11
6681,1510,Psalms 89:19
6682,1511,Psalms 89:29
6683,1512,Psalms 89:35
6684,1513,Psalms 89:35
6685,1514,Psalms 89:36
6686,1515,Psalms 89:37
6687,1516,Psalms 78:15
6688,1516,Psalms 78:16
6689,1517,Psalms 78:16
6690,1518,Psalms 78:24
6691,1519,Psalms 78:24
6692,1520,Psalms 78:25
6693,1521,Psalms 78:26
6694,1522,Psalms 78:27
6695,1523,Psalms 78:27
6696,1524,Psalms 78:51
6697,1525,Psalms 78:52
6698,1526,Psalms 78:53
6699,1527,Psalms 78:68
6700,1528,Psalms 78:69
6701,1529,Psalms 78:69
6702,1530,Psalms 78:70
6703,1531,Psalms 78:71
6704,1532,Psalms 107:33
6705,1533,Psalms 107:34
6706,1534,Psalms 107:35
6707,1535,Psalms 107:35
6708,1536,Psalms 107:9
6709,1537,Psalms 107:9
6710,1538,Psalms 107:14
6711,1539,Psalms 107:14
6712,1540,Psalms 107:16
6713,1541,Psalms 107:16
6714,1542,Psalms 107:20
6715,1543,Psalms 107:20
6716,1544,Psalms 107:29
6717,1545,Psalms 107:29
6718,1546,Psalms 107:30
6719,1547,Psalms 104:5
6720,1548,Psalms 104:5
6721,1549,Psalms 104:6
6722,1550,Psalms 104:6
6723,1551,Psalms 104:7
6724,1552,Psalms 104:7
6725,1553,Psalms 104:8
6726,1554,Psalms 104:9
6727,1555,Psalms 104:9
6728,1556,Psalms 104:10
6729,1557,Psalms 104:10
6730,1558,Psalms 104:13
6731,1559,Psalms 104:13
6732,1560,Psalms 104:14
6733,1561,Psalms 104:14
6734,1562,Psalms 104:14
6735,1563,Psalms 104:19
6736,1564,Psalms 104:19
6737,1565,Psalms 104:20
6738,1566,Psalms 104:27
6739,1567,Psalms 104:28
6740,1568,Psalms 104:29
6741,1569,Psalms 104:29
6742,1570,Psalms 104:30
6743,1571,Psalms 104:30
6744,1572,Psalms 104:32
6745,1573,Psalms 104:32
6746,1574,Psalms 136:13
6747,1575,Psalms 136:14
6748,1576,Psalms 136:15
6749,1577,Psalms 136:16
6750,1578,Psalms 136:17
6751,1578,Psalms 136:18
6752,1578,Psalms 136:19
6753,1578,Psalms 136:20
6754,1579,Psalms 136:18
6755,1580,Psalms 136:19
6756,1581,Psalms 136:20
6757,1582,Psalms 136:21
6758,1582,Psalms 136:22
6759,1583,Psalms 136:23
6760,1584,Psalms 136:24
6761,1585,Psalms 136:25
6762,1586,Psalms 147:2
6763,1587,Psalms 147:2
6764,1588,Psalms 147:3
6765,1589,Psalms 147:3
6766,1590,Psalms 147:4
6767,1591,Psalms 147:4
6768,1592,Psalms 147:8
6769,1593,Psalms 147:8
6770,1594,Psalms 147:8
6771,1595,Psalms 147:9
6772,1596,Psalms 147:9
6773,1597,Psalms 147:18
6774,1598,Psalms 147:18
6775,1599,Psalms 147:19
6776,1600,Psalms 147:19
6777,1601,Psalms 147:20
6778,1602,Psalms 147:20
6779,1603,Proverbs 8:22
6780,1604,Proverbs 8:23
6781,1605,Proverbs 8:23
6782,1606,Proverbs 8:27
6783,1607,Proverbs 8:27
6784,1608,Proverbs 8:28
6785,1609,Proverbs 8:28
6786,1610,Proverbs 8:29
6787,1611,Proverbs 8:29
6788,1612,Proverbs 8:29
6789,1613,Proverbs 8:30
6790,1614,Proverbs 8:30
6791,1615,Proverbs 8:30
6792,1616,Proverbs 8:31
6793,1617,Proverbs 8:31
6794,1618,Proverbs 3:19
6795,1619,Proverbs 3:20
6796,1620,Proverbs 3:20
6797,1621,Proverbs 3:20
6798,1622,Proverbs 2:6
6799,1623,Proverbs 2:6
6800,1624,Proverbs 2:7
6801,1625,Proverbs 2:7
6802,1626,Proverbs 2:8
6803,1627,Proverbs 2:8
6804,1628,Proverbs 16:33
6805,1629,Proverbs 21:1
6806,1630,Proverbs 21:1
6807,1631,Proverbs 21:30
6808,1632,Proverbs 21:30
6809,1633,Proverbs 21:30
6810,1634,Proverbs 21:31
6811,1635,Proverbs 10:22
6812,1636,Proverbs 16:9
6813,1637,Proverbs 16:9
6814,1638,Proverbs 19:21
6815,1639,Proverbs 20:24
6816,1640,Proverbs 20:24
6817,1641,Proverbs 16:2
6818,1642,Proverbs 16:2
6819,1643,Proverbs 16:3
6820,1644,Proverbs 16:4
6821,1645,Proverbs 16:4
6822,1646,Proverbs 16:5
6823,1647,Proverbs 16:5
6824,1648,Proverbs 16:7
6825,1649,Proverbs 16:8
6826,1650,Proverbs 16:1
6827,1651,Proverbs 16:1
6828,1652,Proverbs 16:11
6829,1653,Proverbs 16:11
6830,1654,Proverbs 16:12
6831,1655,Proverbs 16:12
6832,1656,Proverbs 16:13
6833,1657,Proverbs 16:13
6834,1658,Proverbs 16:14
6835,1659,Proverbs 16:14
6836,1660,Proverbs 16:15
6837,1661,Proverbs 16:15
6838,1662,Proverbs 16:16
6839,1663,Proverbs 16:16
6840,1664,Proverbs 16:17
6841,1665,Proverbs 16:17
6842,1666,Proverbs 16:18
6843,1667,Proverbs 16:18
6844,1668,Proverbs 16:19
6845,1669,Proverbs 16:19
6846,1670,Proverbs 16:20
6847,1671,Proverbs 16:20
6848,1672,Proverbs 16:21
6849,1673,Proverbs 16:21
6850,1674,Proverbs 16:22
6851,1675,Proverbs 16:22
6852,1676,Proverbs 16:23
6853,1677,Proverbs 16:23
6854,1678,Proverbs 16:24
6855,1679,Proverbs 16:24
6856,1680,Proverbs 16:25
6857,1681,Proverbs 16:25
6858,1682,Proverbs 16:26
6859,1683,Proverbs 16:26
6860,1684,Proverbs 16:27
6861,1685,Proverbs 16:27
6862,1686,Proverbs 16:28
6863,1687,Proverbs 16:28
6864,1688,Proverbs 16:29
6865,1689,Proverbs 16:29
6866,1690,Proverbs 16:30
6867,1691,Proverbs 16:30
6868,1692,Proverbs 16:31
6869,1693,Proverbs 16:31
6870,1694,Proverbs 16:32
6871,1695,Proverbs 16:32
6872,1696,Ecclesiastes 3:11
6873,1697,Ecclesiastes 3:11
6874,1698,Ecclesiastes 3:11
6875,1699,Ecclesiastes 3:14
6876,1700,Ecclesiastes 3:14
6877,1701,Ecclesiastes 3:14
6878,1702,Ecclesiastes 3:14
6879,1703,Ecclesiastes 3:15
6880,1704,Ecclesiastes 3:17
6881,1705,Ecclesiastes 3:18
6882,1706,Ecclesiastes 2:26
6883,1707,Ecclesiastes 2:26
6884,1708,Ecclesiastes 2:26
6885,1709,Ecclesiastes 3:13
6886,1710,Ecclesiastes 6:2
6887,1711,Ecclesiastes 6:2
6888,1712,Ecclesiastes 6:2
6889,1713,Ecclesiastes 6:10
6890,1714,Ecclesiastes 6:10
6891,1715,Ecclesiastes 6:12
6892,1716,Ecclesiastes 6:12
6893,1717,Ecclesiastes 7:29
6894,1718,Ecclesiastes 7:29
6895,1719,Ecclesiastes 8:8
6896,1720,Ecclesiastes 8:8
6897,1721,Ecclesiastes 8:17
6898,1722,Ecclesiastes 8:17
6899,1723,Ecclesiastes 8:17
6900,1724,Ecclesiastes 9:1
6901,1725,Ecclesiastes 9:1
6902,1726,Ecclesiastes 9:2
6903,1726,Ecclesiastes 9:3
6904,1727,Ecclesiastes 9:2
6905,1728,Ecclesiastes 9:9
6906,1729,Ecclesiastes 9:11
6907,1730,Ecclesiastes 9:12
6908,1731,Ecclesiastes 9:12
6909,1732,Ecclesiastes 11:3
6910,1733,Ecclesiastes 11:3
6911,1734,Ecclesiastes 11:5
6912,1735,Ecclesiastes 11:5
6913,1736,Ecclesiastes 11:5
6914,1737,Ecclesiastes 12:14
6915,1738,Ecclesiastes 12:14
6916,1739,Ecclesiastes 12:14
6917,1740,Ecclesiastes 12:1
6918,1741,Ecclesiastes 12:1
6919,1742,Ecclesiastes 12:1
6920,1743,Ecclesiastes 12:7
6921,1744,Ecclesiastes 12:7
6922,1745,Isaiah 6:1
6923,1745,Isaiah 6:2
6924,1745,Isaiah 6:3
6925,1745,Isaiah 6:4
6926,1746,Isaiah 6:2
6927,1746,Isaiah 6:3
6928,1747,Isaiah 6:4
6929,1748,Isaiah 6:4
6930,1749,Isaiah 6:6
6931,1749,Isaiah 6:7
6932,1750,Isaiah 6:7
6933,1751,Isaiah 6:8
6934,1752,Isaiah 6:9
6935,1752,Isaiah 6:10
6936,1752,Isaiah 6:11
6937,1752,Isaiah 6:12
6938,1752,Isaiah 6:13
6939,1753,Isaiah 7:10
6940,1753,Isaiah 7:11
6941,1753,Isaiah 7:12
6942,1753,Isaiah 7:13
6943,1753,Isaiah 7:14
6944,1754,Isaiah 8:1
6945,1755,Isaiah 8:3
6946,1755,Isaiah 8:4
6947,1756,Isaiah 8:11
6948,1757,Isaiah 9:6
6949,1757,Isaiah 9:7
6950,1758,Isaiah 9:12
6951,1758,Isaiah 9:17
6952,1759,Isaiah 10:12
6953,1759,Isaiah 10:13
6954,1759,Isaiah 10:14
6955,1759,Isaiah 10:15
6956,1759,Isaiah 10:16
6957,1759,Isaiah 10:17
6958,1759,Isaiah 10:18
6959,1759,Isaiah 10:19
6960,1760,Isaiah 10:20
6961,1760,Isaiah 10:21
6962,1760,Isaiah 10:22
6963,1761,Isaiah 11:1
6964,1761,Isaiah 11:2
6965,1761,Isaiah 11:3
6966,1761,Isaiah 11:4
6967,1761,Isaiah 11:5
6968,1762,Isaiah 11:10
6969,1762,Isaiah 11:11
6970,1762,Isaiah 11:12
6971,1763,Isaiah 11:15
6972,1764,Isaiah 13:1
6973,1764,Isaiah 13:2
6974,1764,Isaiah 13:3
6975,1764,Isaiah 13:4
6976,1764,Isaiah 13:5
6977,1764,Isaiah 13:6
6978,1764,Isaiah 13:7
6979,1764,Isaiah 13:8
6980,1764,Isaiah 13:9
6981,1764,Isaiah 13:10
6982,1764,Isaiah 13:11
6983,1764,Isaiah 13:12
6984,1764,Isaiah 13:13
6985,1764,Isaiah 13:14
6986,1764,Isaiah 13:15
6987,1764,Isaiah 13:16
6988,1764,Isaiah 13:17
6989,1764,Isaiah 13:18
6990,1764,Isaiah 13:19
6991,1764,Isaiah 13:20
6992,1764,Isaiah 13:21
6993,1764,Isaiah 13:22
6994,1765,Isaiah 14:12
6995,1765,Isaiah 14:13
6996,1765,Isaiah 14:14
6997,1765,Isaiah 14:15
6998,1766,Isaiah 14:24
6999,1766,Isaiah 14:25
7000,1766,Isaiah 14:26
7001,1766,Isaiah 14:27
7002,1767,Isaiah 38:1
7003,1767,Isaiah 38:2
7004,1767,Isaiah 38:3
7005,1767,Isaiah 38:4
7006,1767,Isaiah 38:5
7007,1768,Isaiah 38:7
7008,1768,Isaiah 38:8
7009,1769,Isaiah 37:36
7010,1770,Isaiah 37:37
7011,1771,Isaiah 41:8
7012,1771,Isaiah 41:9
7013,1772,Isaiah 41:10
7014,1772,Isaiah 41:11
7015,1772,Isaiah 41:12
7016,1772,Isaiah 41:13
7017,1772,Isaiah 41:14
7018,1773,Isaiah 41:18
7019,1773,Isaiah 41:19
7020,1774,Isaiah 44:28
7021,1775,Isaiah 46:9
7022,1775,Isaiah 46:10
7023,1775,Isaiah 46:11
7024,1776,Isaiah 53:4
7025,1776,Isaiah 53:5
7026,1776,Isaiah 53:6
7027,1777,Isaiah 53:10
7028,1777,Isaiah 53:11
7029,1777,Isaiah 53:12
7030,1778,Isaiah 54:1
7031,1778,Isaiah 54:2
7032,1778,Isaiah 54:3
7033,1779,Isaiah 55:10
7034,1779,Isaiah 55:11
7035,1780,Isaiah 55:12
7036,1781,Isaiah 56:3
7037,1781,Isaiah 56:4
7038,1781,Isaiah 56:5
7039,1781,Isaiah 56:6
7040,1781,Isaiah 56:7
7041,1782,Isaiah 59:15
7042,1782,Isaiah 59:16
7043,1782,Isaiah 59:17
7044,1782,Isaiah 59:18
7045,1782,Isaiah 59:19
7046,1783,Isaiah 61:1
7047,1783,Isaiah 61:2
7048,1783,Isaiah 61:3
7049,1784,Isaiah 65:17
7050,1785,Isaiah 65:18
7051,1785,Isaiah 65:19
7052,1786,Isaiah 65:25
7053,1787,Isaiah 66:1
7054,1788,Isaiah 66:12
7055,1789,Isaiah 66:18
7056,1789,Isaiah 66:19
7057,1790,Isaiah 66:22
7058,1791,Jeremiah 1:1
7059,1791,Jeremiah 1:2
7060,1791,Jeremiah 1:3
7061,1792,Jeremiah 1:4
7062,1792,Jeremiah 1:5
7063,1793,Jeremiah 1:5
7064,1793,Jeremiah 1:6
7065,1793,Jeremiah 1:7
7066,1793,Jeremiah 1:8
7067,1793,Jeremiah 1:9
7068,1793,Jeremiah 1:10
7069,1794,Jeremiah 1:11
7070,1794,Jeremiah 1:12
7071,1795,Jeremiah 1:13
7072,1795,Jeremiah 1:14
7073,1795,Jeremiah 1:15
7074,1795,Jeremiah 1:16
7075,1796,Jeremiah 1:17
7076,1796,Jeremiah 1:18
7077,1796,Jeremiah 1:19
7078,1797,Jeremiah 2:1
7079,1797,Jeremiah 2:2
7080,1797,Jeremiah 2:3
7081,1797,Jeremiah 2:4
7082,1797,Jeremiah 2:5
7083,1797,Jeremiah 2:6
7084,1797,Jeremiah 2:7
7085,1797,Jeremiah 2:8
7086,1797,Jeremiah 2:9
7087,1797,Jeremiah 2:10
7088,1797,Jeremiah 2:11
7089,1797,Jeremiah 2:12
7090,1797,Jeremiah 2:13
7091,1797,Jeremiah 2:14
7092,1797,Jeremiah 2:15
7093,1797,Jeremiah 2:16
7094,1797,Jeremiah 2:17
7095,1797,Jeremiah 2:18
7096,1797,Jeremiah 2:19
7097,1797,Jeremiah 2:20
7098,1797,Jeremiah 2:21
7099,1797,Jeremiah 2:22
7100,1797,Jeremiah 2:23
7101,1797,Jeremiah 2:24
7102,1797,Jeremiah 2:25
7103,1797,Jeremiah 2:26
7104,1797,Jeremiah 2:27
7105,1797,Jeremiah 2:28
7106,1797,Jeremiah 2:29
7107,1797,Jeremiah 2:30
7108,1797,Jeremiah 2:31
7109,1797,Jeremiah 2:32
7110,1797,Jeremiah 2:33
7111,1797,Jeremiah 2:34
7112,1797,Jeremiah 2:35
7113,1797,Jeremiah 2:36
7114,1797,Jeremiah 2:37
7115,1797,Jeremiah 3:1
7116,1797,Jeremiah 3:2
7117,1797,Jeremiah 3:3
7118,1797,Jeremiah 3:4
7119,1797,Jeremiah 3:5
7120,1798,Jeremiah 3:6
7121,1798,Jeremiah 3:7
7122,1798,Jeremiah 3:8
7123,1798,Jeremiah 3:9
7124,1798,Jeremiah 3:10
7125,1798,Jeremiah 3:11
7126,1798,Jeremiah 3:12
7127,1798,Jeremiah 3:13
7128,1798,Jeremiah 3:14
7129,1798,Jeremiah 3:15
7130,1798,Jeremiah 3:16
7131,1798,Jeremiah 3:17
7132,1798,Jeremiah 3:18
7133,1798,Jeremiah 3:19
7134,1798,Jeremiah 3:20
7135,1798,Jeremiah 3:21
7136,1798,Jeremiah 3:22
7137,1798,Jeremiah 3:23
7138,1798,Jeremiah 3:24
7139,1798,Jeremiah 3:25
7140,1798,Jeremiah 4:1
7141,1798,Jeremiah 4:2
7142,1798,Jeremiah 4:3
7143,1798,Jeremiah 4:4
7144,1799,Jeremiah 4:5
7145,1799,Jeremiah 4:6
7146,1799,Jeremiah 4:7
7147,1799,Jeremiah 4:8
7148,1799,Jeremiah 4:9
7149,1799,Jeremiah 4:10
7150,1799,Jeremiah 4:11
7151,1799,Jeremiah 4:12
7152,1799,Jeremiah 4:13
7153,1799,Jeremiah 4:14
7154,1799,Jeremiah 4:15
7155,1799,Jeremiah 4:16
7156,1799,Jeremiah 4:17
7157,1799,Jeremiah 4:18
7158,1799,Jeremiah 4:19
7159,1799,Jeremiah 4:20
7160,1799,Jeremiah 4:21
7161,1799,Jeremiah 4:22
7162,1799,Jeremiah 4:23
7163,1799,Jeremiah 4:24
7164,1799,Jeremiah 4:25
7165,1799,Jeremiah 4:26
7166,1799,Jeremiah 4:27
7167,1799,Jeremiah 4:28
7168,1799,Jeremiah 4:29
7169,1799,Jeremiah 4:30
7170,1799,Jeremiah 4:31
7171,1799,Jeremiah 5:1
7172,1799,Jeremiah 5:2
7173,1799,Jeremiah 5:3
7174,1799,Jeremiah 5:4
7175,1799,Jeremiah 5:5
7176,1799,Jeremiah 5:6
7177,1799,Jeremiah 5:7
7178,1799,Jeremiah 5:8
7179,1799,Jeremiah 5:9
7180,1799,Jeremiah 5:10
7181,1799,Jeremiah 5:11
7182,1799,Jeremiah 5:12
7183,1799,Jeremiah 5:13
7184,1799,Jeremiah 5:14
7185,1799,Jeremiah 5:15
7186,1799,Jeremiah 5:16
7187,1799,Jeremiah 5:17
7188,1799,Jeremiah 5:18
7189,1799,Jeremiah 5:19
7190,1799,Jeremiah 5:20
7191,1799,Jeremiah 5:21
7192,1799,Jeremiah 5:22
7193,1799,Jeremiah 5:23
7194,1799,Jeremiah 5:24
7195,1799,Jeremiah 5:25
7196,1799,Jeremiah 5:26
7197,1799,Jeremiah 5:27
7198,1799,Jeremiah 5:28
7199,1799,Jeremiah 5:29
7200,1799,Jeremiah 5:30
7201,1799,Jeremiah 5:31
7202,1799,Jeremiah 6:1
7203,1799,Jeremiah 6:2
7204,1799,Jeremiah 6:3
7205,1799,Jeremiah 6:4
7206,1799,Jeremiah 6:5
7207,1799,Jeremiah 6:6
7208,1799,Jeremiah 6:7
7209,1799,Jeremiah 6:8
7210,1799,Jeremiah 6:9
7211,1799,Jeremiah 6:10
7212,1799,Jeremiah 6:11
7213,1799,Jeremiah 6:12
7214,1799,Jeremiah 6:13
7215,1799,Jeremiah 6:14
7216,1799,Jeremiah 6:15
7217,1799,Jeremiah 6:16
7218,1799,Jeremiah 6:17
7219,1799,Jeremiah 6:18
7220,1799,Jeremiah 6:19
7221,1799,Jeremiah 6:20
7222,1799,Jeremiah 6:21
7223,1799,Jeremiah 6:22
7224,1799,Jeremiah 6:23
7225,1799,Jeremiah 6:24
7226,1799,Jeremiah 6:25
7227,1799,Jeremiah 6:26
7228,1799,Jeremiah 6:27
7229,1799,Jeremiah 6:28
7230,1799,Jeremiah 6:29
7231,1799,Jeremiah 6:30
7232,1800,Jeremiah 7:1
7233,1800,Jeremiah 7:2
7234,1801,Jeremiah 7:3
7235,1801,Jeremiah 7:4
7236,1801,Jeremiah 7:5
7237,1801,Jeremiah 7:6
7238,1801,Jeremiah 7:7
7239,1801,Jeremiah 7:8
7240,1801,Jeremiah 7:9
7241,1801,Jeremiah 7:10
7242,1801,Jeremiah 7:11
7243,1801,Jeremiah 7:12
7244,1801,Jeremiah 7:13
7245,1801,Jeremiah 7:14
7246,1801,Jeremiah 7:15
7247,1802,Jeremiah 7:16
7248,1803,Jeremiah 24:1
7249,1803,Jeremiah 24:2
7250,1803,Jeremiah 24:3
7251,1803,Jeremiah 24:4
7252,1803,Jeremiah 24:5
7253,1803,Jeremiah 24:6
7254,1803,Jeremiah 24:7
7255,1803,Jeremiah 24:8
7256,1803,Jeremiah 24:9
7257,1803,Jeremiah 24:10
7258,1804,Jeremiah 25:8
7259,1804,Jeremiah 25:9
7260,1804,Jeremiah 25:10
7261,1804,Jeremiah 25:11
7262,1804,Jeremiah 25:12
7263,1804,Jeremiah 25:13
7264,1804,Jeremiah 25:14
7265,1805,Jeremiah 25:15
7266,1805,Jeremiah 25:16
7267,1805,Jeremiah 25:17
7268,1805,Jeremiah 25:18
7269,1805,Jeremiah 25:19
7270,1805,Jeremiah 25:20
7271,1805,Jeremiah 25:21
7272,1805,Jeremiah 25:22
7273,1805,Jeremiah 25:23
7274,1805,Jeremiah 25:24
7275,1805,Jeremiah 25:25
7276,1805,Jeremiah 25:26
7277,1805,Jeremiah 25:27
7278,1805,Jeremiah 25:28
7279,1805,Jeremiah 25:29
7280,1806,Jeremiah 27:1
7281,1806,Jeremiah 27:2
7282,1807,Jeremiah 28:1
7283,1807,Jeremiah 28:2
7284,1807,Jeremiah 28:3
7285,1807,Jeremiah 28:4
7286,1807,Jeremiah 28:5
7287,1807,Jeremiah 28:6
7288,1807,Jeremiah 28:7
7289,1807,Jeremiah 28:8
7290,1807,Jeremiah 28:9
7291,1807,Jeremiah 28:10
7292,1807,Jeremiah 28:11
7293,1807,Jeremiah 28:12
7294,1807,Jeremiah 28:13
7295,1807,Jeremiah 28:14
7296,1807,Jeremiah 28:15
7297,1807,Jeremiah 28:16
7298,1807,Jeremiah 28:17
7299,1808,Jeremiah 28:15
7300,1808,Jeremiah 28:16
7301,1808,Jeremiah 28:17
7302,1809,Jeremiah 29:1
7303,1809,Jeremiah 29:2
7304,1809,Jeremiah 29:3
7305,1810,Jeremiah 29:10
7306,1810,Jeremiah 29:11
7307,1810,Jeremiah 29:12
7308,1810,Jeremiah 29:13
7309,1810,Jeremiah 29:14
7310,1811,Jeremiah 29:24
7311,1811,Jeremiah 29:25
7312,1811,Jeremiah 29:26
7313,1811,Jeremiah 29:27
7314,1811,Jeremiah 29:28
7315,1811,Jeremiah 29:29
7316,1811,Jeremiah 29:30
7317,1811,Jeremiah 29:31
7318,1811,Jeremiah 29:32
7319,1812,Jeremiah 32:6
7320,1812,Jeremiah 32:7
7321,1812,Jeremiah 32:8
7322,1812,Jeremiah 32:9
7323,1812,Jeremiah 32:10
7324,1812,Jeremiah 32:11
7325,1812,Jeremiah 32:12
7326,1812,Jeremiah 32:13
7327,1812,Jeremiah 32:14
7328,1812,Jeremiah 32:15
7329,1813,Jeremiah 32:16
7330,1813,Jeremiah 32:17
7331,1813,Jeremiah 32:18
7332,1813,Jeremiah 32:19
7333,1813,Jeremiah 32:20
7334,1813,Jeremiah 32:21
7335,1813,Jeremiah 32:22
7336,1813,Jeremiah 32:23
7337,1813,Jeremiah 32:24
7338,1813,Jeremiah 32:25
7339,1813,Jeremiah 32:26
7340,1813,Jeremiah 32:27
7341,1813,Jeremiah 32:28
7342,1813,Jeremiah 32:29
7343,1813,Jeremiah 32:30
7344,1813,Jeremiah 32:31
7345,1813,Jeremiah 32:32
7346,1813,Jeremiah 32:33
7347,1813,Jeremiah 32:34
7348,1813,Jeremiah 32:35
7349,1813,Jeremiah 32:36
7350,1813,Jeremiah 32:37
7351,1813,Jeremiah 32:38
7352,1813,Jeremiah 32:39
7353,1813,Jeremiah 32:40
7354,1813,Jeremiah 32:41
7355,1813,Jeremiah 32:42
7356,1813,Jeremiah 32:43
7357,1813,Jeremiah 32:44
7358,1814,Jeremiah 33:1
7359,1814,Jeremiah 33:2
7360,1814,Jeremiah 33:3
7361,1815,Jeremiah 31:31
7362,1815,Jeremiah 31:32
7363,1815,Jeremiah 31:33
7364,1815,Jeremiah 31:34
7365,1816,Jeremiah 11:18
7366,1816,Jeremiah 11:19
7367,1816,Jeremiah 11:20
7368,1816,Jeremiah 11:21
7369,1816,Jeremiah 11:22
7370,1816,Jeremiah 11:23
7371,1817,Jeremiah 12:1
7372,1817,Jeremiah 12:2
7373,1817,Jeremiah 12:3
7374,1817,Jeremiah 12:4
7375,1817,Jeremiah 12:5
7376,1817,Jeremiah 12:6
7377,1818,Jeremiah 16:1
7378,1818,Jeremiah 16:2
7379,1818,Jeremiah 16:3
7380,1818,Jeremiah 16:4
7381,1819,Jeremiah 18:1
7382,1819,Jeremiah 18:2
7383,1819,Jeremiah 18:3
7384,1819,Jeremiah 18:4
7385,1819,Jeremiah 18:5
7386,1819,Jeremiah 18:6
7387,1820,Jeremiah 18:18
7388,1820,Jeremiah 18:19
7389,1820,Jeremiah 18:20
7390,1820,Jeremiah 18:21
7391,1820,Jeremiah 18:22
7392,1820,Jeremiah 18:23
7393,1821,Jeremiah 19:1
7394,1821,Jeremiah 19:2
7395,1821,Jeremiah 19:3
7396,1821,Jeremiah 19:4
7397,1821,Jeremiah 19:5
7398,1821,Jeremiah 19:6
7399,1821,Jeremiah 19:7
7400,1821,Jeremiah 19:8
7401,1821,Jeremiah 19:9
7402,1821,Jeremiah 19:10
7403,1821,Jeremiah 19:11
7404,1821,Jeremiah 19:12
7405,1821,Jeremiah 19:13
7406,1821,Jeremiah 19:14
7407,1821,Jeremiah 19:15
7408,1822,Jeremiah 20:1
7409,1822,Jeremiah 20:2
7410,1822,Jeremiah 20:3
7411,1822,Jeremiah 20:4
7412,1822,Jeremiah 20:5
7413,1822,Jeremiah 20:6
7414,1823,Jeremiah 21:1
7415,1823,Jeremiah 21:2
7416,1823,Jeremiah 21:3
7417,1823,Jeremiah 21:4
7418,1823,Jeremiah 21:5
7419,1823,Jeremiah 21:6
7420,1823,Jeremiah 21:7
7421,1823,Jeremiah 21:8
7422,1823,Jeremiah 21:9
7423,1823,Jeremiah 21:10
7424,1824,Jeremiah 23:1
7425,1824,Jeremiah 23:2
7426,1824,Jeremiah 23:3
7427,1824,Jeremiah 23:4
7428,1824,Jeremiah 23:5
7429,1824,Jeremiah 23:6
7430,1824,Jeremiah 23:7
7431,1824,Jeremiah 23:8
7432,1825,Jeremiah 23:9
7433,1825,Jeremiah 23:10
7434,1825,Jeremiah 23:11
7435,1825,Jeremiah 23:12
7436,1825,Jeremiah 23:13
7437,1825,Jeremiah 23:14
7438,1825,Jeremiah 23:15
7439,1825,Jeremiah 23:16
7440,1825,Jeremiah 23:17
7441,1825,Jeremiah 23:18
7442,1825,Jeremiah 23:19
7443,1825,Jeremiah 23:20
7444,1825,Jeremiah 23:21
7445,1825,Jeremiah 23:22
7446,1825,Jeremiah 23:23
7447,1825,Jeremiah 23:24
7448,1825,Jeremiah 23:25
7449,1825,Jeremiah 23:26
7450,1825,Jeremiah 23:27
7451,1825,Jeremiah 23:28
7452,1825,Jeremiah 23:29
7453,1825,Jeremiah 23:30
7454,1825,Jeremiah 23:31
7455,1825,Jeremiah 23:32
7456,1825,Jeremiah 23:33
7457,1825,Jeremiah 23:34
7458,1825,Jeremiah 23:35
7459,1825,Jeremiah 23:36
7460,1825,Jeremiah 23:37
7461,1825,Jeremiah 23:38
7462,1825,Jeremiah 23:39
7463,1825,Jeremiah 23:40
7464,1826,Jeremiah 35:1
7465,1826,Jeremiah 35:2
7466,1826,Jeremiah 35:3
7467,1826,Jeremiah 35:4
7468,1826,Jeremiah 35:5
7469,1826,Jeremiah 35:6
7470,1826,Jeremiah 35:7
7471,1826,Jeremiah 35:8
7472,1826,Jeremiah 35:9
7473,1826,Jeremiah 35:10
7474,1826,Jeremiah 35:11
7475,1827,Jeremiah 35:12
7476,1827,Jeremiah 35:13
7477,1827,Jeremiah 35:14
7478,1827,Jeremiah 35:15
7479,1827,Jeremiah 35:16
7480,1827,Jeremiah 35:17
7481,1827,Jeremiah 35:18
7482,1827,Jeremiah 35:19
7483,1828,Jeremiah 36:1
7484,1828,Jeremiah 36:2
7485,1828,Jeremiah 36:3
7486,1828,Jeremiah 36:4
7487,1829,Jeremiah 36:19
7488,1829,Jeremiah 36:20
7489,1829,Jeremiah 36:21
7490,1829,Jeremiah 36:22
7491,1829,Jeremiah 36:23
7492,1829,Jeremiah 36:24
7493,1829,Jeremiah 36:25
7494,1829,Jeremiah 36:26
7495,1830,Jeremiah 36:27
7496,1830,Jeremiah 36:28
7497,1830,Jeremiah 36:29
7498,1830,Jeremiah 36:30
7499,1830,Jeremiah 36:31
7500,1830,Jeremiah 36:32
7501,1831,Jeremiah 38:17
7502,1831,Jeremiah 38:18
7503,1831,Jeremiah 38:19
7504,1831,Jeremiah 38:20
7505,1831,Jeremiah 38:21
7506,1831,Jeremiah 38:22
7507,1831,Jeremiah 38:23
7508,1832,Jeremiah 38:7
7509,1832,Jeremiah 38:8
7510,1832,Jeremiah 38:9
7511,1832,Jeremiah 38:10
7512,1832,Jeremiah 38:11
7513,1832,Jeremiah 38:12
7514,1832,Jeremiah 38:13
7515,1833,Jeremiah 39:15
7516,1833,Jeremiah 39:16
7517,1833,Jeremiah 39:17
7518,1833,Jeremiah 39:18
7519,1834,Jeremiah 39:15
7520,1834,Jeremiah 39:16
7521,1834,Jeremiah 39:17
7522,1834,Jeremiah 39:18
7523,1835,Jeremiah 40:13
7524,1835,Jeremiah 40:14
7525,1835,Jeremiah 40:15
7526,1835,Jeremiah 40:16
7527,1835,Jeremiah 41:1
7528,1835,Jeremiah 41:2
7529,1835,Jeremiah 41:3
7530,1835,Jeremiah 41:4
7531,1835,Jeremiah 41:5
7532,1835,Jeremiah 41:6
7533,1835,Jeremiah 41:7
7534,1835,Jeremiah 41:8
7535,1835,Jeremiah 41:9
7536,1835,Jeremiah 41:10
7537,1835,Jeremiah 41:11
7538,1835,Jeremiah 41:12
7539,1835,Jeremiah 41:13
7540,1835,Jeremiah 41:14
7541,1835,Jeremiah 41:15
7542,1835,Jeremiah 41:16
7543,1835,Jeremiah 41:17
7544,1835,Jeremiah 41:18
7545,1836,Jeremiah 42:7
7546,1836,Jeremiah 42:8
7547,1836,Jeremiah 42:9
7548,1836,Jeremiah 42:10
7549,1836,Jeremiah 42:11
7550,1836,Jeremiah 42:12
7551,1836,Jeremiah 42:13
7552,1836,Jeremiah 42:14
7553,1836,Jeremiah 42:15
7554,1836,Jeremiah 42:16
7555,1836,Jeremiah 42:17
7556,1836,Jeremiah 42:18
7557,1836,Jeremiah 42:19
7558,1836,Jeremiah 42:20
7559,1836,Jeremiah 42:21
7560,1836,Jeremiah 42:22
7561,1837,Jeremiah 44:1
7562,1837,Jeremiah 44:2
7563,1837,Jeremiah 44:3
7564,1837,Jeremiah 44:4
7565,1837,Jeremiah 44:5
7566,1837,Jeremiah 44:6
7567,1837,Jeremiah 44:7
7568,1837,Jeremiah 44:8
7569,1837,Jeremiah 44:9
7570,1837,Jeremiah 44:10
7571,1837,Jeremiah 44:11
7572,1837,Jeremiah 44:12
7573,1837,Jeremiah 44:13
7574,1837,Jeremiah 44:14
7575,1837,Jeremiah 44:15
7576,1837,Jeremiah 44:16
7577,1837,Jeremiah 44:17
7578,1837,Jeremiah 44:18
7579,1837,Jeremiah 44:19
7580,1837,Jeremiah 44:20
7581,1837,Jeremiah 44:21
7582,1837,Jeremiah 44:22
7583,1837,Jeremiah 44:23
7584,1837,Jeremiah 44:24
7585,1837,Jeremiah 44:25
7586,1837,Jeremiah 44:26
7587,1837,Jeremiah 44:27
7588,1837,Jeremiah 44:28
7589,1837,Jeremiah 44:29
7590,1837,Jeremiah 44:30
7591,1838,Jeremiah 46:1
7592,1838,Jeremiah 46:2
7593,1838,Jeremiah 46:3
7594,1838,Jeremiah 46:4
7595,1838,Jeremiah 46:5
7596,1838,Jeremiah 46:6
7597,1838,Jeremiah 46:7
7598,1838,Jeremiah 46:8
7599,1838,Jeremiah 46:9
7600,1838,Jeremiah 46:10
7601,1838,Jeremiah 46:11
7602,1838,Jeremiah 46:12
7603,1838,Jeremiah 46:13
7604,1838,Jeremiah 46:14
7605,1838,Jeremiah 46:15
7606,1838,Jeremiah 46:16
7607,1838,Jeremiah 46:17
7608,1838,Jeremiah 46:18
7609,1838,Jeremiah 46:19
7610,1838,Jeremiah 46:20
7611,1838,Jeremiah 46:21
7612,1838,Jeremiah 46:22
7613,1838,Jeremiah 46:23
7614,1838,Jeremiah 46:24
7615,1838,Jeremiah 46:25
7616,1838,Jeremiah 46:26
7617,1838,Jeremiah 46:27
7618,1838,Jeremiah 46:28
7619,1839,Jeremiah 46:27
7620,1839,Jeremiah 46:28
7621,1840,Jeremiah 47:1
7622,1840,Jeremiah 47:2
7623,1840,Jeremiah 47:3
7624,1840,Jeremiah 47:4
7625,1840,Jeremiah 47:5
7626,1840,Jeremiah 47:6
7627,1840,Jeremiah 47:7
7628,1841,Jeremiah 48:1
7629,1841,Jeremiah 48:2
7630,1841,Jeremiah 48:3
7631,1841,Jeremiah 48:4
7632,1841,Jeremiah 48:5
7633,1841,Jeremiah 48:6
7634,1841,Jeremiah 48:7
7635,1841,Jeremiah 48:8
7636,1841,Jeremiah 48:9
7637,1841,Jeremiah 48:10
7638,1841,Jeremiah 48:11
7639,1841,Jeremiah 48:12
7640,1841,Jeremiah 48:13
7641,1841,Jeremiah 48:14
7642,1841,Jeremiah 48:15
7643,1841,Jeremiah 48:16
7644,1841,Jeremiah 48:17
7645,1841,Jeremiah 48:18
7646,1841,Jeremiah 48:19
7647,1841,Jeremiah 48:20
7648,1841,Jeremiah 48:21
7649,1841,Jeremiah 48:22
7650,1841,Jeremiah 48:23
7651,1841,Jeremiah 48:24
7652,1841,Jeremiah 48:25
7653,1841,Jeremiah 48:26
7654,1841,Jeremiah 48:27
7655,1841,Jeremiah 48:28
7656,1841,Jeremiah 48:29
7657,1841,Jeremiah 48:30
7658,1841,Jeremiah 48:31
7659,1841,Jeremiah 48:32
7660,1841,Jeremiah 48:33
7661,1841,Jeremiah 48:34
7662,1841,Jeremiah 48:35
7663,1841,Jeremiah 48:36
7664,1841,Jeremiah 48:37
7665,1841,Jeremiah 48:38
7666,1841,Jeremiah 48:39
7667,1841,Jeremiah 48:40
7668,1841,Jeremiah 48:41
7669,1841,Jeremiah 48:42
7670,1841,Jeremiah 48:43
7671,1841,Jeremiah 48:44
7672,1841,Jeremiah 48:45
7673,1841,Jeremiah 48:46
7674,1841,Jeremiah 48:47
7675,1842,Jeremiah 49:1
7676,1842,Jeremiah 49:2
7677,1842,Jeremiah 49:3
7678,1842,Jeremiah 49:4
7679,1842,Jeremiah 49:5
7680,1842,Jeremiah 49:6
7681,1843,Jeremiah 49:7
7682,1843,Jeremiah 49:8
7683,1843,Jeremiah 49:9
7684,1843,Jeremiah 49:10
7685,1843,Jeremiah 49:11
7686,1843,Jeremiah 49:12
7687,1843,Jeremiah 49:13
7688,1843,Jeremiah 49:14
7689,1843,Jeremiah 49:15
7690,1843,Jeremiah 49:16
7691,1843,Jeremiah 49:17
7692,1843,Jeremiah 49:18
7693,1843,Jeremiah 49:19
7694,1843,Jeremiah 49:20
7695,1843,Jeremiah 49:21
7696,1843,Jeremiah 49:22
7697,1844,Jeremiah 49:23
7698,1844,Jeremiah 49:24
7699,1844,Jeremiah 49:25
7700,1844,Jeremiah 49:26
7701,1844,Jeremiah 49:27
7702,1845,Jeremiah 49:28
7703,1845,Jeremiah 49:29
7704,1845,Jeremiah 49:30
7705,1845,Jeremiah 49:31
7706,1845,Jeremiah 49:32
7707,1845,Jeremiah 49:33
7708,1846,Jeremiah 49:34
7709,1846,Jeremiah 49:35
7710,1846,Jeremiah 49:36
7711,1846,Jeremiah 49:37
7712,1846,Jeremiah 49:38
7713,1846,Jeremiah 49:39
7714,1847,Jeremiah 50:1
7715,1847,Jeremiah 50:2
7716,1847,Jeremiah 50:3
7717,1847,Jeremiah 50:4
7718,1847,Jeremiah 50:5
7719,1847,Jeremiah 50:6
7720,1847,Jeremiah 50:7
7721,1847,Jeremiah 50:8
7722,1847,Jeremiah 50:9
7723,1847,Jeremiah 50:10
7724,1847,Jeremiah 50:11
7725,1847,Jeremiah 50:12
7726,1847,Jeremiah 50:13
7727,1847,Jeremiah 50:14
7728,1847,Jeremiah 50:15
7729,1847,Jeremiah 50:16
7730,1847,Jeremiah 50:17
7731,1847,Jeremiah 50:18
7732,1847,Jeremiah 50:19
7733,1847,Jeremiah 50:20
7734,1847,Jeremiah 50:21
7735,1847,Jeremiah 50:22
7736,1847,Jeremiah 50:23
7737,1847,Jeremiah 50:24
7738,1847,Jeremiah 50:25
7739,1847,Jeremiah 50:26
7740,1847,Jeremiah 50:27
7741,1847,Jeremiah 50:28
7742,1847,Jeremiah 50:29
7743,1847,Jeremiah 50:30
7744,1847,Jeremiah 50:31
7745,1847,Jeremiah 50:32
7746,1847,Jeremiah 50:33
7747,1847,Jeremiah 50:34
7748,1847,Jeremiah 50:35
7749,1847,Jeremiah 50:36
7750,1847,Jeremiah 50:37
7751,1847,Jeremiah 50:38
7752,1847,Jeremiah 50:39
7753,1847,Jeremiah 50:40
7754,1847,Jeremiah 50:41
7755,1847,Jeremiah 50:42
7756,1847,Jeremiah 50:43
7757,1847,Jeremiah 50:44
7758,1847,Jeremiah 50:45
7759,1847,Jeremiah 50:46
7760,1847,Jeremiah 51:1
7761,1847,Jeremiah 51:2
7762,1847,Jeremiah 51:3
7763,1847,Jeremiah 51:4
7764,1847,Jeremiah 51:5
7765,1847,Jeremiah 51:6
7766,1847,Jeremiah 51:7
7767,1847,Jeremiah 51:8
7768,1847,Jeremiah 51:9
7769,1847,Jeremiah 51:10
7770,1847,Jeremiah 51:11
7771,1847,Jeremiah 51:12
7772,1847,Jeremiah 51:13
7773,1847,Jeremiah 51:14
7774,1847,Jeremiah 51:15
7775,1847,Jeremiah 51:16
7776,1847,Jeremiah 51:17
7777,1847,Jeremiah 51:18
7778,1847,Jeremiah 51:19
7779,1847,Jeremiah 51:20
7780,1847,Jeremiah 51:21
7781,1847,Jeremiah 51:22
7782,1847,Jeremiah 51:23
7783,1847,Jeremiah 51:24
7784,1847,Jeremiah 51:25
7785,1847,Jeremiah 51:26
7786,1847,Jeremiah 51:27
7787,1847,Jeremiah 51:28
7788,1847,Jeremiah 51:29
7789,1847,Jeremiah 51:30
7790,1847,Jeremiah 51:31
7791,1847,Jeremiah 51:32
7792,1847,Jeremiah 51:33
7793,1847,Jeremiah 51:34
7794,1847,Jeremiah 51:35
7795,1847,Jeremiah 51:36
7796,1847,Jeremiah 51:37
7797,1847,Jeremiah 51:38
7798,1847,Jeremiah 51:39
7799,1847,Jeremiah 51:40
7800,1847,Jeremiah 51:41
7801,1847,Jeremiah 51:42
7802,1847,Jeremiah 51:43
7803,1847,Jeremiah 51:44
7804,1847,Jeremiah 51:45
7805,1847,Jeremiah 51:46
7806,1847,Jeremiah 51:47
7807,1847,Jeremiah 51:48
7808,1847,Jeremiah 51:49
7809,1847,Jeremiah 51:50
7810,1847,Jeremiah 51:51
7811,1847,Jeremiah 51:52
7812,1847,Jeremiah 51:53
7813,1847,Jeremiah 51:54
7814,1847,Jeremiah 51:55
7815,1847,Jeremiah 51:56
7816,1847,Jeremiah 51:57
7817,1847,Jeremiah 51:58
7818,1847,Jeremiah 51:59
7819,1847,Jeremiah 51:60
7820,1847,Jeremiah 51:61
7821,1847,Jeremiah 51:62
7822,1847,Jeremiah 51:63
7823,1847,Jeremiah 51:64
7824,1848,Jeremiah 51:59
7825,1848,Jeremiah 51:60
7826,1848,Jeremiah 51:61
7827,1848,Jeremiah 51:62
7828,1848,Jeremiah 51:63
7829,1848,Jeremiah 51:64
7830,1849,Lamentations 2:1
7831,1849,Lamentations 2:2
7832,1849,Lamentations 2:3
7833,1849,Lamentations 2:4
7834,1849,Lamentations 2:5
7835,1849,Lamentations 2:6
7836,1849,Lamentations 2:7
7837,1849,Lamentations 2:8
7838,1849,Lamentations 2:9
7839,1850,Lamentations 2:2
7840,1850,Lamentations 2:17
7841,1851,Lamentations 2:4
7842,1851,Lamentations 2:5
7843,1852,Lamentations 2:7
7844,1853,Lamentations 2:17
7845,1854,Lamentations 3:22
7846,1854,Lamentations 3:23
7847,1855,Lamentations 3:32
7848,1855,Lamentations 3:33
7849,1856,Ezekiel 1:1
7850,1857,Ezekiel 1:4
7851,1857,Ezekiel 1:5
7852,1857,Ezekiel 1:6
7853,1857,Ezekiel 1:7
7854,1857,Ezekiel 1:8
7855,1857,Ezekiel 1:9
7856,1857,Ezekiel 1:10
7857,1857,Ezekiel 1:11
7858,1857,Ezekiel 1:12
7859,1857,Ezekiel 1:13
7860,1857,Ezekiel 1:14
7861,1857,Ezekiel 1:15
7862,1857,Ezekiel 1:16
7863,1857,Ezekiel 1:17
7864,1857,Ezekiel 1:18
7865,1857,Ezekiel 1:19
7866,1857,Ezekiel 1:20
7867,1857,Ezekiel 1:21
7868,1857,Ezekiel 1:22
7869,1857,Ezekiel 1:23
7870,1857,Ezekiel 1:24
7871,1857,Ezekiel 1:25
7872,1857,Ezekiel 1:26
7873,1857,Ezekiel 1:27
7874,1857,Ezekiel 1:28
7875,1858,Ezekiel 1:24
7876,1858,Ezekiel 1:25
7877,1858,Ezekiel 1:26
7878,1858,Ezekiel 1:27
7879,1858,Ezekiel 1:28
7880,1859,Ezekiel 2:1
7881,1860,Ezekiel 2:2
7882,1861,Ezekiel 2:3
7883,1861,Ezekiel 2:4
7884,1861,Ezekiel 2:5
7885,1861,Ezekiel 2:6
7886,1861,Ezekiel 2:7
7887,1862,Ezekiel 2:8
7888,1862,Ezekiel 2:9
7889,1862,Ezekiel 2:10
7890,1862,Ezekiel 3:1
7891,1862,Ezekiel 3:2
7892,1862,Ezekiel 3:3
7893,1863,Ezekiel 3:1
7894,1863,Ezekiel 3:2
7895,1863,Ezekiel 3:3
7896,1864,Ezekiel 3:8
7897,1864,Ezekiel 3:9
7898,1865,Ezekiel 3:12
7899,1865,Ezekiel 3:14
7900,1866,Ezekiel 3:26
7901,1866,Ezekiel 3:27
7902,1867,Ezekiel 8:1
7903,1867,Ezekiel 8:2
7904,1867,Ezekiel 8:3
7905,1867,Ezekiel 8:4
7906,1867,Ezekiel 8:5
7907,1867,Ezekiel 8:6
7908,1867,Ezekiel 8:7
7909,1867,Ezekiel 8:8
7910,1867,Ezekiel 8:9
7911,1867,Ezekiel 8:10
7912,1867,Ezekiel 8:11
7913,1867,Ezekiel 8:12
7914,1867,Ezekiel 8:13
7915,1867,Ezekiel 8:14
7916,1867,Ezekiel 8:15
7917,1867,Ezekiel 8:16
7918,1867,Ezekiel 8:17
7919,1867,Ezekiel 8:18
7920,1868,Ezekiel 8:3
7921,1869,Ezekiel 9:1
7922,1869,Ezekiel 9:2
7923,1869,Ezekiel 9:3
7924,1869,Ezekiel 9:4
7925,1869,Ezekiel 9:5
7926,1869,Ezekiel 9:6
7927,1869,Ezekiel 9:7
7928,1869,Ezekiel 9:8
7929,1869,Ezekiel 9:9
7930,1869,Ezekiel 9:10
7931,1869,Ezekiel 9:11
7932,1870,Ezekiel 9:3
7933,1870,Ezekiel 9:4
7934,1871,Ezekiel 10:1
7935,1871,Ezekiel 10:2
7936,1871,Ezekiel 10:3
7937,1871,Ezekiel 10:4
7938,1871,Ezekiel 10:5
7939,1871,Ezekiel 10:6
7940,1871,Ezekiel 10:7
7941,1871,Ezekiel 10:8
7942,1871,Ezekiel 10:9
7943,1871,Ezekiel 10:10
7944,1871,Ezekiel 10:11
7945,1871,Ezekiel 10:12
7946,1871,Ezekiel 10:13
7947,1871,Ezekiel 10:14
7948,1871,Ezekiel 10:15
7949,1871,Ezekiel 10:16
7950,1871,Ezekiel 10:17
7951,1871,Ezekiel 10:18
7952,1871,Ezekiel 10:19
7953,1871,Ezekiel 10:20
7954,1871,Ezekiel 10:21
7955,1871,Ezekiel 10:22
7956,1871,Ezekiel 11:22
7957,1871,Ezekiel 11:23
7958,1872,Ezekiel 10:1
7959,1872,Ezekiel 10:2
7960,1872,Ezekiel 10:3
7961,1872,Ezekiel 10:4
7962,1872,Ezekiel 10:5
7963,1872,Ezekiel 10:6
7964,1872,Ezekiel 10:7
7965,1872,Ezekiel 10:8
7966,1872,Ezekiel 10:9
7967,1872,Ezekiel 10:10
7968,1872,Ezekiel 10:11
7969,1872,Ezekiel 10:12
7970,1872,Ezekiel 10:13
7971,1872,Ezekiel 10:14
7972,1872,Ezekiel 10:15
7973,1872,Ezekiel 10:16
7974,1872,Ezekiel 10:17
7975,1872,Ezekiel 10:18
7976,1872,Ezekiel 10:19
7977,1872,Ezekiel 10:20
7978,1872,Ezekiel 10:21
7979,1872,Ezekiel 10:22
7980,1873,Ezekiel 11:1
7981,1874,Ezekiel 11:5
7982,1874,Ezekiel 11:6
7983,1874,Ezekiel 11:7
7984,1874,Ezekiel 11:8
7985,1874,Ezekiel 11:9
7986,1874,Ezekiel 11:10
7987,1874,Ezekiel 11:11
7988,1874,Ezekiel 11:12
7989,1875,Ezekiel 11:13
7990,1876,Ezekiel 11:17
7991,1876,Ezekiel 11:18
7992,1876,Ezekiel 11:19
7993,1876,Ezekiel 11:20
7994,1877,Ezekiel 11:24
7995,1878,Ezekiel 12:1
7996,1878,Ezekiel 12:2
7997,1878,Ezekiel 12:3
7998,1878,Ezekiel 12:4
7999,1878,Ezekiel 12:5
8000,1878,Ezekiel 12:6
8001,1878,Ezekiel 12:7
8002,1879,Ezekiel 12:8
8003,1879,Ezekiel 12:9
8004,1879,Ezekiel 12:10
8005,1879,Ezekiel 12:11
8006,1879,Ezekiel 12:12
8007,1879,Ezekiel 12:13
8008,1879,Ezekiel 12:14
8009,1879,Ezekiel 12:15
8010,1879,Ezekiel 12:16
8011,1880,Ezekiel 12:17
8012,1880,Ezekiel 12:18
8013,1880,Ezekiel 12:19
8014,1880,Ezekiel 12:20
8015,1881,Ezekiel 12:21
8016,1881,Ezekiel 12:22
8017,1881,Ezekiel 12:23
8018,1881,Ezekiel 12:24
8019,1881,Ezekiel 12:25
8020,1881,Ezekiel 12:26
8021,1881,Ezekiel 12:27
8022,1881,Ezekiel 12:28
8023,1882,Ezekiel 13:1
8024,1882,Ezekiel 13:2
8025,1882,Ezekiel 13:3
8026,1882,Ezekiel 13:4
8027,1882,Ezekiel 13:5
8028,1882,Ezekiel 13:6
8029,1882,Ezekiel 13:7
8030,1882,Ezekiel 13:8
8031,1882,Ezekiel 13:9
8032,1882,Ezekiel 13:10
8033,1882,Ezekiel 13:11
8034,1882,Ezekiel 13:12
8035,1882,Ezekiel 13:13
8036,1882,Ezekiel 13:14
8037,1882,Ezekiel 13:15
8038,1882,Ezekiel 13:16
8039,1882,Ezekiel 13:17
8040,1882,Ezekiel 13:18
8041,1882,Ezekiel 13:19
8042,1882,Ezekiel 13:20
8043,1882,Ezekiel 13:21
8044,1882,Ezekiel 13:22
8045,1882,Ezekiel 13:23
8046,1883,Ezekiel 14:1
8047,1883,Ezekiel 14:2
8048,1883,Ezekiel 14:3
8049,1883,Ezekiel 14:4
8050,1883,Ezekiel 14:5
8051,1883,Ezekiel 14:6
8052,1883,Ezekiel 14:7
8053,1883,Ezekiel 14:8
8054,1883,Ezekiel 14:9
8055,1883,Ezekiel 14:10
8056,1883,Ezekiel 14:11
8057,1884,Ezekiel 14:12
8058,1884,Ezekiel 14:13
8059,1884,Ezekiel 14:14
8060,1884,Ezekiel 14:15
8061,1884,Ezekiel 14:16
8062,1884,Ezekiel 14:17
8063,1884,Ezekiel 14:18
8064,1884,Ezekiel 14:19
8065,1884,Ezekiel 14:20
8066,1884,Ezekiel 14:21
8067,1884,Ezekiel 14:22
8068,1884,Ezekiel 14:23
8069,1885,Ezekiel 15:1
8070,1885,Ezekiel 15:2
8071,1885,Ezekiel 15:3
8072,1885,Ezekiel 15:4
8073,1885,Ezekiel 15:5
8074,1885,Ezekiel 15:6
8075,1885,Ezekiel 15:7
8076,1885,Ezekiel 15:8
8077,1886,Ezekiel 16:1
8078,1886,Ezekiel 16:2
8079,1886,Ezekiel 16:3
8080,1886,Ezekiel 16:4
8081,1886,Ezekiel 16:5
8082,1886,Ezekiel 16:6
8083,1886,Ezekiel 16:7
8084,1886,Ezekiel 16:8
8085,1886,Ezekiel 16:9
8086,1886,Ezekiel 16:10
8087,1886,Ezekiel 16:11
8088,1886,Ezekiel 16:12
8089,1886,Ezekiel 16:13
8090,1886,Ezekiel 16:14
8091,1886,Ezekiel 16:15
8092,1886,Ezekiel 16:16
8093,1886,Ezekiel 16:17
8094,1886,Ezekiel 16:18
8095,1886,Ezekiel 16:19
8096,1886,Ezekiel 16:20
8097,1886,Ezekiel 16:21
8098,1886,Ezekiel 16:22
8099,1886,Ezekiel 16:23
8100,1886,Ezekiel 16:24
8101,1886,Ezekiel 16:25
8102,1886,Ezekiel 16:26
8103,1886,Ezekiel 16:27
8104,1886,Ezekiel 16:28
8105,1886,Ezekiel 16:29
8106,1886,Ezekiel 16:30
8107,1886,Ezekiel 16:31
8108,1886,Ezekiel 16:32
8109,1886,Ezekiel 16:33
8110,1886,Ezekiel 16:34
8111,1886,Ezekiel 16:35
8112,1886,Ezekiel 16:36
8113,1886,Ezekiel 16:37
8114,1886,Ezekiel 16:38
8115,1886,Ezekiel 16:39
8116,1886,Ezekiel 16:40
8117,1886,Ezekiel 16:41
8118,1886,Ezekiel 16:42
8119,1886,Ezekiel 16:43
8120,1886,Ezekiel 16:44
8121,1886,Ezekiel 16:45
8122,1886,Ezekiel 16:46
8123,1886,Ezekiel 16:47
8124,1886,Ezekiel 16:48
8125,1886,Ezekiel 16:49
8126,1886,Ezekiel 16:50
8127,1886,Ezekiel 16:51
8128,1886,Ezekiel 16:52
8129,1886,Ezekiel 16:53
8130,1886,Ezekiel 16:54
8131,1886,Ezekiel 16:55
8132,1886,Ezekiel 16:56
8133,1886,Ezekiel 16:57
8134,1886,Ezekiel 16:58
8135,1886,Ezekiel 16:59
8136,1886,Ezekiel 16:60
8137,1886,Ezekiel 16:61
8138,1886,Ezekiel 16:62
8139,1886,Ezekiel 16:63
8140,1887,Ezekiel 17:1
8141,1887,Ezekiel 17:2
8142,1887,Ezekiel 17:3
8143,1887,Ezekiel 17:4
8144,1887,Ezekiel 17:5
8145,1887,Ezekiel 17:6
8146,1887,Ezekiel 17:7
8147,1887,Ezekiel 17:8
8148,1887,Ezekiel 17:9
8149,1887,Ezekiel 17:10
8150,1887,Ezekiel 17:11
8151,1887,Ezekiel 17:12
8152,1887,Ezekiel 17:13
8153,1887,Ezekiel 17:14
8154,1887,Ezekiel 17:15
8155,1887,Ezekiel 17:16
8156,1887,Ezekiel 17:17
8157,1887,Ezekiel 17:18
8158,1887,Ezekiel 17:19
8159,1887,Ezekiel 17:20
8160,1887,Ezekiel 17:21
8161,1887,Ezekiel 17:22
8162,1887,Ezekiel 17:23
8163,1887,Ezekiel 17:24
8164,1888,Ezekiel 18:1
8165,1888,Ezekiel 18:2
8166,1888,Ezekiel 18:3
8167,1888,Ezekiel 18:4
8168,1888,Ezekiel 18:5
8169,1888,Ezekiel 18:6
8170,1888,Ezekiel 18:7
8171,1888,Ezekiel 18:8
8172,1888,Ezekiel 18:9
8173,1888,Ezekiel 18:10
8174,1888,Ezekiel 18:11
8175,1888,Ezekiel 18:12
8176,1888,Ezekiel 18:13
8177,1888,Ezekiel 18:14
8178,1888,Ezekiel 18:15
8179,1888,Ezekiel 18:16
8180,1888,Ezekiel 18:17
8181,1888,Ezekiel 18:18
8182,1888,Ezekiel 18:19
8183,1888,Ezekiel 18:20
8184,1888,Ezekiel 18:21
8185,1888,Ezekiel 18:22
8186,1888,Ezekiel 18:23
8187,1888,Ezekiel 18:24
8188,1888,Ezekiel 18:25
8189,1888,Ezekiel 18:26
8190,1888,Ezekiel 18:27
8191,1888,Ezekiel 18:28
8192,1888,Ezekiel 18:29
8193,1888,Ezekiel 18:30
8194,1888,Ezekiel 18:31
8195,1888,Ezekiel 18:32
8196,1889,Ezekiel 19:1
8197,1889,Ezekiel 19:2
8198,1889,Ezekiel 19:3
8199,1889,Ezekiel 19:4
8200,1889,Ezekiel 19:5
8201,1889,Ezekiel 19:6
8202,1889,Ezekiel 19:7
8203,1889,Ezekiel 19:8
8204,1889,Ezekiel 19:9
8205,1889,Ezekiel 19:10
8206,1889,Ezekiel 19:11
8207,1889,Ezekiel 19:12
8208,1889,Ezekiel 19:13
8209,1889,Ezekiel 19:14
8210,1890,Ezekiel 20:1
8211,1890,Ezekiel 20:2
8212,1890,Ezekiel 20:3
8213,1890,Ezekiel 20:4
8214,1890,Ezekiel 20:5
8215,1890,Ezekiel 20:6
8216,1890,Ezekiel 20:7
8217,1890,Ezekiel 20:8
8218,1890,Ezekiel 20:9
8219,1890,Ezekiel 20:10
8220,1890,Ezekiel 20:11
8221,1890,Ezekiel 20:12
8222,1890,Ezekiel 20:13
8223,1890,Ezekiel 20:14
8224,1890,Ezekiel 20:15
8225,1890,Ezekiel 20:16
8226,1890,Ezekiel 20:17
8227,1890,Ezekiel 20:18
8228,1890,Ezekiel 20:19
8229,1890,Ezekiel 20:20
8230,1890,Ezekiel 20:21
8231,1890,Ezekiel 20:22
8232,1890,Ezekiel 20:23
8233,1890,Ezekiel 20:24
8234,1890,Ezekiel 20:25
8235,1890,Ezekiel 20:26
8236,1890,Ezekiel 20:27
8237,1890,Ezekiel 20:28
8238,1890,Ezekiel 20:29
8239,1890,Ezekiel 20:30
8240,1890,Ezekiel 20:31
8241,1890,Ezekiel 20:32
8242,1890,Ezekiel 20:33
8243,1890,Ezekiel 20:34
8244,1890,Ezekiel 20:35
8245,1890,Ezekiel 20:36
8246,1890,Ezekiel 20:37
8247,1890,Ezekiel 20:38
8248,1890,Ezekiel 20:39
8249,1890,Ezekiel 20:40
8250,1890,Ezekiel 20:41
8251,1890,Ezekiel 20:42
8252,1890,Ezekiel 20:43
8253,1890,Ezekiel 20:44
8254,1891,Ezekiel 21:1
8255,1891,Ezekiel 21:2
8256,1891,Ezekiel 21:3
8257,1891,Ezekiel 21:4
8258,1891,Ezekiel 21:5
8259,1891,Ezekiel 21:6
8260,1891,Ezekiel 21:7
8261,1891,Ezekiel 21:8
8262,1891,Ezekiel 21:9
8263,1891,Ezekiel 21:10
8264,1891,Ezekiel 21:11
8265,1891,Ezekiel 21:12
8266,1891,Ezekiel 21:13
8267,1891,Ezekiel 21:14
8268,1891,Ezekiel 21:15
8269,1891,Ezekiel 21:16
8270,1891,Ezekiel 21:17
8271,1891,Ezekiel 21:18
8272,1891,Ezekiel 21:19
8273,1891,Ezekiel 21:20
8274,1891,Ezekiel 21:21
8275,1891,Ezekiel 21:22
8276,1891,Ezekiel 21:23
8277,1891,Ezekiel 21:24
8278,1891,Ezekiel 21:25
8279,1891,Ezekiel 21:26
8280,1891,Ezekiel 21:27
8281,1891,Ezekiel 21:28
8282,1891,Ezekiel 21:29
8283,1891,Ezekiel 21:30
8284,1891,Ezekiel 21:31
8285,1891,Ezekiel 21:32
8286,1892,Ezekiel 22:1
8287,1892,Ezekiel 22:2
8288,1892,Ezekiel 22:3
8289,1892,Ezekiel 22:4
8290,1892,Ezekiel 22:5
8291,1892,Ezekiel 22:6
8292,1892,Ezekiel 22:7
8293,1892,Ezekiel 22:8
8294,1892,Ezekiel 22:9
8295,1892,Ezekiel 22:10
8296,1892,Ezekiel 22:11
8297,1892,Ezekiel 22:12
8298,1892,Ezekiel 22:13
8299,1892,Ezekiel 22:14
8300,1892,Ezekiel 22:15
8301,1892,Ezekiel 22:16
8302,1892,Ezekiel 22:17
8303,1892,Ezekiel 22:18
8304,1892,Ezekiel 22:19
8305,1892,Ezekiel 22:20
8306,1892,Ezekiel 22:21
8307,1892,Ezekiel 22:22
8308,1892,Ezekiel 22:23
8309,1892,Ezekiel 22:24
8310,1892,Ezekiel 22:25
8311,1892,Ezekiel 22:26
8312,1892,Ezekiel 22:27
8313,1892,Ezekiel 22:28
8314,1892,Ezekiel 22:29
8315,1892,Ezekiel 22:30
8316,1892,Ezekiel 22:31
8317,1893,Ezekiel 23:1
8318,1893,Ezekiel 23:2
8319,1893,Ezekiel 23:3
8320,1893,Ezekiel 23:4
8321,1893,Ezekiel 23:5
8322,1893,Ezekiel 23:6
8323,1893,Ezekiel 23:7
8324,1893,Ezekiel 23:8
8325,1893,Ezekiel 23:9
8326,1893,Ezekiel 23:10
8327,1893,Ezekiel 23:11
8328,1893,Ezekiel 23:12
8329,1893,Ezekiel 23:13
8330,1893,Ezekiel 23:14
8331,1893,Ezekiel 23:15
8332,1893,Ezekiel 23:16
8333,1893,Ezekiel 23:17
8334,1893,Ezekiel 23:18
8335,1893,Ezekiel 23:19
8336,1893,Ezekiel 23:20
8337,1893,Ezekiel 23:21
8338,1893,Ezekiel 23:22
8339,1893,Ezekiel 23:23
8340,1893,Ezekiel 23:24
8341,1893,Ezekiel 23:25
8342,1893,Ezekiel 23:26
8343,1893,Ezekiel 23:27
8344,1893,Ezekiel 23:28
8345,1893,Ezekiel 23:29
8346,1893,Ezekiel 23:30
8347,1893,Ezekiel 23:31
8348,1893,Ezekiel 23:32
8349,1893,Ezekiel 23:33
8350,1893,Ezekiel 23:34
8351,1893,Ezekiel 23:35
8352,1893,Ezekiel 23:36
8353,1893,Ezekiel 23:37
8354,1893,Ezekiel 23:38
8355,1893,Ezekiel 23:39
8356,1893,Ezekiel 23:40
8357,1893,Ezekiel 23:41
8358,1893,Ezekiel 23:42
8359,1893,Ezekiel 23:43
8360,1893,Ezekiel 23:44
8361,1893,Ezekiel 23:45
8362,1893,Ezekiel 23:46
8363,1893,Ezekiel 23:47
8364,1893,Ezekiel 23:48
8365,1893,Ezekiel 23:49
8366,1894,Ezekiel 24:1
8367,1894,Ezekiel 24:2
8368,1895,Ezekiel 24:3
8369,1895,Ezekiel 24:4
8370,1895,Ezekiel 24:5
8371,1895,Ezekiel 24:6
8372,1895,Ezekiel 24:7
8373,1895,Ezekiel 24:8
8374,1895,Ezekiel 24:9
8375,1895,Ezekiel 24:10
8376,1895,Ezekiel 24:11
8377,1895,Ezekiel 24:12
8378,1895,Ezekiel 24:13
8379,1895,Ezekiel 24:14
8380,1896,Ezekiel 24:15
8381,1896,Ezekiel 24:16
8382,1896,Ezekiel 24:17
8383,1896,Ezekiel 24:18
8384,1897,Ezekiel 24:18
8385,1898,Ezekiel 24:19
8386,1898,Ezekiel 24:20
8387,1898,Ezekiel 24:21
8388,1898,Ezekiel 24:22
8389,1898,Ezekiel 24:23
8390,1898,Ezekiel 24:24
8391,1898,Ezekiel 24:25
8392,1898,Ezekiel 24:26
8393,1898,Ezekiel 24:27
8394,1899,Ezekiel 25:1
8395,1899,Ezekiel 25:2
8396,1899,Ezekiel 25:3
8397,1899,Ezekiel 25:4
8398,1899,Ezekiel 25:5
8399,1899,Ezekiel 25:6
8400,1899,Ezekiel 25:7
8401,1899,Ezekiel 25:8
8402,1899,Ezekiel 25:9
8403,1899,Ezekiel 25:10
8404,1899,Ezekiel 25:11
8405,1899,Ezekiel 25:12
8406,1899,Ezekiel 25:13
8407,1899,Ezekiel 25:14
8408,1899,Ezekiel 25:15
8409,1899,Ezekiel 25:16
8410,1899,Ezekiel 25:17
8411,1899,Ezekiel 26:1
8412,1899,Ezekiel 26:2
8413,1899,Ezekiel 26:3
8414,1899,Ezekiel 26:4
8415,1899,Ezekiel 26:5
8416,1899,Ezekiel 26:6
8417,1899,Ezekiel 26:7
8418,1899,Ezekiel 26:8
8419,1899,Ezekiel 26:9
8420,1899,Ezekiel 26:10
8421,1899,Ezekiel 26:11
8422,1899,Ezekiel 26:12
8423,1899,Ezekiel 26:13
8424,1899,Ezekiel 26:14
8425,1899,Ezekiel 26:15
8426,1899,Ezekiel 26:16
8427,1899,Ezekiel 26:17
8428,1899,Ezekiel 26:18
8429,1899,Ezekiel 26:19
8430,1899,Ezekiel 26:20
8431,1899,Ezekiel 26:21
8432,1899,Ezekiel 27:1
8433,1899,Ezekiel 27:2
8434,1899,Ezekiel 27:3
8435,1899,Ezekiel 27:4
8436,1899,Ezekiel 27:5
8437,1899,Ezekiel 27:6
8438,1899,Ezekiel 27:7
8439,1899,Ezekiel 27:8
8440,1899,Ezekiel 27:9
8441,1899,Ezekiel 27:10
8442,1899,Ezekiel 27:11
8443,1899,Ezekiel 27:12
8444,1899,Ezekiel 27:13
8445,1899,Ezekiel 27:14
8446,1899,Ezekiel 27:15
8447,1899,Ezekiel 27:16
8448,1899,Ezekiel 27:17
8449,1899,Ezekiel 27:18
8450,1899,Ezekiel 27:19
8451,1899,Ezekiel 27:20
8452,1899,Ezekiel 27:21
8453,1899,Ezekiel 27:22
8454,1899,Ezekiel 27:23
8455,1899,Ezekiel 27:24
8456,1899,Ezekiel 27:25
8457,1899,Ezekiel 27:26
8458,1899,Ezekiel 27:27
8459,1899,Ezekiel 27:28
8460,1899,Ezekiel 27:29
8461,1899,Ezekiel 27:30
8462,1899,Ezekiel 27:31
8463,1899,Ezekiel 27:32
8464,1899,Ezekiel 27:33
8465,1899,Ezekiel 27:34
8466,1899,Ezekiel 27:35
8467,1899,Ezekiel 27:36
8468,1899,Ezekiel 28:1
8469,1899,Ezekiel 28:2
8470,1899,Ezekiel 28:3
8471,1899,Ezekiel 28:4
8472,1899,Ezekiel 28:5
8473,1899,Ezekiel 28:6
8474,1899,Ezekiel 28:7
8475,1899,Ezekiel 28:8
8476,1899,Ezekiel 28:9
8477,1899,Ezekiel 28:10
8478,1899,Ezekiel 28:11
8479,1899,Ezekiel 28:12
8480,1899,Ezekiel 28:13
8481,1899,Ezekiel 28:14
8482,1899,Ezekiel 28:15
8483,1899,Ezekiel 28:16
8484,1899,Ezekiel 28:17
8485,1899,Ezekiel 28:18
8486,1899,Ezekiel 28:19
8487,1899,Ezekiel 28:20
8488,1899,Ezekiel 28:21
8489,1899,Ezekiel 28:22
8490,1899,Ezekiel 28:23
8491,1899,Ezekiel 28:24
8492,1899,Ezekiel 28:25
8493,1899,Ezekiel 28:26
8494,1899,Ezekiel 29:1
8495,1899,Ezekiel 29:2
8496,1899,Ezekiel 29:3
8497,1899,Ezekiel 29:4
8498,1899,Ezekiel 29:5
8499,1899,Ezekiel 29:6
8500,1899,Ezekiel 29:7
8501,1899,Ezekiel 29:8
8502,1899,Ezekiel 29:9
8503,1899,Ezekiel 29:10
8504,1899,Ezekiel 29:11
8505,1899,Ezekiel 29:12
8506,1899,Ezekiel 29:13
8507,1899,Ezekiel 29:14
8508,1899,Ezekiel 29:15
8509,1899,Ezekiel 29:16
8510,1899,Ezekiel 29:17
8511,1899,Ezekiel 29:18
8512,1899,Ezekiel 29:19
8513,1899,Ezekiel 29:20
8514,1899,Ezekiel 29:21
8515,1899,Ezekiel 30:1
8516,1899,Ezekiel 30:2
8517,1899,Ezekiel 30:3
8518,1899,Ezekiel 30:4
8519,1899,Ezekiel 30:5
8520,1899,Ezekiel 30:6
8521,1899,Ezekiel 30:7
8522,1899,Ezekiel 30:8
8523,1899,Ezekiel 30:9
8524,1899,Ezekiel 30:10
8525,1899,Ezekiel 30:11
8526,1899,Ezekiel 30:12
8527,1899,Ezekiel 30:13
8528,1899,Ezekiel 30:14
8529,1899,Ezekiel 30:15
8530,1899,Ezekiel 30:16
8531,1899,Ezekiel 30:17
8532,1899,Ezekiel 30:18
8533,1899,Ezekiel 30:19
8534,1899,Ezekiel 30:20
8535,1899,Ezekiel 30:21
8536,1899,Ezekiel 30:22
8537,1899,Ezekiel 30:23
8538,1899,Ezekiel 30:24
8539,1899,Ezekiel 30:25
8540,1899,Ezekiel 30:26
8541,1899,Ezekiel 31:1
8542,1899,Ezekiel 31:2
8543,1899,Ezekiel 31:3
8544,1899,Ezekiel 31:4
8545,1899,Ezekiel 31:5
8546,1899,Ezekiel 31:6
8547,1899,Ezekiel 31:7
8548,1899,Ezekiel 31:8
8549,1899,Ezekiel 31:9
8550,1899,Ezekiel 31:10
8551,1899,Ezekiel 31:11
8552,1899,Ezekiel 31:12
8553,1899,Ezekiel 31:13
8554,1899,Ezekiel 31:14
8555,1899,Ezekiel 31:15
8556,1899,Ezekiel 31:16
8557,1899,Ezekiel 31:17
8558,1899,Ezekiel 31:18
8559,1899,Ezekiel 32:1
8560,1899,Ezekiel 32:2
8561,1899,Ezekiel 32:3
8562,1899,Ezekiel 32:4
8563,1899,Ezekiel 32:5
8564,1899,Ezekiel 32:6
8565,1899,Ezekiel 32:7
8566,1899,Ezekiel 32:8
8567,1899,Ezekiel 32:9
8568,1899,Ezekiel 32:10
8569,1899,Ezekiel 32:11
8570,1899,Ezekiel 32:12
8571,1899,Ezekiel 32:13
8572,1899,Ezekiel 32:14
8573,1899,Ezekiel 32:15
8574,1899,Ezekiel 32:16
8575,1899,Ezekiel 32:17
8576,1899,Ezekiel 32:18
8577,1899,Ezekiel 32:19
8578,1899,Ezekiel 32:20
8579,1899,Ezekiel 32:21
8580,1899,Ezekiel 32:22
8581,1899,Ezekiel 32:23
8582,1899,Ezekiel 32:24
8583,1899,Ezekiel 32:25
8584,1899,Ezekiel 32:26
8585,1899,Ezekiel 32:27
8586,1899,Ezekiel 32:28
8587,1899,Ezekiel 32:29
8588,1899,Ezekiel 32:30
8589,1899,Ezekiel 32:31
8590,1899,Ezekiel 32:32
8591,1900,Ezekiel 33:1
8592,1900,Ezekiel 33:2
8593,1900,Ezekiel 33:3
8594,1900,Ezekiel 33:4
8595,1900,Ezekiel 33:5
8596,1900,Ezekiel 33:6
8597,1900,Ezekiel 33:7
8598,1900,Ezekiel 33:8
8599,1900,Ezekiel 33:9
8600,1900,Ezekiel 33:10
8601,1900,Ezekiel 33:11
8602,1900,Ezekiel 33:12
8603,1900,Ezekiel 33:13
8604,1900,Ezekiel 33:14
8605,1900,Ezekiel 33:15
8606,1900,Ezekiel 33:16
8607,1900,Ezekiel 33:17
8608,1900,Ezekiel 33:18
8609,1900,Ezekiel 33:19
8610,1900,Ezekiel 33:20
8611,1901,Ezekiel 33:21
8612,1902,Ezekiel 33:22
8613,1903,Ezekiel 34:1
8614,1903,Ezekiel 34:2
8615,1903,Ezekiel 34:3
8616,1903,Ezekiel 34:4
8617,1903,Ezekiel 34:5
8618,1903,Ezekiel 34:6
8619,1903,Ezekiel 34:7
8620,1903,Ezekiel 34:8
8621,1903,Ezekiel 34:9
8622,1903,Ezekiel 34:10
8623,1903,Ezekiel 34:11
8624,1903,Ezekiel 34:12
8625,1903,Ezekiel 34:13
8626,1903,Ezekiel 34:14
8627,1903,Ezekiel 34:15
8628,1903,Ezekiel 34:16
8629,1903,Ezekiel 34:17
8630,1903,Ezekiel 34:18
8631,1903,Ezekiel 34:19
8632,1903,Ezekiel 34:20
8633,1903,Ezekiel 34:21
8634,1903,Ezekiel 34:22
8635,1903,Ezekiel 34:23
8636,1903,Ezekiel 34:24
8637,1903,Ezekiel 34:25
8638,1903,Ezekiel 34:26
8639,1903,Ezekiel 34:27
8640,1903,Ezekiel 34:28
8641,1903,Ezekiel 34:29
8642,1903,Ezekiel 34:30
8643,1903,Ezekiel 34:31
8644,1904,Ezekiel 35:1
8645,1904,Ezekiel 35:2
8646,1904,Ezekiel 35:3
8647,1904,Ezekiel 35:4
8648,1904,Ezekiel 35:5
8649,1904,Ezekiel 35:6
8650,1904,Ezekiel 35:7
8651,1904,Ezekiel 35:8
8652,1904,Ezekiel 35:9
8653,1904,Ezekiel 35:10
8654,1904,Ezekiel 35:11
8655,1904,Ezekiel 35:12
8656,1904,Ezekiel 35:13
8657,1904,Ezekiel 35:14
8658,1904,Ezekiel 35:15
8659,1905,Ezekiel 36:1
8660,1905,Ezekiel 36:2
8661,1905,Ezekiel 36:3
8662,1905,Ezekiel 36:4
8663,1905,Ezekiel 36:5
8664,1905,Ezekiel 36:6
8665,1905,Ezekiel 36:7
8666,1905,Ezekiel 36:8
8667,1905,Ezekiel 36:9
8668,1905,Ezekiel 36:10
8669,1905,Ezekiel 36:11
8670,1905,Ezekiel 36:12
8671,1905,Ezekiel 36:13
8672,1905,Ezekiel 36:14
8673,1905,Ezekiel 36:15
8674,1905,Ezekiel 36:16
8675,1905,Ezekiel 36:17
8676,1905,Ezekiel 36:18
8677,1905,Ezekiel 36:19
8678,1905,Ezekiel 36:20
8679,1905,Ezekiel 36:21
8680,1905,Ezekiel 36:22
8681,1905,Ezekiel 36:23
8682,1905,Ezekiel 36:24
8683,1905,Ezekiel 36:25
8684,1905,Ezekiel 36:26
8685,1905,Ezekiel 36:27
8686,1905,Ezekiel 36:28
8687,1905,Ezekiel 36:29
8688,1905,Ezekiel 36:30
8689,1905,Ezekiel 36:31
8690,1905,Ezekiel 36:32
8691,1905,Ezekiel 36:33
8692,1905,Ezekiel 36:34
8693,1905,Ezekiel 36:35
8694,1905,Ezekiel 36:36
8695,1905,Ezekiel 36:37
8696,1905,Ezekiel 36:38
8697,1906,Ezekiel 37:1
8698,1906,Ezekiel 37:2
8699,1906,Ezekiel 37:3
8700,1906,Ezekiel 37:4
8701,1906,Ezekiel 37:5
8702,1906,Ezekiel 37:6
8703,1906,Ezekiel 37:7
8704,1906,Ezekiel 37:8
8705,1906,Ezekiel 37:9
8706,1906,Ezekiel 37:10
8707,1907,Ezekiel 37:1
8708,1908,Ezekiel 37:7
8709,1908,Ezekiel 37:8
8710,1909,Ezekiel 37:9
8711,1909,Ezekiel 37:10
8712,1910,Ezekiel 37:11
8713,1910,Ezekiel 37:12
8714,1910,Ezekiel 37:13
8715,1910,Ezekiel 37:14
8716,1911,Ezekiel 37:15
8717,1911,Ezekiel 37:16
8718,1911,Ezekiel 37:17
8719,1911,Ezekiel 37:18
8720,1911,Ezekiel 37:19
8721,1911,Ezekiel 37:20
8722,1911,Ezekiel 37:21
8723,1911,Ezekiel 37:22
8724,1911,Ezekiel 37:23
8725,1911,Ezekiel 37:24
8726,1911,Ezekiel 37:25
8727,1911,Ezekiel 37:26
8728,1911,Ezekiel 37:27
8729,1911,Ezekiel 37:28
8730,1912,Ezekiel 38:1
8731,1912,Ezekiel 38:2
8732,1912,Ezekiel 38:3
8733,1912,Ezekiel 38:4
8734,1912,Ezekiel 38:5
8735,1912,Ezekiel 38:6
8736,1912,Ezekiel 38:7
8737,1912,Ezekiel 38:8
8738,1912,Ezekiel 38:9
8739,1912,Ezekiel 38:10
8740,1912,Ezekiel 38:11
8741,1912,Ezekiel 38:12
8742,1912,Ezekiel 38:13
8743,1912,Ezekiel 38:14
8744,1912,Ezekiel 38:15
8745,1912,Ezekiel 38:16
8746,1912,Ezekiel 38:17
8747,1912,Ezekiel 38:18
8748,1912,Ezekiel 38:19
8749,1912,Ezekiel 38:20
8750,1912,Ezekiel 38:21
8751,1912,Ezekiel 38:22
8752,1912,Ezekiel 38:23
8753,1912,Ezekiel 39:1
8754,1912,Ezekiel 39:2
8755,1912,Ezekiel 39:3
8756,1912,Ezekiel 39:4
8757,1912,Ezekiel 39:5
8758,1912,Ezekiel 39:6
8759,1912,Ezekiel 39:7
8760,1912,Ezekiel 39:8
8761,1912,Ezekiel 39:9
8762,1912,Ezekiel 39:10
8763,1912,Ezekiel 39:11
8764,1912,Ezekiel 39:12
8765,1912,Ezekiel 39:13
8766,1912,Ezekiel 39:14
8767,1912,Ezekiel 39:15
8768,1912,Ezekiel 39:16
8769,1912,Ezekiel 39:17
8770,1912,Ezekiel 39:18
8771,1912,Ezekiel 39:19
8772,1912,Ezekiel 39:20
8773,1912,Ezekiel 39:21
8774,1912,Ezekiel 39:22
8775,1912,Ezekiel 39:23
8776,1912,Ezekiel 39:24
8777,1912,Ezekiel 39:25
8778,1912,Ezekiel 39:26
8779,1912,Ezekiel 39:27
8780,1912,Ezekiel 39:28
8781,1912,Ezekiel 39:29
8782,1913,Ezekiel 40:1
8783,1913,Ezekiel 40:2
8784,1913,Ezekiel 40:3
8785,1913,Ezekiel 40:4
8786,1913,Ezekiel 40:5
8787,1913,Ezekiel 40:6
8788,1913,Ezekiel 40:7
8789,1913,Ezekiel 40:8
8790,1913,Ezekiel 40:9
8791,1913,Ezekiel 40:10
8792,1913,Ezekiel 40:11
8793,1913,Ezekiel 40:12
8794,1913,Ezekiel 40:13
8795,1913,Ezekiel 40:14
8796,1913,Ezekiel 40:15
8797,1913,Ezekiel 40:16
8798,1913,Ezekiel 40:17
8799,1913,Ezekiel 40:18
8800,1913,Ezekiel 40:19
8801,1913,Ezekiel 40:20
8802,1913,Ezekiel 40:21
8803,1913,Ezekiel 40:22
8804,1913,Ezekiel 40:23
8805,1913,Ezekiel 40:24
8806,1913,Ezekiel 40:25
8807,1913,Ezekiel 40:26
8808,1913,Ezekiel 40:27
8809,1913,Ezekiel 40:28
8810,1913,Ezekiel 40:29
8811,1913,Ezekiel 40:30
8812,1913,Ezekiel 40:31
8813,1913,Ezekiel 40:32
8814,1913,Ezekiel 40:33
8815,1913,Ezekiel 40:34
8816,1913,Ezekiel 40:35
8817,1913,Ezekiel 40:36
8818,1913,Ezekiel 40:37
8819,1913,Ezekiel 40:38
8820,1913,Ezekiel 40:39
8821,1913,Ezekiel 40:40
8822,1913,Ezekiel 40:41
8823,1913,Ezekiel 40:42
8824,1913,Ezekiel 40:43
8825,1913,Ezekiel 40:44
8826,1913,Ezekiel 40:45
8827,1913,Ezekiel 40:46
8828,1913,Ezekiel 40:47
8829,1913,Ezekiel 40:48
8830,1913,Ezekiel 40:49
8831,1913,Ezekiel 41:1
8832,1913,Ezekiel 41:2
8833,1913,Ezekiel 41:3
8834,1913,Ezekiel 41:4
8835,1913,Ezekiel 41:5
8836,1913,Ezekiel 41:6
8837,1913,Ezekiel 41:7
8838,1913,Ezekiel 41:8
8839,1913,Ezekiel 41:9
8840,1913,Ezekiel 41:10
8841,1913,Ezekiel 41:11
8842,1913,Ezekiel 41:12
8843,1913,Ezekiel 41:13
8844,1913,Ezekiel 41:14
8845,1913,Ezekiel 41:15
8846,1913,Ezekiel 41:16
8847,1913,Ezekiel 41:17
8848,1913,Ezekiel 41:18
8849,1913,Ezekiel 41:19
8850,1913,Ezekiel 41:20
8851,1913,Ezekiel 41:21
8852,1913,Ezekiel 41:22
8853,1913,Ezekiel 41:23
8854,1913,Ezekiel 41:24
8855,1913,Ezekiel 41:25
8856,1913,Ezekiel 41:26
8857,1913,Ezekiel 42:1
8858,1913,Ezekiel 42:2
8859,1913,Ezekiel 42:3
8860,1913,Ezekiel 42:4
8861,1913,Ezekiel 42:5
8862,1913,Ezekiel 42:6
8863,1913,Ezekiel 42:7
8864,1913,Ezekiel 42:8
8865,1913,Ezekiel 42:9
8866,1913,Ezekiel 42:10
8867,1913,Ezekiel 42:11
8868,1913,Ezekiel 42:12
8869,1913,Ezekiel 42:13
8870,1913,Ezekiel 42:14
8871,1913,Ezekiel 42:15
8872,1913,Ezekiel 42:16
8873,1913,Ezekiel 42:17
8874,1913,Ezekiel 42:18
8875,1913,Ezekiel 42:19
8876,1913,Ezekiel 42:20
8877,1913,Ezekiel 43:1
8878,1913,Ezekiel 43:2
8879,1913,Ezekiel 43:3
8880,1913,Ezekiel 43:4
8881,1913,Ezekiel 43:5
8882,1913,Ezekiel 43:6
8883,1913,Ezekiel 43:7
8884,1913,Ezekiel 43:8
8885,1913,Ezekiel 43:9
8886,1913,Ezekiel 43:10
8887,1913,Ezekiel 43:11
8888,1913,Ezekiel 43:12
8889,1913,Ezekiel 43:13
8890,1913,Ezekiel 43:14
8891,1913,Ezekiel 43:15
8892,1913,Ezekiel 43:16
8893,1913,Ezekiel 43:17
8894,1913,Ezekiel 43:18
8895,1913,Ezekiel 43:19
8896,1913,Ezekiel 43:20
8897,1913,Ezekiel 43:21
8898,1913,Ezekiel 43:22
8899,1913,Ezekiel 43:23
8900,1913,Ezekiel 43:24
8901,1913,Ezekiel 43:25
8902,1913,Ezekiel 43:26
8903,1913,Ezekiel 43:27
8904,1913,Ezekiel 44:1
8905,1913,Ezekiel 44:2
8906,1913,Ezekiel 44:3
8907,1913,Ezekiel 44:4
8908,1913,Ezekiel 44:5
8909,1913,Ezekiel 44:6
8910,1913,Ezekiel 44:7
8911,1913,Ezekiel 44:8
8912,1913,Ezekiel 44:9
8913,1913,Ezekiel 44:10
8914,1913,Ezekiel 44:11
8915,1913,Ezekiel 44:12
8916,1913,Ezekiel 44:13
8917,1913,Ezekiel 44:14
8918,1913,Ezekiel 44:15
8919,1913,Ezekiel 44:16
8920,1913,Ezekiel 44:17
8921,1913,Ezekiel 44:18
8922,1913,Ezekiel 44:19
8923,1913,Ezekiel 44:20
8924,1913,Ezekiel 44:21
8925,1913,Ezekiel 44:22
8926,1913,Ezekiel 44:23
8927,1913,Ezekiel 44:24
8928,1913,Ezekiel 44:25
8929,1913,Ezekiel 44:26
8930,1913,Ezekiel 44:27
8931,1913,Ezekiel 44:28
8932,1913,Ezekiel 44:29
8933,1913,Ezekiel 44:30
8934,1913,Ezekiel 44:31
8935,1913,Ezekiel 45:1
8936,1913,Ezekiel 45:2
8937,1913,Ezekiel 45:3
8938,1913,Ezekiel 45:4
8939,1913,Ezekiel 45:5
8940,1913,Ezekiel 45:6
8941,1913,Ezekiel 45:7
8942,1913,Ezekiel 45:8
8943,1913,Ezekiel 45:9
8944,1913,Ezekiel 45:10
8945,1913,Ezekiel 45:11
8946,1913,Ezekiel 45:12
8947,1913,Ezekiel 45:13
8948,1913,Ezekiel 45:14
8949,1913,Ezekiel 45:15
8950,1913,Ezekiel 45:16
8951,1913,Ezekiel 45:17
8952,1913,Ezekiel 45:18
8953,1913,Ezekiel 45:19
8954,1913,Ezekiel 45:20
8955,1913,Ezekiel 45:21
8956,1913,Ezekiel 45:22
8957,1913,Ezekiel 45:23
8958,1913,Ezekiel 45:24
8959,1913,Ezekiel 45:25
8960,1913,Ezekiel 46:1
8961,1913,Ezekiel 46:2
8962,1913,Ezekiel 46:3
8963,1913,Ezekiel 46:4
8964,1913,Ezekiel 46:5
8965,1913,Ezekiel 46:6
8966,1913,Ezekiel 46:7
8967,1913,Ezekiel 46:8
8968,1913,Ezekiel 46:9
8969,1913,Ezekiel 46:10
8970,1913,Ezekiel 46:11
8971,1913,Ezekiel 46:12
8972,1913,Ezekiel 46:13
8973,1913,Ezekiel 46:14
8974,1913,Ezekiel 46:15
8975,1913,Ezekiel 46:16
8976,1913,Ezekiel 46:17
8977,1913,Ezekiel 46:18
8978,1913,Ezekiel 46:19
8979,1913,Ezekiel 46:20
8980,1913,Ezekiel 46:21
8981,1913,Ezekiel 46:22
8982,1913,Ezekiel 46:23
8983,1913,Ezekiel 46:24
8984,1913,Ezekiel 47:1
8985,1913,Ezekiel 47:2
8986,1913,Ezekiel 47:3
8987,1913,Ezekiel 47:4
8988,1913,Ezekiel 47:5
8989,1913,Ezekiel 47:6
8990,1913,Ezekiel 47:7
8991,1913,Ezekiel 47:8
8992,1913,Ezekiel 47:9
8993,1913,Ezekiel 47:10
8994,1913,Ezekiel 47:11
8995,1913,Ezekiel 47:12
8996,1913,Ezekiel 47:13
8997,1913,Ezekiel 47:14
8998,1913,Ezekiel 47:15
8999,1913,Ezekiel 47:16
9000,1913,Ezekiel 47:17
9001,1913,Ezekiel 47:18
9002,1913,Ezekiel 47:19
9003,1913,Ezekiel 47:20
9004,1913,Ezekiel 47:21
9005,1913,Ezekiel 47:22
9006,1913,Ezekiel 47:23
9007,1913,Ezekiel 48:1
9008,1913,Ezekiel 48:2
9009,1913,Ezekiel 48:3
9010,1913,Ezekiel 48:4
9011,1913,Ezekiel 48:5
9012,1913,Ezekiel 48:6
9013,1913,Ezekiel 48:7
9014,1913,Ezekiel 48:8
9015,1913,Ezekiel 48:9
9016,1913,Ezekiel 48:10
9017,1913,Ezekiel 48:11
9018,1913,Ezekiel 48:12
9019,1913,Ezekiel 48:13
9020,1913,Ezekiel 48:14
9021,1913,Ezekiel 48:15
9022,1913,Ezekiel 48:16
9023,1913,Ezekiel 48:17
9024,1913,Ezekiel 48:18
9025,1913,Ezekiel 48:19
9026,1913,Ezekiel 48:20
9027,1913,Ezekiel 48:21
9028,1913,Ezekiel 48:22
9029,1913,Ezekiel 48:23
9030,1913,Ezekiel 48:24
9031,1913,Ezekiel 48:25
9032,1913,Ezekiel 48:26
9033,1913,Ezekiel 48:27
9034,1913,Ezekiel 48:28
9035,1913,Ezekiel 48:29
9036,1913,Ezekiel 48:30
9037,1913,Ezekiel 48:31
9038,1913,Ezekiel 48:32
9039,1913,Ezekiel 48:33
9040,1913,Ezekiel 48:34
9041,1913,Ezekiel 48:35
9042,1914,Ezekiel 40:1
9043,1914,Ezekiel 40:2
9044,1915,Ezekiel 40:3
9045,1915,Ezekiel 40:4
9046,1916,Ezekiel 40:5
9047,1916,Ezekiel 40:6
9048,1916,Ezekiel 40:7
9049,1916,Ezekiel 40:8
9050,1916,Ezekiel 40:9
9051,1916,Ezekiel 40:10
9052,1916,Ezekiel 40:11
9053,1916,Ezekiel 40:12
9054,1916,Ezekiel 40:13
9055,1916,Ezekiel 40:14
9056,1916,Ezekiel 40:15
9057,1916,Ezekiel 40:16
9058,1916,Ezekiel 40:17
9059,1916,Ezekiel 40:18
9060,1916,Ezekiel 40:19
9061,1916,Ezekiel 40:20
9062,1916,Ezekiel 40:21
9063,1916,Ezekiel 40:22
9064,1916,Ezekiel 40:23
9065,1916,Ezekiel 40:24
9066,1916,Ezekiel 40:25
9067,1916,Ezekiel 40:26
9068,1916,Ezekiel 40:27
9069,1916,Ezekiel 40:28
9070,1916,Ezekiel 40:29
9071,1916,Ezekiel 40:30
9072,1916,Ezekiel 40:31
9073,1916,Ezekiel 40:32
9074,1916,Ezekiel 40:33
9075,1916,Ezekiel 40:34
9076,1916,Ezekiel 40:35
9077,1916,Ezekiel 40:36
9078,1916,Ezekiel 40:37
9079,1916,Ezekiel 40:38
9080,1916,Ezekiel 40:39
9081,1916,Ezekiel 40:40
9082,1916,Ezekiel 40:41
9083,1916,Ezekiel 40:42
9084,1916,Ezekiel 40:43
9085,1916,Ezekiel 40:44
9086,1916,Ezekiel 40:45
9087,1916,Ezekiel 40:46
9088,1916,Ezekiel 40:47
9089,1916,Ezekiel 40:48
9090,1916,Ezekiel 40:49
9091,1916,Ezekiel 41:1
9092,1916,Ezekiel 41:2
9093,1916,Ezekiel 41:3
9094,1916,Ezekiel 41:4
9095,1916,Ezekiel 41:5
9096,1916,Ezekiel 41:6
9097,1916,Ezekiel 41:7
9098,1916,Ezekiel 41:8
9099,1916,Ezekiel 41:9
9100,1916,Ezekiel 41:10
9101,1916,Ezekiel 41:11
9102,1916,Ezekiel 41:12
9103,1916,Ezekiel 41:13
9104,1916,Ezekiel 41:14
9105,1916,Ezekiel 41:15
9106,1916,Ezekiel 41:16
9107,1916,Ezekiel 41:17
9108,1916,Ezekiel 41:18
9109,1916,Ezekiel 41:19
9110,1916,Ezekiel 41:20
9111,1916,Ezekiel 41:21
9112,1916,Ezekiel 41:22
9113,1916,Ezekiel 41:23
9114,1916,Ezekiel 41:24
9115,1916,Ezekiel 41:25
9116,1916,Ezekiel 41:26
9117,1916,Ezekiel 42:1
9118,1916,Ezekiel 42:2
9119,1916,Ezekiel 42:3
9120,1916,Ezekiel 42:4
9121,1916,Ezekiel 42:5
9122,1916,Ezekiel 42:6
9123,1916,Ezekiel 42:7
9124,1916,Ezekiel 42:8
9125,1916,Ezekiel 42:9
9126,1916,Ezekiel 42:10
9127,1916,Ezekiel 42:11
9128,1916,Ezekiel 42:12
9129,1916,Ezekiel 42:13
9130,1916,Ezekiel 42:14
9131,1916,Ezekiel 42:15
9132,1916,Ezekiel 42:16
9133,1916,Ezekiel 42:17
9134,1916,Ezekiel 42:18
9135,1916,Ezekiel 42:19
9136,1916,Ezekiel 42:20
9137,1917,Ezekiel 43:1
9138,1917,Ezekiel 43:2
9139,1917,Ezekiel 43:3
9140,1917,Ezekiel 43:4
9141,1917,Ezekiel 43:5
9142,1918,Ezekiel 43:6
9143,1918,Ezekiel 43:7
9144,1919,Ezekiel 43:18
9145,1919,Ezekiel 43:19
9146,1919,Ezekiel 43:20
9147,1919,Ezekiel 43:21
9148,1919,Ezekiel 43:22
9149,1919,Ezekiel 43:23
9150,1919,Ezekiel 43:24
9151,1919,Ezekiel 43:25
9152,1919,Ezekiel 43:26
9153,1919,Ezekiel 43:27
9154,1920,Ezekiel 44:1
9155,1920,Ezekiel 44:2
9156,1920,Ezekiel 44:3
9157,1920,Ezekiel 44:4
9158,1920,Ezekiel 44:5
9159,1920,Ezekiel 44:6
9160,1920,Ezekiel 44:7
9161,1920,Ezekiel 44:8
9162,1920,Ezekiel 44:9
9163,1920,Ezekiel 44:10
9164,1920,Ezekiel 44:11
9165,1920,Ezekiel 44:12
9166,1920,Ezekiel 44:13
9167,1920,Ezekiel 44:14
9168,1920,Ezekiel 44:15
9169,1920,Ezekiel 44:16
9170,1920,Ezekiel 44:17
9171,1920,Ezekiel 44:18
9172,1920,Ezekiel 44:19
9173,1920,Ezekiel 44:20
9174,1920,Ezekiel 44:21
9175,1920,Ezekiel 44:22
9176,1920,Ezekiel 44:23
9177,1920,Ezekiel 44:24
9178,1920,Ezekiel 44:25
9179,1920,Ezekiel 44:26
9180,1920,Ezekiel 44:27
9181,1920,Ezekiel 44:28
9182,1920,Ezekiel 44:29
9183,1920,Ezekiel 44:30
9184,1920,Ezekiel 44:31
9185,1921,Ezekiel 45:1
9186,1921,Ezekiel 45:2
9187,1921,Ezekiel 45:3
9188,1921,Ezekiel 45:4
9189,1921,Ezekiel 45:5
9190,1921,Ezekiel 45:6
9191,1921,Ezekiel 45:7
9192,1921,Ezekiel 45:8
9193,1921,Ezekiel 45:9
9194,1921,Ezekiel 45:10
9195,1921,Ezekiel 45:11
9196,1921,Ezekiel 45:12
9197,1921,Ezekiel 45:13
9198,1921,Ezekiel 45:14
9199,1921,Ezekiel 45:15
9200,1921,Ezekiel 45:16
9201,1921,Ezekiel 45:17
9202,1921,Ezekiel 45:18
9203,1921,Ezekiel 45:19
9204,1921,Ezekiel 45:20
9205,1921,Ezekiel 45:21
9206,1921,Ezekiel 45:22
9207,1921,Ezekiel 45:23
9208,1921,Ezekiel 45:24
9209,1921,Ezekiel 45:25
9210,1921,Ezekiel 46:1
9211,1921,Ezekiel 46:2
9212,1921,Ezekiel 46:3
9213,1921,Ezekiel 46:4
9214,1921,Ezekiel 46:5
9215,1921,Ezekiel 46:6
9216,1921,Ezekiel 46:7
9217,1921,Ezekiel 46:8
9218,1921,Ezekiel 46:9
9219,1921,Ezekiel 46:10
9220,1921,Ezekiel 46:11
9221,1921,Ezekiel 46:12
9222,1921,Ezekiel 46:13
9223,1921,Ezekiel 46:14
9224,1921,Ezekiel 46:15
9225,1921,Ezekiel 46:16
9226,1921,Ezekiel 46:17
9227,1921,Ezekiel 46:18
9228,1921,Ezekiel 46:19
9229,1921,Ezekiel 46:20
9230,1921,Ezekiel 46:21
9231,1921,Ezekiel 46:22
9232,1921,Ezekiel 46:23
9233,1921,Ezekiel 46:24
9234,1921,Ezekiel 47:1
9235,1921,Ezekiel 47:2
9236,1921,Ezekiel 47:3
9237,1921,Ezekiel 47:4
9238,1921,Ezekiel 47:5
9239,1921,Ezekiel 47:6
9240,1921,Ezekiel 47:7
9241,1921,Ezekiel 47:8
9242,1921,Ezekiel 47:9
9243,1921,Ezekiel 47:10
9244,1921,Ezekiel 47:11
9245,1921,Ezekiel 47:12
9246,1921,Ezekiel 47:13
9247,1921,Ezekiel 47:14
9248,1921,Ezekiel 47:15
9249,1921,Ezekiel 47:16
9250,1921,Ezekiel 47:17
9251,1921,Ezekiel 47:18
9252,1921,Ezekiel 47:19
9253,1921,Ezekiel 47:20
9254,1921,Ezekiel 47:21
9255,1921,Ezekiel 47:22
9256,1921,Ezekiel 47:23
9257,1921,Ezekiel 48:1
9258,1921,Ezekiel 48:2
9259,1921,Ezekiel 48:3
9260,1921,Ezekiel 48:4
9261,1921,Ezekiel 48:5
9262,1921,Ezekiel 48:6
9263,1921,Ezekiel 48:7
9264,1921,Ezekiel 48:8
9265,1921,Ezekiel 48:9
9266,1921,Ezekiel 48:10
9267,1921,Ezekiel 48:11
9268,1921,Ezekiel 48:12
9269,1921,Ezekiel 48:13
9270,1921,Ezekiel 48:14
9271,1921,Ezekiel 48:15
9272,1921,Ezekiel 48:16
9273,1921,Ezekiel 48:17
9274,1921,Ezekiel 48:18
9275,1921,Ezekiel 48:19
9276,1921,Ezekiel 48:20
9277,1921,Ezekiel 48:21
9278,1921,Ezekiel 48:22
9279,1921,Ezekiel 48:23
9280,1921,Ezekiel 48:24
9281,1921,Ezekiel 48:25
9282,1921,Ezekiel 48:26
9283,1921,Ezekiel 48:27
9284,1921,Ezekiel 48:28
9285,1921,Ezekiel 48:29
9286,1921,Ezekiel 48:30
9287,1921,Ezekiel 48:31
9288,1921,Ezekiel 48:32
9289,1921,Ezekiel 48:33
9290,1921,Ezekiel 48:34
9291,1921,Ezekiel 48:35
9292,1922,Ezekiel 47:1
9293,1922,Ezekiel 47:2
9294,1922,Ezekiel 47:3
9295,1922,Ezekiel 47:4
9296,1922,Ezekiel 47:5
9297,1922,Ezekiel 47:6
9298,1922,Ezekiel 47:7
9299,1922,Ezekiel 47:8
9300,1922,Ezekiel 47:9
9301,1922,Ezekiel 47:10
9302,1922,Ezekiel 47:11
9303,1922,Ezekiel 47:12
9304,1923,Ezekiel 47:3
9305,1923,Ezekiel 47:4
9306,1923,Ezekiel 47:5
9307,1924,Ezekiel 47:12
9308,1925,Ezekiel 48:35
9309,1926,Daniel 1:17
9310,1927,Daniel 2:19
9311,1928,Daniel 2:24
9312,1928,Daniel 2:25
9313,1928,Daniel 2:26
9314,1928,Daniel 2:27
9315,1928,Daniel 2:28
9316,1928,Daniel 2:29
9317,1928,Daniel 2:30
9318,1928,Daniel 2:31
9319,1928,Daniel 2:32
9320,1928,Daniel 2:33
9321,1928,Daniel 2:34
9322,1928,Daniel 2:35
9323,1928,Daniel 2:36
9324,1928,Daniel 2:37
9325,1928,Daniel 2:38
9326,1928,Daniel 2:39
9327,1928,Daniel 2:40
9328,1928,Daniel 2:41
9329,1928,Daniel 2:42
9330,1928,Daniel 2:43
9331,1928,Daniel 2:44
9332,1928,Daniel 2:45
9333,1929,Daniel 3:19
9334,1929,Daniel 3:20
9335,1929,Daniel 3:21
9336,1929,Daniel 3:22
9337,1929,Daniel 3:23
9338,1929,Daniel 3:24
9339,1929,Daniel 3:25
9340,1929,Daniel 3:26
9341,1929,Daniel 3:27
9342,1930,Daniel 3:25
9343,1931,Daniel 3:27
9344,1932,Daniel 4:4
9345,1932,Daniel 4:5
9346,1932,Daniel 4:6
9347,1932,Daniel 4:7
9348,1932,Daniel 4:8
9349,1932,Daniel 4:9
9350,1932,Daniel 4:10
9351,1932,Daniel 4:11
9352,1932,Daniel 4:12
9353,1932,Daniel 4:13
9354,1932,Daniel 4:14
9355,1932,Daniel 4:15
9356,1932,Daniel 4:16
9357,1932,Daniel 4:17
9358,1932,Daniel 4:18
9359,1933,Daniel 4:19
9360,1933,Daniel 4:20
9361,1933,Daniel 4:21
9362,1933,Daniel 4:22
9363,1933,Daniel 4:23
9364,1933,Daniel 4:24
9365,1933,Daniel 4:25
9366,1933,Daniel 4:26
9367,1933,Daniel 4:27
9368,1934,Daniel 4:28
9369,1934,Daniel 4:29
9370,1934,Daniel 4:30
9371,1934,Daniel 4:31
9372,1934,Daniel 4:32
9373,1934,Daniel 4:33
9374,1935,Daniel 4:34
9375,1935,Daniel 4:35
9376,1935,Daniel 4:36
9377,1935,Daniel 4:37
9378,1936,Daniel 5:5
9379,1937,Daniel 5:17
9380,1937,Daniel 5:18
9381,1937,Daniel 5:19
9382,1937,Daniel 5:20
9383,1937,Daniel 5:21
9384,1937,Daniel 5:22
9385,1937,Daniel 5:23
9386,1937,Daniel 5:24
9387,1937,Daniel 5:25
9388,1937,Daniel 5:26
9389,1937,Daniel 5:27
9390,1937,Daniel 5:28
9391,1938,Daniel 5:30
9392,1939,Daniel 6:16
9393,1939,Daniel 6:17
9394,1939,Daniel 6:18
9395,1939,Daniel 6:19
9396,1939,Daniel 6:20
9397,1939,Daniel 6:21
9398,1939,Daniel 6:22
9399,1939,Daniel 6:23
9400,1940,Daniel 6:22
9401,1941,Daniel 6:24
9402,1942,Daniel 7:1
9403,1942,Daniel 7:2
9404,1942,Daniel 7:3
9405,1942,Daniel 7:4
9406,1942,Daniel 7:5
9407,1942,Daniel 7:6
9408,1942,Daniel 7:7
9409,1942,Daniel 7:8
9410,1942,Daniel 7:9
9411,1942,Daniel 7:10
9412,1942,Daniel 7:11
9413,1942,Daniel 7:12
9414,1942,Daniel 7:13
9415,1942,Daniel 7:14
9416,1942,Daniel 7:15
9417,1942,Daniel 7:16
9418,1942,Daniel 7:17
9419,1942,Daniel 7:18
9420,1942,Daniel 7:19
9421,1942,Daniel 7:20
9422,1942,Daniel 7:21
9423,1942,Daniel 7:22
9424,1942,Daniel 7:23
9425,1942,Daniel 7:24
9426,1942,Daniel 7:25
9427,1942,Daniel 7:26
9428,1942,Daniel 7:27
9429,1942,Daniel 7:28
9430,1943,Daniel 7:9
9431,1943,Daniel 7:10
9432,1944,Daniel 7:13
9433,1944,Daniel 7:14
9434,1945,Daniel 7:15
9435,1945,Daniel 7:16
9436,1945,Daniel 7:17
9437,1945,Daniel 7:18
9438,1945,Daniel 7:19
9439,1945,Daniel 7:20
9440,1945,Daniel 7:21
9441,1945,Daniel 7:22
9442,1945,Daniel 7:23
9443,1945,Daniel 7:24
9444,1945,Daniel 7:25
9445,1945,Daniel 7:26
9446,1945,Daniel 7:27
9447,1945,Daniel 7:28
9448,1946,Daniel 8:1
9449,1946,Daniel 8:2
9450,1946,Daniel 8:3
9451,1946,Daniel 8:4
9452,1946,Daniel 8:5
9453,1946,Daniel 8:6
9454,1946,Daniel 8:7
9455,1946,Daniel 8:8
9456,1946,Daniel 8:9
9457,1946,Daniel 8:10
9458,1946,Daniel 8:11
9459,1946,Daniel 8:12
9460,1946,Daniel 8:13
9461,1946,Daniel 8:14
9462,1947,Daniel 8:15
9463,1947,Daniel 8:16
9464,1947,Daniel 8:17
9465,1947,Daniel 8:18
9466,1947,Daniel 8:19
9467,1947,Daniel 8:20
9468,1947,Daniel 8:21
9469,1947,Daniel 8:22
9470,1947,Daniel 8:23
9471,1947,Daniel 8:24
9472,1947,Daniel 8:25
9473,1947,Daniel 8:26
9474,1948,Daniel 8:27
9475,1949,Daniel 9:3
9476,1949,Daniel 9:4
9477,1949,Daniel 9:5
9478,1949,Daniel 9:6
9479,1949,Daniel 9:7
9480,1949,Daniel 9:8
9481,1949,Daniel 9:9
9482,1949,Daniel 9:10
9483,1949,Daniel 9:11
9484,1949,Daniel 9:12
9485,1949,Daniel 9:13
9486,1949,Daniel 9:14
9487,1949,Daniel 9:15
9488,1949,Daniel 9:16
9489,1949,Daniel 9:17
9490,1949,Daniel 9:18
9491,1949,Daniel 9:19
9492,1950,Daniel 9:20
9493,1950,Daniel 9:21
9494,1950,Daniel 9:22
9495,1950,Daniel 9:23
9496,1951,Daniel 9:24
9497,1951,Daniel 9:25
9498,1951,Daniel 9:26
9499,1951,Daniel 9:27
9500,1952,Daniel 10:1
9501,1953,Daniel 10:4
9502,1953,Daniel 10:5
9503,1953,Daniel 10:6
9504,1954,Daniel 10:7
9505,1954,Daniel 10:8
9506,1954,Daniel 10:9
9507,1955,Daniel 10:10
9508,1955,Daniel 10:11
9509,1955,Daniel 10:16
9510,1955,Daniel 10:18
9511,1956,Daniel 10:12
9512,1956,Daniel 10:13
9513,1956,Daniel 10:14
9514,1957,Daniel 10:13
9515,1957,Daniel 10:20
9516,1958,Daniel 10:13
9517,1958,Daniel 10:21
9518,1959,Daniel 11:2
9519,1959,Daniel 11:3
9520,1959,Daniel 11:4
9521,1959,Daniel 11:5
9522,1959,Daniel 11:6
9523,1959,Daniel 11:7
9524,1959,Daniel 11:8
9525,1959,Daniel 11:9
9526,1959,Daniel 11:10
9527,1959,Daniel 11:11
9528,1959,Daniel 11:12
9529,1959,Daniel 11:13
9530,1959,Daniel 11:14
9531,1959,Daniel 11:15
9532,1959,Daniel 11:16
9533,1959,Daniel 11:17
9534,1959,Daniel 11:18
9535,1959,Daniel 11:19
9536,1959,Daniel 11:20
9537,1959,Daniel 11:21
9538,1959,Daniel 11:22
9539,1959,Daniel 11:23
9540,1959,Daniel 11:24
9541,1959,Daniel 11:25
9542,1959,Daniel 11:26
9543,1959,Daniel 11:27
9544,1959,Daniel 11:28
9545,1959,Daniel 11:29
9546,1959,Daniel 11:30
9547,1959,Daniel 11:31
9548,1959,Daniel 11:32
9549,1959,Daniel 11:33
9550,1959,Daniel 11:34
9551,1959,Daniel 11:35
9552,1959,Daniel 11:36
9553,1959,Daniel 11:37
9554,1959,Daniel 11:38
9555,1959,Daniel 11:39
9556,1959,Daniel 11:40
9557,1959,Daniel 11:41
9558,1959,Daniel 11:42
9559,1959,Daniel 11:43
9560,1959,Daniel 11:44
9561,1959,Daniel 11:45
9562,1960,Daniel 12:1
9563,1960,Daniel 12:2
9564,1960,Daniel 12:3
9565,1960,Daniel 12:4
9566,1961,Daniel 12:1
9567,1962,Daniel 12:5
9568,1963,Daniel 12:6
9569,1963,Daniel 12:7
9570,1964,Daniel 12:8
9571,1965,Daniel 12:9
9572,1965,Daniel 12:10
9573,1965,Daniel 12:11
9574,1965,Daniel 12:12
9575,1965,Daniel 12:13
9576,1966,Hosea 1:2
9577,1966,Hosea 1:3
9578,1967,Hosea 1:4
9579,1967,Hosea 1:5
9580,1967,Hosea 1:6
9581,1967,Hosea 1:7
9582,1967,Hosea 1:8
9583,1967,Hosea 1:9
9584,1968,Hosea 1:10
9585,1969,Hosea 1:10
9586,1969,Hosea 1:11
9587,1970,Hosea 2:2
9588,1970,Hosea 2:3
9589,1970,Hosea 2:4
9590,1970,Hosea 2:5
9591,1970,Hosea 2:6
9592,1970,Hosea 2:7
9593,1970,Hosea 2:8
9594,1970,Hosea 2:9
9595,1970,Hosea 2:10
9596,1970,Hosea 2:11
9597,1970,Hosea 2:12
9598,1970,Hosea 2:13
9599,1970,Hosea 2:14
9600,1970,Hosea 2:15
9601,1970,Hosea 2:16
9602,1970,Hosea 2:17
9603,1970,Hosea 2:18
9604,1970,Hosea 2:19
9605,1970,Hosea 2:20
9606,1970,Hosea 2:21
9607,1970,Hosea 2:22
9608,1970,Hosea 2:23
9609,1971,Hosea 2:9
9610,1971,Hosea 2:10
9611,1971,Hosea 2:11
9612,1971,Hosea 2:12
9613,1972,Hosea 2:21
9614,1972,Hosea 2:22
9615,1973,Hosea 3:1
9616,1973,Hosea 3:2
9617,1973,Hosea 3:3
9618,1974,Hosea 4:1
9619,1974,Hosea 4:2
9620,1974,Hosea 4:3
9621,1974,Hosea 4:4
9622,1974,Hosea 4:5
9623,1974,Hosea 4:6
9624,1974,Hosea 4:7
9625,1974,Hosea 4:8
9626,1974,Hosea 4:9
9627,1974,Hosea 4:10
9628,1974,Hosea 4:11
9629,1974,Hosea 4:12
9630,1974,Hosea 4:13
9631,1974,Hosea 4:14
9632,1974,Hosea 4:15
9633,1974,Hosea 4:16
9634,1974,Hosea 4:17
9635,1974,Hosea 4:18
9636,1974,Hosea 4:19
9637,1975,Hosea 5:1
9638,1975,Hosea 5:2
9639,1975,Hosea 5:3
9640,1975,Hosea 5:4
9641,1975,Hosea 5:5
9642,1975,Hosea 5:6
9643,1975,Hosea 5:7
9644,1975,Hosea 5:8
9645,1975,Hosea 5:9
9646,1975,Hosea 5:10
9647,1975,Hosea 5:11
9648,1975,Hosea 5:12
9649,1975,Hosea 5:13
9650,1975,Hosea 5:14
9651,1975,Hosea 5:15
9652,1976,Hosea 6:6
9653,1977,Hosea 11:1
9654,1978,Hosea 11:1
9655,1978,Hosea 11:2
9656,1978,Hosea 11:3
9657,1978,Hosea 11:4
9658,1978,Hosea 11:5
9659,1978,Hosea 11:6
9660,1978,Hosea 11:7
9661,1978,Hosea 11:8
9662,1978,Hosea 11:9
9663,1978,Hosea 11:10
9664,1978,Hosea 11:11
9665,1979,Hosea 11:8
9666,1979,Hosea 11:9
9667,1980,Hosea 14:1
9668,1980,Hosea 14:2
9669,1980,Hosea 14:3
9670,1980,Hosea 14:4
9671,1980,Hosea 14:5
9672,1980,Hosea 14:6
9673,1980,Hosea 14:7
9674,1980,Hosea 14:8
9675,1980,Hosea 14:9
9676,1981,Hosea 14:4
9677,1982,Hosea 14:4
9678,1983,Hosea 14:5
9679,1983,Hosea 14:6
9680,1984,Joel 1:4
9681,1984,Joel 1:6
9682,1984,Joel 1:7
9683,1985,Joel 1:10
9684,1985,Joel 1:11
9685,1985,Joel 1:12
9686,1985,Joel 1:17
9687,1985,Joel 1:18
9688,1985,Joel 1:19
9689,1985,Joel 1:20
9690,1986,Joel 2:1
9691,1986,Joel 2:2
9692,1986,Joel 2:10
9693,1986,Joel 2:11
9694,1987,Joel 2:3
9695,1987,Joel 2:4
9696,1987,Joel 2:5
9697,1987,Joel 2:6
9698,1987,Joel 2:7
9699,1987,Joel 2:8
9700,1987,Joel 2:9
9701,1988,Joel 2:12
9702,1988,Joel 2:13
9703,1988,Joel 2:14
9704,1989,Joel 2:20
9705,1990,Joel 2:25
9706,1991,Joel 2:23
9707,1992,Joel 2:24
9708,1992,Joel 2:26
9709,1993,Joel 2:28
9710,1993,Joel 2:29
9711,1994,Joel 2:30
9712,1994,Joel 2:31
9713,1995,Joel 3:2
9714,1995,Joel 3:12
9715,1996,Joel 3:15
9716,1997,Joel 3:16
9717,1998,Joel 3:17
9718,1999,Joel 3:18
9719,2000,Joel 3:18
9720,2001,Joel 3:19
9721,2002,Joel 3:21
9722,2003,Amos 1:1
9723,2004,Amos 1:3
9724,2004,Amos 1:4
9725,2004,Amos 1:5
9726,2005,Amos 1:6
9727,2005,Amos 1:7
9728,2005,Amos 1:8
9729,2006,Amos 1:9
9730,2006,Amos 1:10
9731,2007,Amos 1:11
9732,2007,Amos 1:12
9733,2008,Amos 1:13
9734,2008,Amos 1:14
9735,2008,Amos 1:15
9736,2009,Amos 2:1
9737,2009,Amos 2:2
9738,2009,Amos 2:3
9739,2010,Amos 2:4
9740,2010,Amos 2:5
9741,2011,Amos 2:6
9742,2011,Amos 2:7
9743,2011,Amos 2:8
9744,2011,Amos 2:9
9745,2011,Amos 2:10
9746,2011,Amos 2:11
9747,2011,Amos 2:12
9748,2011,Amos 2:13
9749,2011,Amos 2:14
9750,2011,Amos 2:15
9751,2011,Amos 2:16
9752,2012,Amos 3:1
9753,2012,Amos 3:2
9754,2013,Amos 3:3
9755,2013,Amos 3:4
9756,2013,Amos 3:5
9757,2013,Amos 3:6
9758,2013,Amos 3:7
9759,2013,Amos 3:8
9760,2014,Amos 3:9
9761,2014,Amos 3:10
9762,2014,Amos 3:11
9763,2014,Amos 3:12
9764,2014,Amos 3:13
9765,2014,Amos 3:14
9766,2014,Amos 3:15
9767,2015,Amos 4:1
9768,2015,Amos 4:2
9769,2015,Amos 4:3
9770,2016,Amos 4:6
9771,2016,Amos 4:7
9772,2016,Amos 4:8
9773,2016,Amos 4:9
9774,2016,Amos 4:10
9775,2016,Amos 4:11
9776,2017,Amos 4:12
9777,2017,Amos 4:13
9778,2018,Amos 4:13
9779,2019,Amos 5:1
9780,2019,Amos 5:2
9781,2019,Amos 5:3
9782,2020,Amos 5:4
9783,2020,Amos 5:5
9784,2020,Amos 5:6
9785,2021,Amos 5:8
9786,2021,Amos 5:9
9787,2022,Amos 5:21
9788,2022,Amos 5:22
9789,2022,Amos 5:23
9790,2022,Amos 5:24
9791,2023,Amos 7:1
9792,2023,Amos 7:2
9793,2023,Amos 7:3
9794,2024,Amos 7:4
9795,2024,Amos 7:5
9796,2024,Amos 7:6
9797,2025,Amos 7:7
9798,2025,Amos 7:8
9799,2025,Amos 7:9
9800,2026,Amos 7:9
9801,2027,Amos 7:14
9802,2027,Amos 7:15
9803,2027,Amos 7:16
9804,2027,Amos 7:17
9805,2028,Amos 8:1
9806,2028,Amos 8:2
9807,2028,Amos 8:3
9808,2029,Amos 8:11
9809,2029,Amos 8:12
9810,2030,Amos 9:1
9811,2030,Amos 9:2
9812,2030,Amos 9:3
9813,2030,Amos 9:4
9814,2031,Amos 9:2
9815,2031,Amos 9:3
9816,2031,Amos 9:4
9817,2032,Amos 9:5
9818,2032,Amos 9:6
9819,2033,Amos 9:9
9820,2034,Amos 9:11
9821,2034,Amos 9:12
9822,2035,Amos 9:13
9823,2036,Amos 9:14
9824,2036,Amos 9:15
9825,2037,Obadiah 1:1
9826,2038,Obadiah 1:1
9827,2039,Obadiah 1:2
9828,2039,Obadiah 1:3
9829,2039,Obadiah 1:4
9830,2040,Obadiah 1:5
9831,2040,Obadiah 1:6
9832,2041,Obadiah 1:8
9833,2042,Obadiah 1:10
9834,2042,Obadiah 1:11
9835,2042,Obadiah 1:12
9836,2042,Obadiah 1:13
9837,2042,Obadiah 1:14
9838,2043,Obadiah 1:15
9839,2044,Obadiah 1:17
9840,2045,Obadiah 1:18
9841,2046,Obadiah 1:19
9842,2046,Obadiah 1:20
9843,2047,Obadiah 1:21
9844,2048,Jonah 1:1
9845,2048,Jonah 1:2
9846,2049,Jonah 1:4
9847,2050,Jonah 1:7
9848,2051,Jonah 1:17
9849,2052,Jonah 1:17
9850,2053,Jonah 2:10
9851,2054,Jonah 3:1
9852,2054,Jonah 3:2
9853,2055,Jonah 3:4
9854,2055,Jonah 3:5
9855,2056,Jonah 3:10
9856,2057,Jonah 4:6
9857,2058,Jonah 4:7
9858,2059,Jonah 4:8
9859,2060,Jonah 4:9
9860,2060,Jonah 4:10
9861,2060,Jonah 4:11
9862,2061,Micah 1:2
9863,2062,Micah 1:3
9864,2062,Micah 1:4
9865,2063,Micah 1:4
9866,2064,Micah 1:6
9867,2064,Micah 1:7
9868,2065,Micah 2:1
9869,2065,Micah 2:2
9870,2065,Micah 2:3
9871,2066,Micah 2:12
9872,2067,Micah 2:13
9873,2068,Micah 3:1
9874,2068,Micah 3:2
9875,2068,Micah 3:3
9876,2068,Micah 3:4
9877,2069,Micah 3:4
9878,2070,Micah 3:8
9879,2071,Micah 3:12
9880,2072,Micah 4:1
9881,2072,Micah 4:2
9882,2073,Micah 4:2
9883,2074,Micah 4:3
9884,2075,Micah 4:3
9885,2076,Micah 4:6
9886,2076,Micah 4:7
9887,2077,Micah 4:7
9888,2078,Micah 5:2
9889,2079,Micah 5:2
9890,2080,Micah 5:4
9891,2081,Micah 5:4
9892,2082,Micah 5:12
9893,2083,Micah 5:15
9894,2084,Micah 6:1
9895,2084,Micah 6:2
9896,2085,Micah 6:4
9897,2086,Micah 6:5
9898,2087,Micah 6:8
9899,2088,Micah 6:13
9900,2089,Micah 7:10
9901,2090,Micah 7:15
9902,2091,Micah 7:16
9903,2092,Micah 7:17
9904,2093,Micah 7:18
9905,2094,Micah 7:19
9906,2095,Micah 7:20
9907,2096,Nahum 1:2
9908,2097,Nahum 1:5
9909,2098,Nahum 1:7
9910,2099,Nahum 1:8
9911,2100,Nahum 1:13
9912,2101,Nahum 1:14
9913,2102,Nahum 1:15
9914,2103,Nahum 2:2
9915,2104,Nahum 2:3
9916,2104,Nahum 2:4
9917,2104,Nahum 2:5
9918,2104,Nahum 2:6
9919,2104,Nahum 2:7
9920,2104,Nahum 2:8
9921,2104,Nahum 2:9
9922,2104,Nahum 2:10
9923,2105,Nahum 2:13
9924,2106,Nahum 3:1
9925,2107,Nahum 3:2
9926,2107,Nahum 3:3
9927,2108,Nahum 3:8
9928,2108,Nahum 3:9
9929,2108,Nahum 3:10
9930,2109,Nahum 3:12
9931,2110,Nahum 3:19
9932,2111,Habakkuk 1:1
9933,2111,Habakkuk 1:2
9934,2111,Habakkuk 1:3
9935,2111,Habakkuk 1:4
9936,2112,Habakkuk 1:5
9937,2112,Habakkuk 1:6
9938,2112,Habakkuk 1:7
9939,2112,Habakkuk 1:8
9940,2112,Habakkuk 1:9
9941,2112,Habakkuk 1:10
9942,2112,Habakkuk 1:11
9943,2113,Habakkuk 1:12
9944,2113,Habakkuk 1:13
9945,2113,Habakkuk 1:14
9946,2113,Habakkuk 1:15
9947,2113,Habakkuk 1:16
9948,2113,Habakkuk 1:17
9949,2114,Habakkuk 2:1
9950,2114,Habakkuk 2:2
9951,2114,Habakkuk 2:3
9952,2115,Habakkuk 2:4
9953,2116,Habakkuk 2:5
9954,2116,Habakkuk 2:6
9955,2116,Habakkuk 2:7
9956,2116,Habakkuk 2:8
9957,2116,Habakkuk 2:9
9958,2116,Habakkuk 2:10
9959,2116,Habakkuk 2:11
9960,2116,Habakkuk 2:12
9961,2116,Habakkuk 2:13
9962,2116,Habakkuk 2:14
9963,2116,Habakkuk 2:15
9964,2116,Habakkuk 2:16
9965,2116,Habakkuk 2:17
9966,2116,Habakkuk 2:18
9967,2116,Habakkuk 2:19
9968,2116,Habakkuk 2:20
9969,2117,Habakkuk 2:14
9970,2117,Habakkuk 2:20
9971,2118,Habakkuk 3:1
9972,2118,Habakkuk 3:2
9973,2119,Habakkuk 3:3
9974,2119,Habakkuk 3:4
9975,2120,Habakkuk 3:5
9976,2121,Habakkuk 3:6
9977,2122,Habakkuk 3:6
9978,2123,Habakkuk 3:7
9979,2124,Habakkuk 3:8
9980,2124,Habakkuk 3:9
9981,2125,Habakkuk 3:9
9982,2126,Habakkuk 3:10
9983,2127,Habakkuk 3:10
9984,2128,Habakkuk 3:11
9985,2129,Habakkuk 3:11
9986,2130,Habakkuk 3:12
9987,2131,Habakkuk 3:13
9988,2132,Habakkuk 3:13
9989,2132,Habakkuk 3:14
9990,2133,Habakkuk 3:14
9991,2134,Habakkuk 3:15
9992,2135,Habakkuk 3:16
9993,2136,Habakkuk 3:19
9994,2137,Zephaniah 1:1
9995,2138,Zephaniah 1:2
9996,2138,Zephaniah 1:3
9997,2139,Zephaniah 1:4
9998,2139,Zephaniah 1:5
9999,2139,Zephaniah 1:6
10000,2140,Zephaniah 1:7
10001,2141,Zephaniah 1:7
10002,2141,Zephaniah 1:8
10003,2142,Zephaniah 1:12
10004,2143,Zephaniah 1:14
10005,2143,Zephaniah 1:15
10006,2143,Zephaniah 1:16
10007,2143,Zephaniah 1:17
10008,2143,Zephaniah 1:18
10009,2144,Zephaniah 2:1
10010,2144,Zephaniah 2:2
10011,2144,Zephaniah 2:3
10012,2145,Zephaniah 2:4
10013,2145,Zephaniah 2:5
10014,2145,Zephaniah 2:6
10015,2145,Zephaniah 2:7
10016,2146,Zephaniah 2:6
10017,2147,Zephaniah 2:8
10018,2147,Zephaniah 2:9
10019,2147,Zephaniah 2:10
10020,2147,Zephaniah 2:11
10021,2148,Zephaniah 2:11
10022,2149,Zephaniah 2:12
10023,2149,Zephaniah 2:13
10024,2149,Zephaniah 2:14
10025,2149,Zephaniah 2:15
10026,2150,Zephaniah 2:13
10027,2151,Zephaniah 3:1
10028,2151,Zephaniah 3:2
10029,2151,Zephaniah 3:3
10030,2151,Zephaniah 3:4
10031,2151,Zephaniah 3:5
10032,2151,Zephaniah 3:6
10033,2151,Zephaniah 3:7
10034,2151,Zephaniah 3:8
10035,2152,Zephaniah 3:8
10036,2153,Zephaniah 3:9
10037,2154,Zephaniah 3:10
10038,2155,Zephaniah 3:11
10039,2155,Zephaniah 3:12
10040,2155,Zephaniah 3:13
10041,2156,Zephaniah 3:14
10042,2156,Zephaniah 3:15
10043,2156,Zephaniah 3:16
10044,2156,Zephaniah 3:17
10045,2157,Zephaniah 3:17
10046,2158,Zephaniah 3:18
10047,2158,Zephaniah 3:19
10048,2158,Zephaniah 3:20
10049,2159,Zephaniah 3:20
10050,2160,Haggai 1:1
10051,2160,Haggai 1:2
10052,2161,Haggai 1:3
10053,2161,Haggai 1:4
10054,2161,Haggai 1:5
10055,2161,Haggai 1:6
10056,2162,Haggai 1:7
10057,2162,Haggai 1:8
10058,2163,Haggai 1:9
10059,2163,Haggai 1:10
10060,2163,Haggai 1:11
10061,2164,Haggai 1:14
10062,2165,Haggai 1:13
10063,2166,Haggai 2:1
10064,2166,Haggai 2:2
10065,2166,Haggai 2:3
10066,2167,Haggai 2:4
10067,2167,Haggai 2:5
10068,2168,Haggai 2:6
10069,2168,Haggai 2:7
10070,2169,Haggai 2:8
10071,2170,Haggai 2:9
10072,2171,Haggai 2:9
10073,2172,Haggai 2:10
10074,2172,Haggai 2:11
10075,2172,Haggai 2:12
10076,2172,Haggai 2:13
10077,2172,Haggai 2:14
10078,2173,Haggai 2:15
10079,2173,Haggai 2:16
10080,2173,Haggai 2:17
10081,2173,Haggai 2:18
10082,2173,Haggai 2:19
10083,2174,Haggai 2:19
10084,2175,Haggai 2:20
10085,2175,Haggai 2:21
10086,2175,Haggai 2:22
10087,2176,Haggai 2:23
10088,2177,Zechariah 1:3
10089,2178,Zechariah 1:7
10090,2178,Zechariah 1:8
10091,2178,Zechariah 1:9
10092,2178,Zechariah 1:10
10093,2178,Zechariah 1:11
10094,2178,Zechariah 1:12
10095,2178,Zechariah 1:13
10096,2178,Zechariah 1:14
10097,2178,Zechariah 1:15
10098,2178,Zechariah 1:16
10099,2178,Zechariah 1:17
10100,2179,Zechariah 1:18
10101,2179,Zechariah 1:19
10102,2179,Zechariah 1:20
10103,2179,Zechariah 1:21
10104,2180,Zechariah 2:1
10105,2180,Zechariah 2:2
10106,2180,Zechariah 2:3
10107,2180,Zechariah 2:4
10108,2180,Zechariah 2:5
10109,2180,Zechariah 2:6
10110,2180,Zechariah 2:7
10111,2180,Zechariah 2:8
10112,2180,Zechariah 2:9
10113,2180,Zechariah 2:10
10114,2180,Zechariah 2:11
10115,2180,Zechariah 2:12
10116,2180,Zechariah 2:13
10117,2181,Zechariah 2:5
10118,2182,Zechariah 3:1
10119,2182,Zechariah 3:2
10120,2182,Zechariah 3:3
10121,2182,Zechariah 3:4
10122,2182,Zechariah 3:5
10123,2182,Zechariah 3:6
10124,2182,Zechariah 3:7
10125,2182,Zechariah 3:8
10126,2182,Zechariah 3:9
10127,2182,Zechariah 3:10
10128,2183,Zechariah 3:2
10129,2184,Zechariah 3:9
10130,2185,Zechariah 4:1
10131,2185,Zechariah 4:2
10132,2185,Zechariah 4:3
10133,2185,Zechariah 4:4
10134,2185,Zechariah 4:5
10135,2185,Zechariah 4:6
10136,2185,Zechariah 4:7
10137,2185,Zechariah 4:8
10138,2185,Zechariah 4:9
10139,2185,Zechariah 4:10
10140,2185,Zechariah 4:11
10141,2185,Zechariah 4:12
10142,2185,Zechariah 4:13
10143,2185,Zechariah 4:14
10144,2186,Zechariah 4:6
10145,2187,Zechariah 4:7
10146,2188,Zechariah 5:1
10147,2188,Zechariah 5:2
10148,2188,Zechariah 5:3
10149,2188,Zechariah 5:4
10150,2189,Zechariah 5:5
10151,2189,Zechariah 5:6
10152,2189,Zechariah 5:7
10153,2189,Zechariah 5:8
10154,2189,Zechariah 5:9
10155,2189,Zechariah 5:10
10156,2189,Zechariah 5:11
10157,2190,Zechariah 6:1
10158,2190,Zechariah 6:2
10159,2190,Zechariah 6:3
10160,2190,Zechariah 6:4
10161,2190,Zechariah 6:5
10162,2190,Zechariah 6:6
10163,2190,Zechariah 6:7
10164,2190,Zechariah 6:8
10165,2191,Zechariah 6:9
10166,2191,Zechariah 6:10
10167,2191,Zechariah 6:11
10168,2191,Zechariah 6:12
10169,2191,Zechariah 6:13
10170,2191,Zechariah 6:14
10171,2191,Zechariah 6:15
10172,2192,Zechariah 7:1
10173,2192,Zechariah 7:2
10174,2192,Zechariah 7:3
10175,2192,Zechariah 7:4
10176,2192,Zechariah 7:5
10177,2192,Zechariah 7:6
10178,2192,Zechariah 7:7
10179,2192,Zechariah 7:8
10180,2192,Zechariah 7:9
10181,2192,Zechariah 7:10
10182,2192,Zechariah 7:11
10183,2192,Zechariah 7:12
10184,2192,Zechariah 7:13
10185,2192,Zechariah 7:14
10186,2193,Zechariah 8:3
10187,2194,Zechariah 8:4
10188,2194,Zechariah 8:5
10189,2194,Zechariah 8:6
10190,2194,Zechariah 8:7
10191,2194,Zechariah 8:8
10192,2194,Zechariah 8:9
10193,2194,Zechariah 8:10
10194,2194,Zechariah 8:11
10195,2194,Zechariah 8:12
10196,2194,Zechariah 8:13
10197,2194,Zechariah 8:14
10198,2194,Zechariah 8:15
10199,2194,Zechariah 8:16
10200,2194,Zechariah 8:17
10201,2194,Zechariah 8:18
10202,2194,Zechariah 8:19
10203,2194,Zechariah 8:20
10204,2194,Zechariah 8:21
10205,2194,Zechariah 8:22
10206,2194,Zechariah 8:23
10207,2195,Zechariah 9:1
10208,2195,Zechariah 9:2
10209,2195,Zechariah 9:3
10210,2195,Zechariah 9:4
10211,2195,Zechariah 9:5
10212,2195,Zechariah 9:6
10213,2195,Zechariah 9:7
10214,2195,Zechariah 9:8
10215,2196,Zechariah 9:9
10216,2196,Zechariah 9:10
10217,2197,Zechariah 9:11
10218,2197,Zechariah 9:12
10219,2197,Zechariah 9:13
10220,2197,Zechariah 9:14
10221,2197,Zechariah 9:15
10222,2197,Zechariah 9:16
10223,2197,Zechariah 9:17
10224,2198,Zechariah 10:1
10225,2199,Zechariah 10:8
10226,2199,Zechariah 10:9
10227,2199,Zechariah 10:10
10228,2199,Zechariah 10:11
10229,2199,Zechariah 10:12
10230,2200,Zechariah 11:1
10231,2200,Zechariah 11:2
10232,2200,Zechariah 11:3
10233,2200,Zechariah 11:4
10234,2200,Zechariah 11:5
10235,2200,Zechariah 11:6
10236,2200,Zechariah 11:7
10237,2200,Zechariah 11:8
10238,2200,Zechariah 11:9
10239,2200,Zechariah 11:10
10240,2200,Zechariah 11:11
10241,2200,Zechariah 11:12
10242,2200,Zechariah 11:13
10243,2200,Zechariah 11:14
10244,2200,Zechariah 11:15
10245,2200,Zechariah 11:16
10246,2200,Zechariah 11:17
10247,2201,Zechariah 12:2
10248,2201,Zechariah 12:3
10249,2202,Zechariah 12:9
10250,2203,Zechariah 12:10
10251,2204,Zechariah 13:1
10252,2205,Zechariah 13:2
10253,2206,Zechariah 13:7
10254,2207,Zechariah 13:9
10255,2208,Zechariah 14:1
10256,2208,Zechariah 14:2
10257,2208,Zechariah 14:3
10258,2208,Zechariah 14:4
10259,2208,Zechariah 14:5
10260,2208,Zechariah 14:6
10261,2208,Zechariah 14:7
10262,2208,Zechariah 14:8
10263,2208,Zechariah 14:9
10264,2208,Zechariah 14:10
10265,2208,Zechariah 14:11
10266,2208,Zechariah 14:12
10267,2208,Zechariah 14:13
10268,2208,Zechariah 14:14
10269,2208,Zechariah 14:15
10270,2208,Zechariah 14:16
10271,2208,Zechariah 14:17
10272,2208,Zechariah 14:18
10273,2208,Zechariah 14:19
10274,2208,Zechariah 14:20
10275,2208,Zechariah 14:21
10276,2209,Zechariah 14:4
10277,2210,Zechariah 14:12
10278,2210,Zechariah 14:13
10279,2210,Zechariah 14:14
10280,2210,Zechariah 14:15
10281,2211,Zechariah 14:9
10282,2212,Malachi 1:2
10283,2212,Malachi 1:3
10284,2212,Malachi 1:4
10285,2212,Malachi 1:5
10286,2213,Malachi 1:6
10287,2213,Malachi 1:7
10288,2213,Malachi 1:8
10289,2213,Malachi 1:9
10290,2213,Malachi 1:10
10291,2213,Malachi 1:11
10292,2213,Malachi 1:12
10293,2213,Malachi 1:13
10294,2213,Malachi 1:14
10295,2214,Malachi 2:1
10296,2214,Malachi 2:2
10297,2214,Malachi 2:3
10298,2215,Malachi 2:4
10299,2215,Malachi 2:5
10300,2215,Malachi 2:6
10301,2215,Malachi 2:7
10302,2215,Malachi 2:8
10303,2215,Malachi 2:9
10304,2216,Malachi 2:10
10305,2216,Malachi 2:11
10306,2216,Malachi 2:12
10307,2216,Malachi 2:13
10308,2216,Malachi 2:14
10309,2216,Malachi 2:15
10310,2216,Malachi 2:16
10311,2217,Malachi 3:1
10312,2218,Malachi 3:1
10313,2218,Malachi 3:2
10314,2218,Malachi 3:3
10315,2218,Malachi 3:4
10316,2218,Malachi 3:5
10317,2219,Malachi 3:6
10318,2219,Malachi 3:7
10319,2220,Malachi 3:8
10320,2220,Malachi 3:9
10321,2220,Malachi 3:10
10322,2220,Malachi 3:11
10323,2220,Malachi 3:12
10324,2221,Malachi 3:10
10325,2222,Malachi 3:11
10326,2223,Malachi 3:16
10327,2223,Malachi 3:17
10328,2223,Malachi 3:18
10329,2224,Malachi 4:1
10330,2224,Malachi 4:2
10331,2224,Malachi 4:3
10332,2225,Malachi 4:2
10333,2226,Malachi 4:4
10334,2227,Malachi 4:5
10335,2227,Malachi 4:6
10336,2228,Malachi 4:6
10337,2229,Matthew 1:18
10338,2229,Matthew 1:19
10339,2229,Matthew 1:20
10340,2229,Matthew 1:21
10341,2229,Matthew 1:22
10342,2229,Matthew 1:23
10343,2229,Matthew 1:24
10344,2229,Matthew 1:25
10345,2230,Matthew 1:20
10346,2230,Matthew 1:21
10347,2231,Matthew 2:1
10348,2231,Matthew 2:2
10349,2231,Matthew 2:9
10350,2231,Matthew 2:10
10351,2232,Matthew 2:13
10352,2233,Matthew 2:19
10353,2233,Matthew 2:20
10354,2234,Matthew 3:17
10355,2235,Matthew 3:16
10356,2236,Matthew 4:1
10357,2236,Matthew 4:2
10358,2236,Matthew 4:3
10359,2236,Matthew 4:4
10360,2236,Matthew 4:5
10361,2236,Matthew 4:6
10362,2236,Matthew 4:7
10363,2236,Matthew 4:8
10364,2236,Matthew 4:9
10365,2236,Matthew 4:10
10366,2236,Matthew 4:11
10367,2237,Matthew 8:1
10368,2237,Matthew 8:2
10369,2237,Matthew 8:3
10370,2237,Matthew 8:4
10371,2238,Matthew 8:5
10372,2238,Matthew 8:6
10373,2238,Matthew 8:7
10374,2238,Matthew 8:8
10375,2238,Matthew 8:9
10376,2238,Matthew 8:10
10377,2238,Matthew 8:11
10378,2238,Matthew 8:12
10379,2238,Matthew 8:13
10380,2239,Matthew 8:14
10381,2239,Matthew 8:15
10382,2240,Matthew 8:23
10383,2240,Matthew 8:24
10384,2240,Matthew 8:25
10385,2240,Matthew 8:26
10386,2240,Matthew 8:27
10387,2241,Matthew 8:28
10388,2241,Matthew 8:29
10389,2241,Matthew 8:30
10390,2241,Matthew 8:31
10391,2241,Matthew 8:32
10392,2241,Matthew 8:33
10393,2241,Matthew 8:34
10394,2242,Matthew 9:1
10395,2242,Matthew 9:2
10396,2242,Matthew 9:3
10397,2242,Matthew 9:4
10398,2242,Matthew 9:5
10399,2242,Matthew 9:6
10400,2242,Matthew 9:7
10401,2242,Matthew 9:8
10402,2243,Matthew 9:18
10403,2243,Matthew 9:19
10404,2243,Matthew 9:23
10405,2243,Matthew 9:24
10406,2243,Matthew 9:25
10407,2243,Matthew 9:26
10408,2244,Matthew 9:20
10409,2244,Matthew 9:21
10410,2244,Matthew 9:22
10411,2245,Matthew 9:27
10412,2245,Matthew 9:28
10413,2245,Matthew 9:29
10414,2245,Matthew 9:30
10415,2245,Matthew 9:31
10416,2246,Matthew 9:32
10417,2246,Matthew 9:33
10418,2246,Matthew 9:34
10419,2247,Matthew 10:1
10420,2247,Matthew 10:8
10421,2248,Matthew 14:13
10422,2248,Matthew 14:14
10423,2248,Matthew 14:15
10424,2248,Matthew 14:16
10425,2248,Matthew 14:17
10426,2248,Matthew 14:18
10427,2248,Matthew 14:19
10428,2248,Matthew 14:20
10429,2248,Matthew 14:21
10430,2249,Matthew 14:22
10431,2249,Matthew 14:23
10432,2249,Matthew 14:24
10433,2249,Matthew 14:25
10434,2249,Matthew 14:26
10435,2249,Matthew 14:27
10436,2249,Matthew 14:28
10437,2249,Matthew 14:29
10438,2249,Matthew 14:30
10439,2249,Matthew 14:31
10440,2249,Matthew 14:32
10441,2249,Matthew 14:33
10442,2250,Matthew 14:28
10443,2250,Matthew 14:29
10444,2250,Matthew 14:30
10445,2250,Matthew 14:31
10446,2251,Matthew 14:34
10447,2251,Matthew 14:35
10448,2251,Matthew 14:36
10449,2252,Matthew 15:21
10450,2252,Matthew 15:22
10451,2252,Matthew 15:23
10452,2252,Matthew 15:24
10453,2252,Matthew 15:25
10454,2252,Matthew 15:26
10455,2252,Matthew 15:27
10456,2252,Matthew 15:28
10457,2253,Matthew 15:29
10458,2253,Matthew 15:30
10459,2253,Matthew 15:31
10460,2254,Matthew 15:32
10461,2254,Matthew 15:33
10462,2254,Matthew 15:34
10463,2254,Matthew 15:35
10464,2254,Matthew 15:36
10465,2254,Matthew 15:37
10466,2254,Matthew 15:38
10467,2254,Matthew 15:39
10468,2255,Matthew 17:5
10469,2256,Matthew 17:2
10470,2257,Matthew 17:3
10471,2258,Matthew 17:14
10472,2258,Matthew 17:15
10473,2258,Matthew 17:16
10474,2258,Matthew 17:17
10475,2258,Matthew 17:18
10476,2258,Matthew 17:19
10477,2258,Matthew 17:20
10478,2258,Matthew 17:21
10479,2259,Matthew 17:24
10480,2259,Matthew 17:25
10481,2259,Matthew 17:26
10482,2259,Matthew 17:27
10483,2260,Matthew 20:29
10484,2260,Matthew 20:30
10485,2260,Matthew 20:31
10486,2260,Matthew 20:32
10487,2260,Matthew 20:33
10488,2260,Matthew 20:34
10489,2261,Matthew 21:18
10490,2261,Matthew 21:19
10491,2261,Matthew 21:20
10492,2261,Matthew 21:21
10493,2261,Matthew 21:22
10494,2262,Matthew 26:2
10495,2263,Matthew 26:20
10496,2263,Matthew 26:21
10497,2263,Matthew 26:22
10498,2263,Matthew 26:23
10499,2263,Matthew 26:24
10500,2263,Matthew 26:25
10501,2264,Matthew 26:26
10502,2264,Matthew 26:27
10503,2264,Matthew 26:28
10504,2264,Matthew 26:29
10505,2265,Matthew 26:31
10506,2265,Matthew 26:32
10507,2265,Matthew 26:33
10508,2265,Matthew 26:34
10509,2265,Matthew 26:35
10510,2266,Matthew 26:36
10511,2266,Matthew 26:37
10512,2266,Matthew 26:38
10513,2266,Matthew 26:39
10514,2266,Matthew 26:40
10515,2266,Matthew 26:41
10516,2266,Matthew 26:42
10517,2266,Matthew 26:43
10518,2266,Matthew 26:44
10519,2266,Matthew 26:45
10520,2266,Matthew 26:46
10521,2267,Matthew 27:45
10522,2268,Matthew 27:51
10523,2269,Matthew 27:51
10524,2270,Matthew 27:52
10525,2270,Matthew 27:53
10526,2271,Matthew 27:54
10527,2272,Matthew 28:2
10528,2273,Matthew 28:5
10529,2273,Matthew 28:6
10530,2273,Matthew 28:7
10531,2274,Matthew 28:9
10532,2274,Matthew 28:10
10533,2275,Matthew 28:16
10534,2275,Matthew 28:17
10535,2275,Matthew 28:18
10536,2275,Matthew 28:19
10537,2275,Matthew 28:20
10538,2276,Mark 1:11
10539,2277,Mark 1:10
10540,2278,Mark 1:12
10541,2278,Mark 1:13
10542,2279,Mark 1:21
10543,2279,Mark 1:22
10544,2279,Mark 1:23
10545,2279,Mark 1:24
10546,2279,Mark 1:25
10547,2279,Mark 1:26
10548,2279,Mark 1:27
10549,2279,Mark 1:28
10550,2280,Mark 1:29
10551,2280,Mark 1:30
10552,2280,Mark 1:31
10553,2281,Mark 1:32
10554,2281,Mark 1:33
10555,2281,Mark 1:34
10556,2282,Mark 1:40
10557,2282,Mark 1:41
10558,2282,Mark 1:42
10559,2282,Mark 1:43
10560,2282,Mark 1:44
10561,2282,Mark 1:45
10562,2283,Mark 2:1
10563,2283,Mark 2:2
10564,2283,Mark 2:3
10565,2283,Mark 2:4
10566,2283,Mark 2:5
10567,2283,Mark 2:6
10568,2283,Mark 2:7
10569,2283,Mark 2:8
10570,2283,Mark 2:9
10571,2283,Mark 2:10
10572,2283,Mark 2:11
10573,2283,Mark 2:12
10574,2284,Mark 3:1
10575,2284,Mark 3:2
10576,2284,Mark 3:3
10577,2284,Mark 3:4
10578,2284,Mark 3:5
10579,2284,Mark 3:6
10580,2285,Mark 3:7
10581,2285,Mark 3:8
10582,2285,Mark 3:9
10583,2285,Mark 3:10
10584,2285,Mark 3:11
10585,2285,Mark 3:12
10586,2286,Mark 4:35
10587,2286,Mark 4:36
10588,2286,Mark 4:37
10589,2286,Mark 4:38
10590,2286,Mark 4:39
10591,2286,Mark 4:40
10592,2286,Mark 4:41
10593,2287,Mark 5:1
10594,2287,Mark 5:2
10595,2287,Mark 5:3
10596,2287,Mark 5:4
10597,2287,Mark 5:5
10598,2287,Mark 5:6
10599,2287,Mark 5:7
10600,2287,Mark 5:8
10601,2287,Mark 5:9
10602,2287,Mark 5:10
10603,2287,Mark 5:11
10604,2287,Mark 5:12
10605,2287,Mark 5:13
10606,2287,Mark 5:14
10607,2287,Mark 5:15
10608,2287,Mark 5:16
10609,2287,Mark 5:17
10610,2287,Mark 5:18
10611,2287,Mark 5:19
10612,2287,Mark 5:20
10613,2288,Mark 5:25
10614,2288,Mark 5:26
10615,2288,Mark 5:27
10616,2288,Mark 5:28
10617,2288,Mark 5:29
10618,2288,Mark 5:30
10619,2288,Mark 5:31
10620,2288,Mark 5:32
10621,2288,Mark 5:33
10622,2288,Mark 5:34
10623,2289,Mark 5:21
10624,2289,Mark 5:22
10625,2289,Mark 5:23
10626,2289,Mark 5:24
10627,2289,Mark 5:35
10628,2289,Mark 5:36
10629,2289,Mark 5:37
10630,2289,Mark 5:38
10631,2289,Mark 5:39
10632,2289,Mark 5:40
10633,2289,Mark 5:41
10634,2289,Mark 5:42
10635,2289,Mark 5:43
10636,2290,Mark 6:1
10637,2290,Mark 6:2
10638,2290,Mark 6:3
10639,2290,Mark 6:4
10640,2290,Mark 6:5
10641,2290,Mark 6:6
10642,2291,Mark 6:7
10643,2292,Mark 6:30
10644,2292,Mark 6:31
10645,2292,Mark 6:32
10646,2292,Mark 6:33
10647,2292,Mark 6:34
10648,2292,Mark 6:35
10649,2292,Mark 6:36
10650,2292,Mark 6:37
10651,2292,Mark 6:38
10652,2292,Mark 6:39
10653,2292,Mark 6:40
10654,2292,Mark 6:41
10655,2292,Mark 6:42
10656,2292,Mark 6:43
10657,2292,Mark 6:44
10658,2293,Mark 6:45
10659,2293,Mark 6:46
10660,2293,Mark 6:47
10661,2293,Mark 6:48
10662,2293,Mark 6:49
10663,2293,Mark 6:50
10664,2293,Mark 6:51
10665,2293,Mark 6:52
10666,2294,Mark 6:53
10667,2294,Mark 6:54
10668,2294,Mark 6:55
10669,2294,Mark 6:56
10670,2295,Mark 7:24
10671,2295,Mark 7:25
10672,2295,Mark 7:26
10673,2295,Mark 7:27
10674,2295,Mark 7:28
10675,2295,Mark 7:29
10676,2295,Mark 7:30
10677,2296,Mark 7:31
10678,2296,Mark 7:32
10679,2296,Mark 7:33
10680,2296,Mark 7:34
10681,2296,Mark 7:35
10682,2296,Mark 7:36
10683,2296,Mark 7:37
10684,2297,Mark 8:1
10685,2297,Mark 8:2
10686,2297,Mark 8:3
10687,2297,Mark 8:4
10688,2297,Mark 8:5
10689,2297,Mark 8:6
10690,2297,Mark 8:7
10691,2297,Mark 8:8
10692,2297,Mark 8:9
10693,2297,Mark 8:10
10694,2298,Mark 8:22
10695,2298,Mark 8:23
10696,2298,Mark 8:24
10697,2298,Mark 8:25
10698,2298,Mark 8:26
10699,2299,Mark 8:27
10700,2299,Mark 8:28
10701,2299,Mark 8:29
10702,2299,Mark 8:30
10703,2300,Mark 8:31
10704,2300,Mark 8:32
10705,2300,Mark 8:33
10706,2301,Mark 9:2
10707,2301,Mark 9:3
10708,2302,Mark 9:4
10709,2303,Mark 9:7
10710,2304,Mark 9:14
10711,2304,Mark 9:15
10712,2304,Mark 9:16
10713,2304,Mark 9:17
10714,2304,Mark 9:18
10715,2304,Mark 9:19
10716,2304,Mark 9:20
10717,2304,Mark 9:21
10718,2304,Mark 9:22
10719,2304,Mark 9:23
10720,2304,Mark 9:24
10721,2304,Mark 9:25
10722,2304,Mark 9:26
10723,2304,Mark 9:27
10724,2304,Mark 9:28
10725,2304,Mark 9:29
10726,2305,Mark 9:30
10727,2305,Mark 9:31
10728,2305,Mark 9:32
10729,2306,Mark 10:32
10730,2306,Mark 10:33
10731,2306,Mark 10:34
10732,2307,Mark 10:46
10733,2307,Mark 10:47
10734,2307,Mark 10:48
10735,2307,Mark 10:49
10736,2307,Mark 10:50
10737,2307,Mark 10:51
10738,2307,Mark 10:52
10739,2308,Mark 11:12
10740,2308,Mark 11:13
10741,2308,Mark 11:14
10742,2308,Mark 11:20
10743,2308,Mark 11:21
10744,2308,Mark 11:22
10745,2308,Mark 11:23
10746,2308,Mark 11:24
10747,2308,Mark 11:25
10748,2309,Mark 13:1
10749,2309,Mark 13:2
10750,2310,Mark 13:3
10751,2310,Mark 13:4
10752,2310,Mark 13:5
10753,2310,Mark 13:6
10754,2310,Mark 13:7
10755,2310,Mark 13:8
10756,2310,Mark 13:9
10757,2310,Mark 13:10
10758,2310,Mark 13:11
10759,2310,Mark 13:12
10760,2310,Mark 13:13
10761,2310,Mark 13:14
10762,2310,Mark 13:15
10763,2310,Mark 13:16
10764,2310,Mark 13:17
10765,2310,Mark 13:18
10766,2310,Mark 13:19
10767,2310,Mark 13:20
10768,2310,Mark 13:21
10769,2310,Mark 13:22
10770,2310,Mark 13:23
10771,2310,Mark 13:24
10772,2310,Mark 13:25
10773,2310,Mark 13:26
10774,2310,Mark 13:27
10775,2310,Mark 13:28
10776,2310,Mark 13:29
10777,2310,Mark 13:30
10778,2310,Mark 13:31
10779,2310,Mark 13:32
10780,2310,Mark 13:33
10781,2310,Mark 13:34
10782,2310,Mark 13:35
10783,2310,Mark 13:36
10784,2310,Mark 13:37
10785,2311,Mark 14:17
10786,2311,Mark 14:18
10787,2311,Mark 14:19
10788,2311,Mark 14:20
10789,2311,Mark 14:21
10790,2312,Mark 14:22
10791,2312,Mark 14:23
10792,2312,Mark 14:24
10793,2312,Mark 14:25
10794,2313,Mark 14:27
10795,2313,Mark 14:28
10796,2313,Mark 14:29
10797,2313,Mark 14:30
10798,2313,Mark 14:31
10799,2314,Mark 14:32
10800,2314,Mark 14:33
10801,2314,Mark 14:34
10802,2314,Mark 14:35
10803,2314,Mark 14:36
10804,2314,Mark 14:37
10805,2314,Mark 14:38
10806,2314,Mark 14:39
10807,2314,Mark 14:40
10808,2314,Mark 14:41
10809,2314,Mark 14:42
10810,2315,Mark 14:47
10811,2316,Mark 15:33
10812,2317,Mark 15:34
10813,2318,Mark 15:38
10814,2319,Mark 15:39
10815,2320,Mark 16:4
10816,2321,Mark 16:6
10817,2322,Mark 16:9
10818,2323,Mark 16:12
10819,2324,Mark 16:14
10820,2324,Mark 16:15
10821,2324,Mark 16:16
10822,2324,Mark 16:17
10823,2324,Mark 16:18
10824,2325,Mark 16:19
10825,2326,Mark 16:20
10826,2327,Luke 1:11
10827,2327,Luke 1:12
10828,2327,Luke 1:13
10829,2327,Luke 1:14
10830,2327,Luke 1:15
10831,2327,Luke 1:16
10832,2327,Luke 1:17
10833,2327,Luke 1:18
10834,2327,Luke 1:19
10835,2327,Luke 1:20
10836,2328,Luke 1:20
10837,2329,Luke 1:26
10838,2329,Luke 1:27
10839,2329,Luke 1:28
10840,2329,Luke 1:29
10841,2329,Luke 1:30
10842,2329,Luke 1:31
10843,2329,Luke 1:32
10844,2329,Luke 1:33
10845,2329,Luke 1:34
10846,2329,Luke 1:35
10847,2329,Luke 1:36
10848,2329,Luke 1:37
10849,2329,Luke 1:38
10850,2330,Luke 1:31
10851,2330,Luke 1:35
10852,2331,Luke 1:41
10853,2332,Luke 1:41
10854,2332,Luke 1:42
10855,2332,Luke 1:43
10856,2332,Luke 1:44
10857,2332,Luke 1:45
10858,2333,Luke 1:46
10859,2333,Luke 1:47
10860,2333,Luke 1:48
10861,2333,Luke 1:49
10862,2333,Luke 1:50
10863,2333,Luke 1:51
10864,2333,Luke 1:52
10865,2333,Luke 1:53
10866,2333,Luke 1:54
10867,2333,Luke 1:55
10868,2334,Luke 1:64
10869,2335,Luke 1:67
10870,2335,Luke 1:68
10871,2335,Luke 1:69
10872,2335,Luke 1:70
10873,2335,Luke 1:71
10874,2335,Luke 1:72
10875,2335,Luke 1:73
10876,2335,Luke 1:74
10877,2335,Luke 1:75
10878,2335,Luke 1:76
10879,2335,Luke 1:77
10880,2335,Luke 1:78
10881,2335,Luke 1:79
10882,2336,Luke 2:8
10883,2336,Luke 2:9
10884,2336,Luke 2:10
10885,2336,Luke 2:11
10886,2336,Luke 2:12
10887,2336,Luke 2:13
10888,2336,Luke 2:14
10889,2337,Luke 2:13
10890,2337,Luke 2:14
10891,2338,Luke 2:25
10892,2338,Luke 2:26
10893,2338,Luke 2:27
10894,2338,Luke 2:28
10895,2338,Luke 2:29
10896,2338,Luke 2:30
10897,2338,Luke 2:31
10898,2338,Luke 2:32
10899,2338,Luke 2:33
10900,2338,Luke 2:34
10901,2338,Luke 2:35
10902,2339,Luke 2:36
10903,2339,Luke 2:37
10904,2339,Luke 2:38
10905,2340,Luke 3:22
10906,2341,Luke 3:22
10907,2342,Luke 4:1
10908,2343,Luke 4:2
10909,2343,Luke 4:3
10910,2343,Luke 4:4
10911,2343,Luke 4:5
10912,2343,Luke 4:6
10913,2343,Luke 4:7
10914,2343,Luke 4:8
10915,2343,Luke 4:9
10916,2343,Luke 4:10
10917,2343,Luke 4:11
10918,2343,Luke 4:12
10919,2343,Luke 4:13
10920,2344,Luke 4:16
10921,2344,Luke 4:17
10922,2344,Luke 4:18
10923,2344,Luke 4:19
10924,2344,Luke 4:20
10925,2344,Luke 4:21
10926,2345,Luke 4:28
10927,2345,Luke 4:29
10928,2345,Luke 4:30
10929,2346,Luke 4:31
10930,2346,Luke 4:32
10931,2346,Luke 4:33
10932,2346,Luke 4:34
10933,2346,Luke 4:35
10934,2346,Luke 4:36
10935,2346,Luke 4:37
10936,2347,Luke 4:38
10937,2347,Luke 4:39
10938,2348,Luke 4:40
10939,2348,Luke 4:41
10940,2349,Luke 5:1
10941,2349,Luke 5:2
10942,2349,Luke 5:3
10943,2349,Luke 5:4
10944,2349,Luke 5:5
10945,2349,Luke 5:6
10946,2349,Luke 5:7
10947,2349,Luke 5:8
10948,2349,Luke 5:9
10949,2349,Luke 5:10
10950,2349,Luke 5:11
10951,2350,Luke 5:12
10952,2350,Luke 5:13
10953,2350,Luke 5:14
10954,2350,Luke 5:15
10955,2350,Luke 5:16
10956,2351,Luke 5:17
10957,2351,Luke 5:18
10958,2351,Luke 5:19
10959,2351,Luke 5:20
10960,2351,Luke 5:21
10961,2351,Luke 5:22
10962,2351,Luke 5:23
10963,2351,Luke 5:24
10964,2351,Luke 5:25
10965,2351,Luke 5:26
10966,2352,Luke 6:6
10967,2352,Luke 6:7
10968,2352,Luke 6:8
10969,2352,Luke 6:9
10970,2352,Luke 6:10
10971,2352,Luke 6:11
10972,2353,Luke 7:1
10973,2353,Luke 7:2
10974,2353,Luke 7:3
10975,2353,Luke 7:4
10976,2353,Luke 7:5
10977,2353,Luke 7:6
10978,2353,Luke 7:7
10979,2353,Luke 7:8
10980,2353,Luke 7:9
10981,2353,Luke 7:10
10982,2354,Luke 7:11
10983,2354,Luke 7:12
10984,2354,Luke 7:13
10985,2354,Luke 7:14
10986,2354,Luke 7:15
10987,2354,Luke 7:16
10988,2354,Luke 7:17
10989,2355,Luke 8:22
10990,2355,Luke 8:23
10991,2355,Luke 8:24
10992,2355,Luke 8:25
10993,2356,Luke 8:26
10994,2356,Luke 8:27
10995,2356,Luke 8:28
10996,2356,Luke 8:29
10997,2356,Luke 8:30
10998,2356,Luke 8:31
10999,2356,Luke 8:32
11000,2356,Luke 8:33
11001,2356,Luke 8:34
11002,2356,Luke 8:35
11003,2356,Luke 8:36
11004,2356,Luke 8:37
11005,2356,Luke 8:38
11006,2356,Luke 8:39
11007,2357,Luke 8:43
11008,2357,Luke 8:44
11009,2357,Luke 8:45
11010,2357,Luke 8:46
11011,2357,Luke 8:47
11012,2357,Luke 8:48
11013,2358,Luke 8:40
11014,2358,Luke 8:41
11015,2358,Luke 8:42
11016,2358,Luke 8:49
11017,2358,Luke 8:50
11018,2358,Luke 8:51
11019,2358,Luke 8:52
11020,2358,Luke 8:53
11021,2358,Luke 8:54
11022,2358,Luke 8:55
11023,2358,Luke 8:56
11024,2359,Luke 9:1
11025,2359,Luke 9:2
11026,2360,Luke 9:10
11027,2360,Luke 9:11
11028,2360,Luke 9:12
11029,2360,Luke 9:13
11030,2360,Luke 9:14
11031,2360,Luke 9:15
11032,2360,Luke 9:16
11033,2360,Luke 9:17
11034,2361,Luke 9:29
11035,2362,Luke 9:30
11036,2362,Luke 9:31
11037,2363,Luke 9:35
11038,2364,Luke 9:37
11039,2364,Luke 9:38
11040,2364,Luke 9:39
11041,2364,Luke 9:40
11042,2364,Luke 9:41
11043,2364,Luke 9:42
11044,2364,Luke 9:43
11045,2365,Luke 10:1
11046,2365,Luke 10:17
11047,2365,Luke 10:18
11048,2365,Luke 10:19
11049,2365,Luke 10:20
11050,2366,Luke 10:21
11051,2366,Luke 10:22
11052,2367,Luke 11:14
11053,2368,Luke 13:10
11054,2368,Luke 13:11
11055,2368,Luke 13:12
11056,2368,Luke 13:13
11057,2368,Luke 13:14
11058,2368,Luke 13:15
11059,2368,Luke 13:16
11060,2368,Luke 13:17
11061,2369,Luke 14:1
11062,2369,Luke 14:2
11063,2369,Luke 14:3
11064,2369,Luke 14:4
11065,2369,Luke 14:5
11066,2369,Luke 14:6
11067,2370,Luke 17:11
11068,2370,Luke 17:12
11069,2370,Luke 17:13
11070,2370,Luke 17:14
11071,2370,Luke 17:15
11072,2370,Luke 17:16
11073,2370,Luke 17:17
11074,2370,Luke 17:18
11075,2370,Luke 17:19
11076,2371,Luke 18:35
11077,2371,Luke 18:36
11078,2371,Luke 18:37
11079,2371,Luke 18:38
11080,2371,Luke 18:39
11081,2371,Luke 18:40
11082,2371,Luke 18:41
11083,2371,Luke 18:42
11084,2371,Luke 18:43
11085,2372,Luke 19:1
11086,2372,Luke 19:2
11087,2372,Luke 19:3
11088,2372,Luke 19:4
11089,2372,Luke 19:5
11090,2372,Luke 19:6
11091,2372,Luke 19:7
11092,2372,Luke 19:8
11093,2372,Luke 19:9
11094,2372,Luke 19:10
11095,2373,Luke 22:31
11096,2373,Luke 22:32
11097,2373,Luke 22:33
11098,2373,Luke 22:34
11099,2374,Luke 22:43
11100,2374,Luke 22:44
11101,2375,Luke 22:50
11102,2375,Luke 22:51
11103,2376,Luke 23:44
11104,2376,Luke 23:45
11105,2377,Luke 23:45
11106,2378,Luke 23:47
11107,2379,Luke 24:5
11108,2379,Luke 24:6
11109,2379,Luke 24:7
11110,2380,Luke 24:13
11111,2380,Luke 24:14
11112,2380,Luke 24:15
11113,2380,Luke 24:16
11114,2380,Luke 24:17
11115,2380,Luke 24:18
11116,2380,Luke 24:19
11117,2380,Luke 24:20
11118,2380,Luke 24:21
11119,2380,Luke 24:22
11120,2380,Luke 24:23
11121,2380,Luke 24:24
11122,2380,Luke 24:25
11123,2380,Luke 24:26
11124,2380,Luke 24:27
11125,2380,Luke 24:28
11126,2380,Luke 24:29
11127,2380,Luke 24:30
11128,2380,Luke 24:31
11129,2380,Luke 24:32
11130,2380,Luke 24:33
11131,2380,Luke 24:34
11132,2380,Luke 24:35
11133,2381,Luke 24:36
11134,2381,Luke 24:37
11135,2381,Luke 24:38
11136,2381,Luke 24:39
11137,2381,Luke 24:40
11138,2381,Luke 24:41
11139,2381,Luke 24:42
11140,2381,Luke 24:43
11141,2381,Luke 24:44
11142,2381,Luke 24:45
11143,2381,Luke 24:46
11144,2381,Luke 24:47
11145,2381,Luke 24:48
11146,2381,Luke 24:49
11147,2382,Luke 24:50
11148,2382,Luke 24:51
11149,2382,Luke 24:52
11150,2382,Luke 24:53
11151,2383,John 1:1
11152,2383,John 1:2
11153,2383,John 1:3
11154,2383,John 1:4
11155,2383,John 1:5
11156,2383,John 1:6
11157,2383,John 1:7
11158,2383,John 1:8
11159,2383,John 1:9
11160,2383,John 1:10
11161,2383,John 1:11
11162,2383,John 1:12
11163,2383,John 1:13
11164,2383,John 1:14
11165,2383,John 1:15
11166,2383,John 1:16
11167,2383,John 1:17
11168,2383,John 1:18
11169,2384,John 1:32
11170,2384,John 1:33
11171,2384,John 1:34
11172,2385,John 2:1
11173,2385,John 2:2
11174,2385,John 2:3
11175,2385,John 2:4
11176,2385,John 2:5
11177,2385,John 2:6
11178,2385,John 2:7
11179,2385,John 2:8
11180,2385,John 2:9
11181,2385,John 2:10
11182,2385,John 2:11
11183,2386,John 2:19
11184,2386,John 2:20
11185,2386,John 2:21
11186,2386,John 2:22
11187,2387,John 3:1
11188,2387,John 3:2
11189,2387,John 3:3
11190,2387,John 3:4
11191,2387,John 3:5
11192,2387,John 3:6
11193,2387,John 3:7
11194,2387,John 3:8
11195,2387,John 3:9
11196,2387,John 3:10
11197,2387,John 3:11
11198,2387,John 3:12
11199,2387,John 3:13
11200,2387,John 3:14
11201,2387,John 3:15
11202,2387,John 3:16
11203,2387,John 3:17
11204,2387,John 3:18
11205,2387,John 3:19
11206,2387,John 3:20
11207,2387,John 3:21
11208,2388,John 4:16
11209,2388,John 4:17
11210,2388,John 4:18
11211,2388,John 4:19
11212,2388,John 4:25
11213,2388,John 4:26
11214,2389,John 4:46
11215,2389,John 4:47
11216,2389,John 4:48
11217,2389,John 4:49
11218,2389,John 4:50
11219,2389,John 4:51
11220,2389,John 4:52
11221,2389,John 4:53
11222,2389,John 4:54
11223,2390,John 5:1
11224,2390,John 5:2
11225,2390,John 5:3
11226,2390,John 5:4
11227,2390,John 5:5
11228,2390,John 5:6
11229,2390,John 5:7
11230,2390,John 5:8
11231,2390,John 5:9
11232,2390,John 5:10
11233,2390,John 5:11
11234,2390,John 5:12
11235,2390,John 5:13
11236,2390,John 5:14
11237,2390,John 5:15
11238,2391,John 6:1
11239,2391,John 6:2
11240,2391,John 6:3
11241,2391,John 6:4
11242,2391,John 6:5
11243,2391,John 6:6
11244,2391,John 6:7
11245,2391,John 6:8
11246,2391,John 6:9
11247,2391,John 6:10
11248,2391,John 6:11
11249,2391,John 6:12
11250,2391,John 6:13
11251,2391,John 6:14
11252,2391,John 6:15
11253,2392,John 6:16
11254,2392,John 6:17
11255,2392,John 6:18
11256,2392,John 6:19
11257,2392,John 6:20
11258,2392,John 6:21
11259,2393,John 6:35
11260,2393,John 6:36
11261,2393,John 6:37
11262,2393,John 6:38
11263,2393,John 6:39
11264,2393,John 6:40
11265,2393,John 6:41
11266,2393,John 6:42
11267,2393,John 6:43
11268,2393,John 6:44
11269,2393,John 6:45
11270,2393,John 6:46
11271,2393,John 6:47
11272,2393,John 6:48
11273,2393,John 6:49
11274,2393,John 6:50
11275,2393,John 6:51
11276,2393,John 6:52
11277,2393,John 6:53
11278,2393,John 6:54
11279,2393,John 6:55
11280,2393,John 6:56
11281,2393,John 6:57
11282,2393,John 6:58
11283,2393,John 6:59
11284,2393,John 6:60
11285,2393,John 6:61
11286,2393,John 6:62
11287,2393,John 6:63
11288,2393,John 6:64
11289,2393,John 6:65
11290,2393,John 6:66
11291,2393,John 6:67
11292,2393,John 6:68
11293,2393,John 6:69
11294,2393,John 6:70
11295,2393,John 6:71
11296,2394,John 6:64
11297,2395,John 8:58
11298,2396,John 8:59
11299,2397,John 9:1
11300,2397,John 9:2
11301,2397,John 9:3
11302,2397,John 9:4
11303,2397,John 9:5
11304,2397,John 9:6
11305,2397,John 9:7
11306,2397,John 9:8
11307,2397,John 9:9
11308,2397,John 9:10
11309,2397,John 9:11
11310,2397,John 9:12
11311,2397,John 9:13
11312,2397,John 9:14
11313,2397,John 9:15
11314,2397,John 9:16
11315,2397,John 9:17
11316,2397,John 9:18
11317,2397,John 9:19
11318,2397,John 9:20
11319,2397,John 9:21
11320,2397,John 9:22
11321,2397,John 9:23
11322,2397,John 9:24
11323,2397,John 9:25
11324,2397,John 9:26
11325,2397,John 9:27
11326,2397,John 9:28
11327,2397,John 9:29
11328,2397,John 9:30
11329,2397,John 9:31
11330,2397,John 9:32
11331,2397,John 9:33
11332,2397,John 9:34
11333,2397,John 9:35
11334,2397,John 9:36
11335,2397,John 9:37
11336,2397,John 9:38
11337,2397,John 9:39
11338,2397,John 9:40
11339,2397,John 9:41
11340,2398,John 10:11
11341,2398,John 10:12
11342,2398,John 10:13
11343,2398,John 10:14
11344,2398,John 10:15
11345,2398,John 10:16
11346,2398,John 10:17
11347,2398,John 10:18
11348,2399,John 10:39
11349,2400,John 11:4
11350,2400,John 11:11
11351,2400,John 11:12
11352,2400,John 11:13
11353,2400,John 11:14
11354,2401,John 11:17
11355,2401,John 11:18
11356,2401,John 11:19
11357,2401,John 11:20
11358,2401,John 11:21
11359,2401,John 11:22
11360,2401,John 11:23
11361,2401,John 11:24
11362,2401,John 11:25
11363,2401,John 11:26
11364,2401,John 11:27
11365,2401,John 11:28
11366,2401,John 11:29
11367,2401,John 11:30
11368,2401,John 11:31
11369,2401,John 11:32
11370,2401,John 11:33
11371,2401,John 11:34
11372,2401,John 11:35
11373,2401,John 11:36
11374,2401,John 11:37
11375,2401,John 11:38
11376,2401,John 11:39
11377,2401,John 11:40
11378,2401,John 11:41
11379,2401,John 11:42
11380,2401,John 11:43
11381,2401,John 11:44
11382,2402,John 12:28
11383,2402,John 12:29
11384,2402,John 12:30
11385,2403,John 12:32
11386,2403,John 12:33
11387,2404,John 13:1
11388,2404,John 13:2
11389,2404,John 13:3
11390,2405,John 13:4
11391,2405,John 13:5
11392,2405,John 13:6
11393,2405,John 13:7
11394,2405,John 13:8
11395,2405,John 13:9
11396,2405,John 13:10
11397,2405,John 13:11
11398,2405,John 13:12
11399,2405,John 13:13
11400,2405,John 13:14
11401,2405,John 13:15
11402,2405,John 13:16
11403,2405,John 13:17
11404,2406,John 13:18
11405,2406,John 13:19
11406,2406,John 13:20
11407,2406,John 13:21
11408,2406,John 13:22
11409,2406,John 13:23
11410,2406,John 13:24
11411,2406,John 13:25
11412,2406,John 13:26
11413,2406,John 13:27
11414,2406,John 13:28
11415,2406,John 13:29
11416,2406,John 13:30
11417,2407,John 13:36
11418,2407,John 13:37
11419,2407,John 13:38
11420,2408,John 14:16
11421,2408,John 14:17
11422,2408,John 14:26
11423,2409,John 14:8
11424,2409,John 14:9
11425,2409,John 14:10
11426,2409,John 14:11
11427,2410,John 14:13
11428,2410,John 14:14
11429,2411,John 16:7
11430,2411,John 16:8
11431,2411,John 16:9
11432,2411,John 16:10
11433,2411,John 16:11
11434,2411,John 16:12
11435,2411,John 16:13
11436,2411,John 16:14
11437,2411,John 16:15
11438,2412,John 17:1
11439,2412,John 17:2
11440,2412,John 17:3
11441,2412,John 17:4
11442,2412,John 17:5
11443,2412,John 17:6
11444,2412,John 17:7
11445,2412,John 17:8
11446,2412,John 17:9
11447,2412,John 17:10
11448,2412,John 17:11
11449,2412,John 17:12
11450,2412,John 17:13
11451,2412,John 17:14
11452,2412,John 17:15
11453,2412,John 17:16
11454,2412,John 17:17
11455,2412,John 17:18
11456,2412,John 17:19
11457,2412,John 17:20
11458,2412,John 17:21
11459,2412,John 17:22
11460,2412,John 17:23
11461,2412,John 17:24
11462,2412,John 17:25
11463,2412,John 17:26
11464,2413,John 18:4
11465,2413,John 18:5
11466,2413,John 18:6
11467,2414,John 18:10
11468,2414,John 18:11
11469,2415,John 18:37
11470,2416,John 19:26
11471,2416,John 19:27
11472,2417,John 19:30
11473,2418,John 19:34
11474,2419,John 20:1
11475,2419,John 20:2
11476,2419,John 20:3
11477,2419,John 20:4
11478,2419,John 20:5
11479,2419,John 20:6
11480,2419,John 20:7
11481,2419,John 20:8
11482,2419,John 20:9
11483,2419,John 20:10
11484,2420,John 20:11
11485,2420,John 20:12
11486,2420,John 20:13
11487,2420,John 20:14
11488,2420,John 20:15
11489,2420,John 20:16
11490,2420,John 20:17
11491,2420,John 20:18
11492,2421,John 20:19
11493,2421,John 20:20
11494,2421,John 20:21
11495,2421,John 20:22
11496,2421,John 20:23
11497,2422,John 20:24
11498,2422,John 20:25
11499,2422,John 20:26
11500,2422,John 20:27
11501,2422,John 20:28
11502,2422,John 20:29
11503,2423,John 21:1
11504,2423,John 21:2
11505,2423,John 21:3
11506,2423,John 21:4
11507,2423,John 21:5
11508,2423,John 21:6
11509,2423,John 21:7
11510,2423,John 21:8
11511,2423,John 21:9
11512,2423,John 21:10
11513,2423,John 21:11
11514,2423,John 21:12
11515,2423,John 21:13
11516,2423,John 21:14
11517,2424,John 21:18
11518,2424,John 21:19
11519,2425,John 21:22
11520,2425,John 21:23
11521,2426,Acts 1:9
11522,2426,Acts 1:10
11523,2426,Acts 1:11
11524,2427,Acts 2:1
11525,2427,Acts 2:2
11526,2427,Acts 2:3
11527,2427,Acts 2:4
11528,2428,Acts 2:4
11529,2428,Acts 2:5
11530,2428,Acts 2:6
11531,2428,Acts 2:7
11532,2428,Acts 2:8
11533,2428,Acts 2:9
11534,2428,Acts 2:10
11535,2428,Acts 2:11
11536,2429,Acts 3:1
11537,2429,Acts 3:2
11538,2429,Acts 3:3
11539,2429,Acts 3:4
11540,2429,Acts 3:5
11541,2429,Acts 3:6
11542,2429,Acts 3:7
11543,2429,Acts 3:8
11544,2429,Acts 3:9
11545,2429,Acts 3:10
11546,2430,Acts 5:15
11547,2430,Acts 5:16
11548,2431,Acts 5:17
11549,2431,Acts 5:18
11550,2431,Acts 5:19
11551,2431,Acts 5:20
11552,2432,Acts 5:1
11553,2432,Acts 5:2
11554,2432,Acts 5:3
11555,2432,Acts 5:4
11556,2432,Acts 5:5
11557,2432,Acts 5:6
11558,2432,Acts 5:7
11559,2432,Acts 5:8
11560,2432,Acts 5:9
11561,2432,Acts 5:10
11562,2432,Acts 5:11
11563,2433,Acts 7:55
11564,2433,Acts 7:56
11565,2434,Acts 8:39
11566,2434,Acts 8:40
11567,2435,Acts 8:6
11568,2435,Acts 8:7
11569,2436,Acts 8:14
11570,2436,Acts 8:15
11571,2436,Acts 8:16
11572,2436,Acts 8:17
11573,2436,Acts 8:18
11574,2436,Acts 8:19
11575,2437,Acts 9:3
11576,2437,Acts 9:4
11577,2437,Acts 9:5
11578,2437,Acts 9:6
11579,2437,Acts 9:7
11580,2437,Acts 9:8
11581,2437,Acts 9:9
11582,2438,Acts 9:10
11583,2438,Acts 9:11
11584,2438,Acts 9:12
11585,2438,Acts 9:13
11586,2438,Acts 9:14
11587,2438,Acts 9:15
11588,2438,Acts 9:16
11589,2438,Acts 9:17
11590,2438,Acts 9:18
11591,2438,Acts 9:19
11592,2439,Acts 9:32
11593,2439,Acts 9:33
11594,2439,Acts 9:34
11595,2439,Acts 9:35
11596,2440,Acts 9:36
11597,2440,Acts 9:37
11598,2440,Acts 9:38
11599,2440,Acts 9:39
11600,2440,Acts 9:40
11601,2440,Acts 9:41
11602,2440,Acts 9:42
11603,2440,Acts 9:43
11604,2441,Acts 10:1
11605,2441,Acts 10:2
11606,2441,Acts 10:3
11607,2441,Acts 10:4
11608,2441,Acts 10:5
11609,2441,Acts 10:6
11610,2441,Acts 10:7
11611,2441,Acts 10:8
11612,2442,Acts 10:9
11613,2442,Acts 10:10
11614,2442,Acts 10:11
11615,2442,Acts 10:12
11616,2442,Acts 10:13
11617,2442,Acts 10:14
11618,2442,Acts 10:15
11619,2442,Acts 10:16
11620,2443,Acts 10:44
11621,2443,Acts 10:45
11622,2443,Acts 10:46
11623,2443,Acts 10:47
11624,2443,Acts 10:48
11625,2444,Acts 12:6
11626,2444,Acts 12:7
11627,2444,Acts 12:8
11628,2444,Acts 12:9
11629,2444,Acts 12:10
11630,2444,Acts 12:11
11631,2445,Acts 12:20
11632,2445,Acts 12:21
11633,2445,Acts 12:22
11634,2445,Acts 12:23
11635,2446,Acts 13:2
11636,2446,Acts 13:3
11637,2446,Acts 13:4
11638,2447,Acts 13:8
11639,2447,Acts 13:9
11640,2447,Acts 13:10
11641,2447,Acts 13:11
11642,2447,Acts 13:12
11643,2448,Acts 14:8
11644,2448,Acts 14:9
11645,2448,Acts 14:10
11646,2449,Acts 14:11
11647,2449,Acts 14:12
11648,2449,Acts 14:13
11649,2449,Acts 14:14
11650,2449,Acts 14:15
11651,2449,Acts 14:16
11652,2449,Acts 14:17
11653,2449,Acts 14:18
11654,2450,Acts 16:9
11655,2450,Acts 16:10
11656,2451,Acts 16:16
11657,2451,Acts 16:17
11658,2451,Acts 16:18
11659,2452,Acts 16:25
11660,2452,Acts 16:26
11661,2452,Acts 16:27
11662,2452,Acts 16:28
11663,2452,Acts 16:29
11664,2452,Acts 16:30
11665,2452,Acts 16:31
11666,2452,Acts 16:32
11667,2452,Acts 16:33
11668,2452,Acts 16:34
11669,2453,Acts 19:11
11670,2453,Acts 19:12
11671,2454,Acts 19:13
11672,2454,Acts 19:14
11673,2454,Acts 19:15
11674,2454,Acts 19:16
11675,2455,Acts 20:7
11676,2455,Acts 20:8
11677,2455,Acts 20:9
11678,2455,Acts 20:10
11679,2455,Acts 20:11
11680,2455,Acts 20:12
11681,2456,Acts 21:10
11682,2456,Acts 21:11
11683,2457,Acts 22:17
11684,2457,Acts 22:18
11685,2457,Acts 22:19
11686,2457,Acts 22:20
11687,2457,Acts 22:21
11688,2458,Acts 23:11
11689,2459,Acts 27:23
11690,2459,Acts 27:24
11691,2460,Acts 28:3
11692,2460,Acts 28:4
11693,2460,Acts 28:5
11694,2460,Acts 28:6
11695,2461,Acts 28:7
11696,2461,Acts 28:8
11697,2461,Acts 28:9
11698,2462,Romans 1:18
11699,2463,Romans 1:24
11700,2463,Romans 1:26
11701,2463,Romans 1:28
11702,2464,Romans 1:20
11703,2465,Romans 4:3
11704,2465,Romans 4:16
11705,2465,Romans 4:17
11706,2465,Romans 4:18
11707,2465,Romans 4:19
11708,2465,Romans 4:20
11709,2465,Romans 4:21
11710,2465,Romans 4:22
11711,2466,Romans 4:17
11712,2467,Romans 4:19
11713,2467,Romans 4:20
11714,2467,Romans 4:21
11715,2468,Romans 5:5
11716,2469,Romans 6:3
11717,2469,Romans 6:4
11718,2470,Romans 6:7
11719,2470,Romans 6:11
11720,2471,Romans 8:26
11721,2471,Romans 8:27
11722,2472,Romans 8:29
11723,2472,Romans 8:30
11724,2473,Romans 8:28
11725,2474,Romans 9:15
11726,2474,Romans 9:16
11727,2474,Romans 9:18
11728,2475,Romans 9:18
11729,2476,Romans 9:17
11730,2477,Romans 11:29
11731,2478,Romans 11:26
11732,2479,Romans 12:3
11733,2479,Romans 12:4
11734,2479,Romans 12:5
11735,2479,Romans 12:6
11736,2479,Romans 12:7
11737,2479,Romans 12:8
11738,2480,Romans 15:18
11739,2480,Romans 15:19
11740,2481,Romans 15:19
11741,2482,1 Corinthians 1:1
11742,2483,1 Corinthians 1:27
11743,2483,1 Corinthians 1:28
11744,2483,1 Corinthians 1:29
11745,2484,1 Corinthians 2:10
11746,2484,1 Corinthians 2:11
11747,2484,1 Corinthians 2:12
11748,2484,1 Corinthians 2:13
11749,2484,1 Corinthians 2:14
11750,2484,1 Corinthians 2:15
11751,2484,1 Corinthians 2:16
11752,2485,1 Corinthians 3:6
11753,2485,1 Corinthians 3:7
11754,2486,1 Corinthians 3:16
11755,2486,1 Corinthians 3:17
11756,2487,1 Corinthians 4:5
11757,2488,1 Corinthians 5:5
11758,2489,1 Corinthians 6:19
11759,2490,1 Corinthians 7:15
11760,2491,1 Corinthians 8:6
11761,2492,1 Corinthians 9:1
11762,2492,1 Corinthians 9:2
11763,2492,1 Corinthians 9:17
11764,2493,1 Corinthians 10:13
11765,2494,1 Corinthians 12:4
11766,2494,1 Corinthians 12:5
11767,2494,1 Corinthians 12:6
11768,2494,1 Corinthians 12:7
11769,2494,1 Corinthians 12:8
11770,2494,1 Corinthians 12:9
11771,2494,1 Corinthians 12:10
11772,2494,1 Corinthians 12:11
11773,2495,1 Corinthians 12:8
11774,2496,1 Corinthians 12:8
11775,2497,1 Corinthians 12:9
11776,2498,1 Corinthians 12:9
11777,2499,1 Corinthians 12:10
11778,2500,1 Corinthians 12:10
11779,2501,1 Corinthians 12:10
11780,2502,1 Corinthians 12:10
11781,2503,1 Corinthians 12:10
11782,2504,1 Corinthians 12:12
11783,2504,1 Corinthians 12:13
11784,2504,1 Corinthians 12:14
11785,2504,1 Corinthians 12:15
11786,2504,1 Corinthians 12:16
11787,2504,1 Corinthians 12:17
11788,2504,1 Corinthians 12:18
11789,2504,1 Corinthians 12:19
11790,2504,1 Corinthians 12:20
11791,2504,1 Corinthians 12:21
11792,2504,1 Corinthians 12:22
11793,2504,1 Corinthians 12:23
11794,2504,1 Corinthians 12:24
11795,2504,1 Corinthians 12:25
11796,2504,1 Corinthians 12:26
11797,2504,1 Corinthians 12:27
11798,2505,1 Corinthians 12:28
11799,2506,1 Corinthians 13:1
11800,2506,1 Corinthians 13:2
11801,2506,1 Corinthians 13:3
11802,2506,1 Corinthians 13:4
11803,2506,1 Corinthians 13:5
11804,2506,1 Corinthians 13:6
11805,2506,1 Corinthians 13:7
11806,2506,1 Corinthians 13:8
11807,2506,1 Corinthians 13:9
11808,2506,1 Corinthians 13:10
11809,2506,1 Corinthians 13:11
11810,2506,1 Corinthians 13:12
11811,2506,1 Corinthians 13:13
11812,2507,1 Corinthians 14:24
11813,2507,1 Corinthians 14:25
11814,2508,1 Corinthians 15:3
11815,2508,1 Corinthians 15:4
11816,2508,1 Corinthians 15:5
11817,2508,1 Corinthians 15:6
11818,2508,1 Corinthians 15:7
11819,2508,1 Corinthians 15:8
11820,2509,1 Corinthians 15:5
11821,2509,1 Corinthians 15:6
11822,2510,1 Corinthians 15:7
11823,2511,1 Corinthians 15:8
11824,2512,1 Corinthians 15:12
11825,2512,1 Corinthians 15:13
11826,2512,1 Corinthians 15:14
11827,2512,1 Corinthians 15:15
11828,2512,1 Corinthians 15:16
11829,2512,1 Corinthians 15:17
11830,2512,1 Corinthians 15:18
11831,2512,1 Corinthians 15:19
11832,2512,1 Corinthians 15:20
11833,2512,1 Corinthians 15:21
11834,2512,1 Corinthians 15:22
11835,2512,1 Corinthians 15:23
11836,2512,1 Corinthians 15:24
11837,2512,1 Corinthians 15:25
11838,2512,1 Corinthians 15:26
11839,2512,1 Corinthians 15:27
11840,2512,1 Corinthians 15:28
11841,2512,1 Corinthians 15:29
11842,2512,1 Corinthians 15:30
11843,2512,1 Corinthians 15:31
11844,2512,1 Corinthians 15:32
11845,2512,1 Corinthians 15:33
11846,2512,1 Corinthians 15:34
11847,2512,1 Corinthians 15:35
11848,2512,1 Corinthians 15:36
11849,2512,1 Corinthians 15:37
11850,2512,1 Corinthians 15:38
11851,2512,1 Corinthians 15:39
11852,2512,1 Corinthians 15:40
11853,2512,1 Corinthians 15:41
11854,2512,1 Corinthians 15:42
11855,2512,1 Corinthians 15:43
11856,2512,1 Corinthians 15:44
11857,2512,1 Corinthians 15:45
11858,2512,1 Corinthians 15:46
11859,2512,1 Corinthians 15:47
11860,2512,1 Corinthians 15:48
11861,2512,1 Corinthians 15:49
11862,2512,1 Corinthians 15:50
11863,2512,1 Corinthians 15:51
11864,2512,1 Corinthians 15:52
11865,2512,1 Corinthians 15:53
11866,2512,1 Corinthians 15:54
11867,2512,1 Corinthians 15:55
11868,2512,1 Corinthians 15:56
11869,2512,1 Corinthians 15:57
11870,2512,1 Corinthians 15:58
11871,2513,1 Corinthians 15:42
11872,2513,1 Corinthians 15:43
11873,2513,1 Corinthians 15:44
11874,2513,1 Corinthians 15:51
11875,2513,1 Corinthians 15:52
11876,2514,1 Corinthians 15:51
11877,2514,1 Corinthians 15:52
11878,2515,1 Corinthians 15:54
11879,2515,1 Corinthians 15:55
11880,2515,1 Corinthians 15:56
11881,2515,1 Corinthians 15:57
11882,2516,1 Corinthians 11:23
11883,2516,1 Corinthians 11:24
11884,2516,1 Corinthians 11:25
11885,2516,1 Corinthians 11:26
11886,2517,1 Corinthians 11:29
11887,2517,1 Corinthians 11:30
11888,2517,1 Corinthians 11:31
11889,2517,1 Corinthians 11:32
11890,2518,2 Corinthians 1:3
11891,2518,2 Corinthians 1:4
11892,2519,2 Corinthians 1:8
11893,2519,2 Corinthians 1:9
11894,2519,2 Corinthians 1:10
11895,2520,2 Corinthians 2:14
11896,2521,2 Corinthians 3:5
11897,2521,2 Corinthians 3:6
11898,2522,2 Corinthians 3:18
11899,2523,2 Corinthians 4:6
11900,2524,2 Corinthians 4:7
11901,2525,2 Corinthians 4:14
11902,2526,2 Corinthians 5:1
11903,2527,2 Corinthians 5:18
11904,2527,2 Corinthians 5:19
11905,2528,2 Corinthians 5:21
11906,2529,2 Corinthians 2:12
11907,2530,2 Corinthians 12:12
11908,2531,2 Corinthians 12:1
11909,2532,2 Corinthians 12:2
11910,2532,2 Corinthians 12:3
11911,2532,2 Corinthians 12:4
11912,2533,2 Corinthians 12:4
11913,2534,2 Corinthians 12:9
11914,2535,2 Corinthians 13:3
11915,2536,2 Corinthians 12:9
11916,2537,2 Corinthians 11:14
11917,2538,2 Corinthians 2:11
11918,2539,2 Corinthians 3:18
11919,2540,2 Corinthians 9:10
11920,2541,Galatians 1:4
11921,2542,Galatians 1:11
11922,2542,Galatians 1:12
11923,2543,Galatians 1:15
11924,2543,Galatians 1:16
11925,2544,Galatians 1:15
11926,2544,Galatians 1:16
11927,2545,Galatians 1:17
11928,2546,Galatians 2:2
11929,2547,Galatians 2:20
11930,2548,Galatians 3:1
11931,2549,Galatians 3:2
11932,2549,Galatians 3:14
11933,2550,Galatians 3:5
11934,2551,Galatians 3:5
11935,2552,Galatians 3:6
11936,2552,Galatians 3:7
11937,2552,Galatians 3:8
11938,2552,Galatians 3:9
11939,2553,Galatians 3:19
11940,2554,Galatians 3:16
11941,2554,Galatians 3:17
11942,2554,Galatians 3:18
11943,2555,Galatians 4:5
11944,2555,Galatians 4:6
11945,2556,Galatians 4:4
11946,2557,Galatians 4:6
11947,2558,Galatians 4:13
11948,2558,Galatians 4:14
11949,2559,Galatians 4:14
11950,2560,Galatians 4:21
11951,2560,Galatians 4:22
11952,2560,Galatians 4:23
11953,2560,Galatians 4:24
11954,2560,Galatians 4:25
11955,2560,Galatians 4:26
11956,2560,Galatians 4:27
11957,2560,Galatians 4:28
11958,2560,Galatians 4:29
11959,2560,Galatians 4:30
11960,2560,Galatians 4:31
11961,2561,Galatians 6:15
11962,2562,Ephesians 1:4
11963,2563,Ephesians 1:5
11964,2564,Ephesians 1:3
11965,2565,Ephesians 1:7
11966,2565,Ephesians 1:8
11967,2566,Ephesians 1:9
11968,2567,Ephesians 1:13
11969,2568,Ephesians 1:19
11970,2569,Ephesians 1:20
11971,2570,Ephesians 2:1
11972,2570,Ephesians 2:5
11973,2571,Ephesians 2:6
11974,2572,Ephesians 2:10
11975,2573,Ephesians 2:14
11976,2574,Ephesians 3:3
11977,2575,Ephesians 3:10
11978,2576,Ephesians 3:20
11979,2577,Ephesians 4:11
11980,2578,Ephesians 4:24
11981,2579,Ephesians 4:30
11982,2580,Ephesians 3:19
11983,2581,Ephesians 3:19
11984,2582,Ephesians 3:20
11985,2583,Ephesians 6:12
11986,2584,Ephesians 6:11
11987,2584,Ephesians 6:13
11988,2584,Ephesians 6:14
11989,2584,Ephesians 6:15
11990,2584,Ephesians 6:16
11991,2584,Ephesians 6:17
11992,2585,Philippians 1:6
11993,2586,Philippians 1:12
11994,2586,Philippians 1:13
11995,2586,Philippians 1:14
11996,2587,Philippians 1:13
11997,2587,Philippians 1:14
11998,2588,Philippians 2:6
11999,2588,Philippians 2:7
12000,2588,Philippians 2:8
12001,2588,Philippians 2:9
12002,2588,Philippians 2:10
12003,2588,Philippians 2:11
12004,2589,Philippians 2:13
12005,2590,Philippians 3:14
12006,2591,Philippians 3:20
12007,2591,Philippians 3:21
12008,2592,Philippians 4:19
12009,2593,Colossians 1:9
12010,2594,Colossians 1:13
12011,2595,Colossians 1:13
12012,2596,Colossians 1:14
12013,2597,Colossians 1:16
12014,2598,Colossians 1:17
12015,2599,Colossians 1:20
12016,2600,Colossians 1:22
12017,2601,Colossians 1:26
12018,2601,Colossians 1:27
12019,2602,Colossians 1:27
12020,2603,Colossians 1:29
12021,2604,Colossians 2:3
12022,2605,Colossians 2:11
12023,2606,Colossians 2:12
12024,2607,Colossians 2:13
12025,2608,Colossians 2:13
12026,2609,Colossians 2:14
12027,2610,Colossians 2:15
12028,2611,Colossians 2:15
12029,2612,Colossians 3:15
12030,2613,Colossians 3:16
12031,2614,Colossians 3:4
12032,2615,Colossians 3:4
12033,2616,Colossians 4:11
12034,2617,1 Thessalonians 1:4
12035,2618,1 Thessalonians 1:5
12036,2619,1 Thessalonians 1:6
12037,2620,1 Thessalonians 1:7
12038,2620,1 Thessalonians 1:8
12039,2621,1 Thessalonians 1:9
12040,2622,1 Thessalonians 4:2
12041,2623,1 Thessalonians 4:3
12042,2624,1 Thessalonians 4:7
12043,2625,1 Thessalonians 4:8
12044,2626,1 Thessalonians 4:15
12045,2626,1 Thessalonians 4:16
12046,2626,1 Thessalonians 4:17
12047,2627,1 Thessalonians 4:16
12048,2628,1 Thessalonians 4:16
12049,2629,1 Thessalonians 4:16
12050,2630,1 Thessalonians 4:16
12051,2631,1 Thessalonians 4:17
12052,2632,1 Thessalonians 5:2
12053,2633,1 Thessalonians 5:3
12054,2634,1 Thessalonians 5:9
12055,2635,1 Thessalonians 5:23
12056,2636,1 Thessalonians 5:23
12057,2637,1 Thessalonians 5:24
12058,2638,2 Thessalonians 1:1
12059,2638,2 Thessalonians 1:2
12060,2639,2 Thessalonians 1:5
12061,2639,2 Thessalonians 1:6
12062,2639,2 Thessalonians 1:7
12063,2639,2 Thessalonians 1:8
12064,2639,2 Thessalonians 1:9
12065,2639,2 Thessalonians 1:10
12066,2640,2 Thessalonians 1:7
12067,2640,2 Thessalonians 1:8
12068,2641,2 Thessalonians 1:10
12069,2642,2 Thessalonians 1:11
12070,2642,2 Thessalonians 1:12
12071,2643,2 Thessalonians 2:1
12072,2643,2 Thessalonians 2:2
12073,2643,2 Thessalonians 2:3
12074,2643,2 Thessalonians 2:4
12075,2644,2 Thessalonians 2:6
12076,2644,2 Thessalonians 2:7
12077,2645,2 Thessalonians 2:8
12078,2646,2 Thessalonians 2:9
12079,2647,2 Thessalonians 2:11
12080,2647,2 Thessalonians 2:12
12081,2648,2 Thessalonians 2:13
12082,2648,2 Thessalonians 2:14
12083,2649,2 Thessalonians 2:14
12084,2650,2 Thessalonians 2:16
12085,2650,2 Thessalonians 2:17
12086,2651,2 Thessalonians 3:1
12087,2652,2 Thessalonians 3:2
12088,2652,2 Thessalonians 3:3
12089,2653,2 Thessalonians 3:3
12090,2654,2 Thessalonians 3:5
12091,2655,2 Thessalonians 3:17
12092,2656,2 Thessalonians 3:18
12093,2657,1 Timothy 1:1
12094,2658,1 Timothy 1:15
12095,2659,1 Timothy 1:13
12096,2659,1 Timothy 1:14
12097,2659,1 Timothy 1:15
12098,2659,1 Timothy 1:16
12099,2660,1 Timothy 1:18
12100,2661,1 Timothy 2:4
12101,2662,1 Timothy 2:5
12102,2663,1 Timothy 2:6
12103,2664,1 Timothy 2:7
12104,2665,1 Timothy 3:16
12105,2666,1 Timothy 4:1
12106,2667,1 Timothy 4:14
12107,2668,1 Timothy 4:10
12108,2669,1 Timothy 6:14
12109,2670,1 Timothy 6:13
12110,2671,1 Timothy 6:15
12111,2671,1 Timothy 6:16
12112,2672,2 Timothy 1:1
12113,2673,2 Timothy 1:6
12114,2674,2 Timothy 1:7
12115,2675,2 Timothy 1:10
12116,2676,2 Timothy 1:12
12117,2677,2 Timothy 1:16
12118,2677,2 Timothy 1:17
12119,2677,2 Timothy 1:18
12120,2678,2 Timothy 2:9
12121,2679,2 Timothy 2:12
12122,2680,2 Timothy 2:19
12123,2681,2 Timothy 3:16
12124,2682,2 Timothy 3:15
12125,2683,2 Timothy 4:17
12126,2684,2 Timothy 4:17
12127,2685,2 Timothy 4:18
12128,2686,2 Timothy 4:18
12129,2687,Titus 2:11
12130,2688,Titus 3:5
12131,2689,Titus 3:6
12132,2690,Titus 1:2
12133,2691,Titus 1:3
12134,2692,Titus 2:13
12135,2693,Titus 2:14
12136,2694,Titus 3:5
12137,2695,Titus 3:7
12138,2696,Philemon 1:1
12139,2697,Philemon 1:3
12140,2698,Philemon 1:10
12141,2699,Philemon 1:10
12142,2700,Philemon 1:15
12143,2701,Philemon 1:21
12144,2702,Philemon 1:25
12145,2703,Hebrews 1:1
12146,2703,Hebrews 1:2
12147,2704,Hebrews 1:2
12148,2704,Hebrews 1:3
12149,2705,Hebrews 1:3
12150,2706,Hebrews 1:3
12151,2707,Hebrews 1:6
12152,2708,Hebrews 2:4
12153,2709,Hebrews 2:4
12154,2710,Hebrews 2:14
12155,2710,Hebrews 2:15
12156,2711,Hebrews 2:17
12157,2712,Hebrews 2:18
12158,2713,Hebrews 4:4
12159,2714,Hebrews 4:3
12160,2715,Hebrews 4:14
12161,2716,Hebrews 7:21
12162,2717,Hebrews 7:25
12163,2718,Hebrews 7:25
12164,2719,Hebrews 8:6
12165,2719,Hebrews 8:7
12166,2719,Hebrews 8:8
12167,2719,Hebrews 8:9
12168,2719,Hebrews 8:10
12169,2719,Hebrews 8:11
12170,2719,Hebrews 8:12
12171,2719,Hebrews 8:13
12172,2720,Hebrews 9:12
12173,2721,Hebrews 9:14
12174,2722,Hebrews 9:24
12175,2723,Hebrews 9:26
12176,2724,Hebrews 9:28
12177,2725,Hebrews 10:5
12178,2726,Hebrews 10:10
12179,2726,Hebrews 10:14
12180,2727,Hebrews 10:12
12181,2727,Hebrews 10:13
12182,2728,Hebrews 11:11
12183,2729,Hebrews 11:12
12184,2730,Hebrews 11:17
12185,2730,Hebrews 11:18
12186,2730,Hebrews 11:19
12187,2731,Hebrews 11:23
12188,2732,Hebrews 11:24
12189,2732,Hebrews 11:25
12190,2732,Hebrews 11:26
12191,2733,Hebrews 11:28
12192,2734,Hebrews 11:29
12193,2735,Hebrews 11:30
12194,2736,Hebrews 11:31
12195,2737,Hebrews 11:32
12196,2737,Hebrews 11:33
12197,2737,Hebrews 11:34
12198,2737,Hebrews 11:35
12199,2738,Hebrews 11:35
12200,2739,Hebrews 12:5
12201,2739,Hebrews 12:6
12202,2739,Hebrews 12:7
12203,2739,Hebrews 12:8
12204,2739,Hebrews 12:9
12205,2739,Hebrews 12:10
12206,2739,Hebrews 12:11
12207,2740,Hebrews 12:25
12208,2740,Hebrews 12:26
12209,2740,Hebrews 12:27
12210,2740,Hebrews 12:28
12211,2740,Hebrews 12:29
12212,2741,Hebrews 12:24
12213,2742,Hebrews 13:8
12214,2743,Hebrews 13:20
12215,2744,Hebrews 13:21
12216,2745,James 1:5
12217,2745,James 1:6
12218,2746,James 1:13
12219,2747,James 1:17
12220,2748,James 2:5
12221,2749,James 2:23
12222,2750,James 2:25
12223,2751,James 4:6
12224,2752,James 4:8
12225,2753,James 4:10
12226,2754,James 5:17
12227,2755,James 5:18
12228,2756,James 5:14
12229,2756,James 5:15
12230,2757,James 5:15
12231,2758,James 5:15
12232,2759,James 5:16
12233,2760,1 Peter 1:2
12234,2761,1 Peter 1:3
12235,2762,1 Peter 1:3
12236,2763,1 Peter 1:4
12237,2764,1 Peter 1:5
12238,2765,1 Peter 1:10
12239,2765,1 Peter 1:11
12240,2765,1 Peter 1:12
12241,2766,1 Peter 1:11
12242,2767,1 Peter 1:12
12243,2768,1 Peter 2:9
12244,2769,1 Peter 2:24
12245,2770,1 Peter 2:24
12246,2771,1 Peter 3:19
12247,2772,1 Peter 3:21
12248,2772,1 Peter 3:22
12249,2773,1 Peter 3:22
12250,2774,1 Peter 4:5
12251,2775,1 Peter 4:6
12252,2776,1 Peter 4:13
12253,2777,1 Peter 4:14
12254,2778,1 Peter 5:5
12255,2779,1 Peter 5:6
12256,2780,1 Peter 5:7
12257,2781,1 Peter 5:10
12258,2782,2 Peter 1:3
12259,2783,2 Peter 1:3
12260,2784,2 Peter 1:4
12261,2785,2 Peter 1:16
12262,2785,2 Peter 1:17
12263,2785,2 Peter 1:18
12264,2786,2 Peter 1:17
12265,2787,2 Peter 1:21
12266,2788,2 Peter 2:4
12267,2789,2 Peter 2:5
12268,2790,2 Peter 2:6
12269,2791,2 Peter 2:7
12270,2791,2 Peter 2:8
12271,2792,2 Peter 2:9
12272,2793,2 Peter 2:9
12273,2794,2 Peter 2:11
12274,2795,2 Peter 3:7
12275,2796,2 Peter 3:10
12276,2797,2 Peter 3:10
12277,2797,2 Peter 3:12
12278,2798,2 Peter 3:13
12279,2799,2 Peter 3:9
12280,2800,1 John 1:1
12281,2800,1 John 1:2
12282,2800,1 John 1:3
12283,2801,1 John 1:5
12284,2802,1 John 1:7
12285,2803,1 John 2:1
12286,2804,1 John 2:2
12287,2805,1 John 2:20
12288,2806,1 John 2:27
12289,2807,1 John 2:25
12290,2808,1 John 3:2
12291,2809,1 John 3:5
12292,2810,1 John 3:8
12293,2811,1 John 3:9
12294,2812,1 John 4:9
12295,2813,1 John 4:10
12296,2814,1 John 4:13
12297,2815,1 John 4:14
12298,2816,1 John 4:17
12299,2817,1 John 5:11
12300,2818,1 John 5:18
12301,2819,1 John 5:20
12302,2820,1 John 5:20
12303,2821,3 John 1:2
12304,2822,3 John 1:3
12305,2822,3 John 1:4
12306,2823,3 John 1:6
12307,2824,3 John 1:11
12308,2825,3 John 1:11
12309,2826,3 John 1:12
12310,2827,Jude 1:5
12311,2828,Jude 1:5
12312,2829,Jude 1:6
12313,2830,Jude 1:6
12314,2831,Jude 1:7
12315,2832,Jude 1:9
12316,2833,Jude 1:11
12317,2834,Jude 1:11
12318,2835,Jude 1:11
12319,2836,Jude 1:14
12320,2836,Jude 1:15
12321,2837,Jude 1:24
12322,2838,Jude 1:24
12323,2839,Revelation 1:1
12324,2840,Revelation 1:10
12325,2841,Revelation 1:10
12326,2842,Revelation 1:12
12327,2842,Revelation 1:13
12328,2842,Revelation 1:14
12329,2842,Revelation 1:15
12330,2842,Revelation 1:16
12331,2843,Revelation 1:13
12332,2843,Revelation 1:14
12333,2843,Revelation 1:15
12334,2843,Revelation 1:16
12335,2844,Revelation 1:17
12336,2845,Revelation 1:17
12337,2846,Revelation 2:1
12338,2846,Revelation 2:2
12339,2846,Revelation 2:3
12340,2846,Revelation 2:4
12341,2846,Revelation 2:5
12342,2846,Revelation 2:6
12343,2846,Revelation 2:7
12344,2846,Revelation 2:8
12345,2846,Revelation 2:9
12346,2846,Revelation 2:10
12347,2846,Revelation 2:11
12348,2846,Revelation 2:12
12349,2846,Revelation 2:13
12350,2846,Revelation 2:14
12351,2846,Revelation 2:15
12352,2846,Revelation 2:16
12353,2846,Revelation 2:17
12354,2846,Revelation 2:18
12355,2846,Revelation 2:19
12356,2846,Revelation 2:20
12357,2846,Revelation 2:21
12358,2846,Revelation 2:22
12359,2846,Revelation 2:23
12360,2846,Revelation 2:24
12361,2846,Revelation 2:25
12362,2846,Revelation 2:26
12363,2846,Revelation 2:27
12364,2846,Revelation 2:28
12365,2846,Revelation 2:29
12366,2846,Revelation 3:1
12367,2846,Revelation 3:2
12368,2846,Revelation 3:3
12369,2846,Revelation 3:4
12370,2846,Revelation 3:5
12371,2846,Revelation 3:6
12372,2846,Revelation 3:7
12373,2846,Revelation 3:8
12374,2846,Revelation 3:9
12375,2846,Revelation 3:10
12376,2846,Revelation 3:11
12377,2846,Revelation 3:12
12378,2846,Revelation 3:13
12379,2846,Revelation 3:14
12380,2846,Revelation 3:15
12381,2846,Revelation 3:16
12382,2846,Revelation 3:17
12383,2846,Revelation 3:18
12384,2846,Revelation 3:19
12385,2846,Revelation 3:20
12386,2846,Revelation 3:21
12387,2846,Revelation 3:22
12388,2847,Revelation 4:1
12389,2847,Revelation 4:2
12390,2848,Revelation 4:2
12391,2848,Revelation 4:3
12392,2848,Revelation 4:4
12393,2848,Revelation 4:5
12394,2848,Revelation 4:6
12395,2848,Revelation 4:7
12396,2848,Revelation 4:8
12397,2848,Revelation 4:9
12398,2848,Revelation 4:10
12399,2848,Revelation 4:11
12400,2849,Revelation 4:4
12401,2849,Revelation 4:10
12402,2849,Revelation 4:11
12403,2850,Revelation 4:6
12404,2850,Revelation 4:7
12405,2850,Revelation 4:8
12406,2850,Revelation 4:9
12407,2851,Revelation 5:1
12408,2851,Revelation 5:2
12409,2851,Revelation 5:3
12410,2851,Revelation 5:4
12411,2851,Revelation 5:5
12412,2851,Revelation 5:6
12413,2851,Revelation 5:7
12414,2852,Revelation 6:1
12415,2852,Revelation 6:2
12416,2852,Revelation 6:3
12417,2852,Revelation 6:4
12418,2852,Revelation 6:5
12419,2852,Revelation 6:6
12420,2852,Revelation 6:7
12421,2852,Revelation 6:8
12422,2852,Revelation 6:9
12423,2852,Revelation 6:10
12424,2852,Revelation 6:11
12425,2852,Revelation 6:12
12426,2852,Revelation 6:13
12427,2852,Revelation 6:14
12428,2852,Revelation 6:15
12429,2852,Revelation 6:16
12430,2852,Revelation 6:17
12431,2852,Revelation 7:1
12432,2852,Revelation 7:2
12433,2852,Revelation 7:3
12434,2852,Revelation 7:4
12435,2852,Revelation 7:5
12436,2852,Revelation 7:6
12437,2852,Revelation 7:7
12438,2852,Revelation 7:8
12439,2852,Revelation 7:9
12440,2852,Revelation 7:10
12441,2852,Revelation 7:11
12442,2852,Revelation 7:12
12443,2852,Revelation 7:13
12444,2852,Revelation 7:14
12445,2852,Revelation 7:15
12446,2852,Revelation 7:16
12447,2852,Revelation 7:17
12448,2852,Revelation 8:1
12449,2853,Revelation 6:1
12450,2853,Revelation 6:2
12451,2854,Revelation 6:3
12452,2854,Revelation 6:4
12453,2855,Revelation 6:5
12454,2855,Revelation 6:6
12455,2856,Revelation 6:7
12456,2856,Revelation 6:8
12457,2857,Revelation 6:9
12458,2857,Revelation 6:10
12459,2857,Revelation 6:11
12460,2858,Revelation 6:12
12461,2858,Revelation 6:13
12462,2858,Revelation 6:14
12463,2858,Revelation 6:15
12464,2858,Revelation 6:16
12465,2858,Revelation 6:17
12466,2859,Revelation 7:1
12467,2859,Revelation 7:2
12468,2859,Revelation 7:3
12469,2859,Revelation 7:4
12470,2859,Revelation 7:5
12471,2859,Revelation 7:6
12472,2859,Revelation 7:7
12473,2859,Revelation 7:8
12474,2860,Revelation 7:9
12475,2860,Revelation 7:10
12476,2860,Revelation 7:11
12477,2860,Revelation 7:12
12478,2860,Revelation 7:13
12479,2860,Revelation 7:14
12480,2860,Revelation 7:15
12481,2860,Revelation 7:16
12482,2860,Revelation 7:17
12483,2861,Revelation 8:1
12484,2862,Revelation 8:3
12485,2862,Revelation 8:4
12486,2863,Revelation 8:5
12487,2864,Revelation 8:6
12488,2865,Revelation 8:7
12489,2866,Revelation 8:8
12490,2866,Revelation 8:9
12491,2867,Revelation 8:10
12492,2867,Revelation 8:11
12493,2868,Revelation 8:12
12494,2869,Revelation 8:13
12495,2870,Revelation 9:1
12496,2870,Revelation 9:2
12497,2870,Revelation 9:3
12498,2870,Revelation 9:4
12499,2870,Revelation 9:5
12500,2870,Revelation 9:6
12501,2870,Revelation 9:7
12502,2870,Revelation 9:8
12503,2870,Revelation 9:9
12504,2870,Revelation 9:10
12505,2870,Revelation 9:11
12506,2870,Revelation 9:12
12507,2871,Revelation 9:13
12508,2871,Revelation 9:14
12509,2871,Revelation 9:15
12510,2871,Revelation 9:16
12511,2871,Revelation 9:17
12512,2871,Revelation 9:18
12513,2871,Revelation 9:19
12514,2871,Revelation 9:20
12515,2871,Revelation 9:21
12516,2872,Revelation 10:1
12517,2872,Revelation 10:2
12518,2872,Revelation 10:3
12519,2872,Revelation 10:4
12520,2873,Revelation 10:3
12521,2873,Revelation 10:4
12522,2874,Revelation 10:5
12523,2874,Revelation 10:6
12524,2875,Revelation 10:8
12525,2875,Revelation 10:9
12526,2875,Revelation 10:10
12527,2875,Revelation 10:11
12528,2876,Revelation 11:3
12529,2876,Revelation 11:4
12530,2876,Revelation 11:5
12531,2876,Revelation 11:6
12532,2876,Revelation 11:7
12533,2876,Revelation 11:8
12534,2876,Revelation 11:9
12535,2876,Revelation 11:10
12536,2876,Revelation 11:11
12537,2876,Revelation 11:12
12538,2877,Revelation 11:7
12539,2877,Revelation 11:8
12540,2877,Revelation 11:9
12541,2877,Revelation 11:10
12542,2877,Revelation 11:11
12543,2877,Revelation 11:12
12544,2878,Revelation 11:13
12545,2879,Revelation 11:15
12546,2879,Revelation 11:16
12547,2879,Revelation 11:17
12548,2879,Revelation 11:18
12549,2879,Revelation 11:19
12550,2880,Revelation 11:19
12551,2881,Revelation 12:1
12552,2881,Revelation 12:2
12553,2882,Revelation 12:3
12554,2882,Revelation 12:4
12555,2883,Revelation 12:7
12556,2883,Revelation 12:8
12557,2883,Revelation 12:9
12558,2884,Revelation 12:9
12559,2884,Revelation 12:10
12560,2884,Revelation 12:11
12561,2884,Revelation 12:12
12562,2885,Revelation 13:1
12563,2885,Revelation 13:2
12564,2885,Revelation 13:3
12565,2885,Revelation 13:4
12566,2885,Revelation 13:5
12567,2885,Revelation 13:6
12568,2885,Revelation 13:7
12569,2885,Revelation 13:8
12570,2885,Revelation 13:9
12571,2885,Revelation 13:10
12572,2886,Revelation 13:11
12573,2886,Revelation 13:12
12574,2886,Revelation 13:13
12575,2886,Revelation 13:14
12576,2886,Revelation 13:15
12577,2886,Revelation 13:16
12578,2886,Revelation 13:17
12579,2886,Revelation 13:18
12580,2887,Revelation 14:1
12581,2887,Revelation 14:2
12582,2887,Revelation 14:3
12583,2887,Revelation 14:4
12584,2887,Revelation 14:5
12585,2888,Revelation 14:6
12586,2888,Revelation 14:7
12587,2889,Revelation 14:8
12588,2889,Revelation 14:9
12589,2889,Revelation 14:10
12590,2889,Revelation 14:11
12591,2890,Revelation 14:13
12592,2891,Revelation 14:14
12593,2891,Revelation 14:15
12594,2891,Revelation 14:16
12595,2892,Revelation 14:17
12596,2892,Revelation 14:18
12597,2892,Revelation 14:19
12598,2892,Revelation 14:20
12599,2893,Revelation 15:1
12600,2893,Revelation 15:2
12601,2893,Revelation 15:3
12602,2893,Revelation 15:4
12603,2893,Revelation 15:5
12604,2893,Revelation 15:6
12605,2893,Revelation 15:7
12606,2893,Revelation 15:8
12607,2894,Revelation 16:1
12608,2894,Revelation 16:2
12609,2895,Revelation 16:3
12610,2896,Revelation 16:4
12611,2896,Revelation 16:5
12612,2896,Revelation 16:6
12613,2896,Revelation 16:7
12614,2897,Revelation 16:8
12615,2897,Revelation 16:9
12616,2898,Revelation 16:10
12617,2898,Revelation 16:11
12618,2899,Revelation 16:12
12619,2900,Revelation 16:13
12620,2900,Revelation 16:14
12621,2901,Revelation 16:17
12622,2901,Revelation 16:18
12623,2901,Revelation 16:19
12624,2901,Revelation 16:20
12625,2901,Revelation 16:21
12626,2902,Revelation 17:1
12627,2902,Revelation 17:2
12628,2902,Revelation 17:3
12629,2902,Revelation 17:4
12630,2902,Revelation 17:5
12631,2902,Revelation 17:6
12632,2902,Revelation 17:7
12633,2902,Revelation 17:8
12634,2902,Revelation 17:9
12635,2902,Revelation 17:10
12636,2902,Revelation 17:11
12637,2902,Revelation 17:12
12638,2902,Revelation 17:13
12639,2902,Revelation 17:14
12640,2902,Revelation 17:15
12641,2902,Revelation 17:16
12642,2902,Revelation 17:17
12643,2902,Revelation 17:18
12644,2903,Revelation 18:1
12645,2903,Revelation 18:2
12646,2903,Revelation 18:3
12647,2904,Revelation 18:4
12648,2904,Revelation 18:5
12649,2905,Revelation 18:8
12650,2905,Revelation 18:9
12651,2905,Revelation 18:10
12652,2905,Revelation 18:11
12653,2905,Revelation 18:12
12654,2905,Revelation 18:13
12655,2905,Revelation 18:14
12656,2905,Revelation 18:15
12657,2905,Revelation 18:16
12658,2905,Revelation 18:17
12659,2905,Revelation 18:18
12660,2905,Revelation 18:19
12661,2906,Revelation 18:21
12662,2907,Revelation 19:1
12663,2907,Revelation 19:2
12664,2907,Revelation 19:3
12665,2907,Revelation 19:4
12666,2907,Revelation 19:5
12667,2907,Revelation 19:6
12668,2907,Revelation 19:7
12669,2907,Revelation 19:8
12670,2907,Revelation 19:9
12671,2907,Revelation 19:10
12672,2908,Revelation 19:11
12673,2908,Revelation 19:12
12674,2908,Revelation 19:13
12675,2908,Revelation 19:14
12676,2908,Revelation 19:15
12677,2908,Revelation 19:16
12678,2909,Revelation 19:17
12679,2909,Revelation 19:18
12680,2910,Revelation 19:19
12681,2910,Revelation 19:20
12682,2910,Revelation 19:21
12683,2911,Revelation 20:1
12684,2911,Revelation 20:2
12685,2911,Revelation 20:3
12686,2912,Revelation 20:4
12687,2912,Revelation 20:5
12688,2912,Revelation 20:6
12689,2913,Revelation 20:7
12690,2913,Revelation 20:8
12691,2913,Revelation 20:9
12692,2914,Revelation 20:9
12693,2915,Revelation 20:10
12694,2916,Revelation 20:11
12695,2916,Revelation 20:12
12696,2916,Revelation 20:13
12697,2916,Revelation 20:14
12698,2916,Revelation 20:15
12699,2917,Revelation 20:12
12700,2917,Revelation 20:13
12701,2918,Revelation 21:1
12702,2919,Revelation 21:2
12703,2919,Revelation 21:3
12704,2919,Revelation 21:4
12705,2919,Revelation 21:5
12706,2919,Revelation 21:6
12707,2919,Revelation 21:7
12708,2919,Revelation 21:8
12709,2919,Revelation 21:9
12710,2919,Revelation 21:10
12711,2919,Revelation 21:11
12712,2919,Revelation 21:12
12713,2919,Revelation 21:13
12714,2919,Revelation 21:14
12715,2919,Revelation 21:15
12716,2919,Revelation 21:16
12717,2919,Revelation 21:17
12718,2919,Revelation 21:18
12719,2919,Revelation 21:19
12720,2919,Revelation 21:20
12721,2919,Revelation 21:21
12722,2919,Revelation 21:22
12723,2919,Revelation 21:23
12724,2919,Revelation 21:24
12725,2919,Revelation 21:25
12726,2919,Revelation 21:26
12727,2919,Revelation 21:27
12728,2920,Revelation 21:3
12729,2920,Revelation 21:4
12730,2920,Revelation 21:5
12731,2921,Revelation 22:1
12732,2922,Revelation 22:2
12733,2923,Revelation 22:3
12734,2923,Revelation 22:4
12735,2923,Revelation 22:5
12736,2924,Revelation 22:6
12737,2924,Revelation 22:7
12738,2924,Revelation 22:8
12739,2924,Revelation 22:9
12740,2925,Revelation 22:7
12741,2925,Revelation 22:12
12742,2925,Revelation 22:20
12743,2926,Revelation 22:17
